session_date,daily_pnl_usd,daily_gross_pnl_usd,daily_fees_usd,daily_trade_count,daily_loss_count,daily_stop_breached,trading_halted,equity,peak_equity,drawdown_usd,green_day,weekday
2024-01-02,0.0,0.0,0.0,0.0,0.0,False,False,50000.0,50000.0,0.0,False,Tuesday
2024-01-03,-27.45833333333394,-24.95833333333394,2.5,1.0,1.0,False,False,49972.541666666664,50000.0,-27.45833333333576,False,Wednesday
2024-01-04,-10.0,-7.5,2.5,1.0,1.0,False,False,49962.541666666664,50000.0,-37.45833333333576,False,Thursday
2024-01-05,0.0,0.0,0.0,0.0,0.0,False,False,49962.541666666664,50000.0,-37.45833333333576,False,Friday
2024-01-08,49.69140624999454,54.69140624999454,5.0,2.0,0.0,False,False,50012.23307291666,50012.23307291666,0.0,True,Monday
2024-01-09,49.91406250000182,54.91406250000182,5.0,2.0,0.0,False,False,50062.147135416664,50062.147135416664,0.0,True,Tuesday
2024-01-10,-51.42968749999909,-46.42968749999909,5.0,2.0,2.0,False,False,50010.717447916664,50062.147135416664,-51.4296875,False,Wednesday
2024-01-11,0.0,0.0,0.0,0.0,0.0,False,False,50010.717447916664,50062.147135416664,-51.4296875,False,Thursday
2024-01-12,-23.86979166666606,-21.36979166666606,2.5,1.0,1.0,False,False,49986.84765625,50062.147135416664,-75.29947916666424,False,Friday
2024-01-15,-15.341145833331211,-12.841145833331211,2.5,1.0,1.0,False,False,49971.506510416664,50062.147135416664,-90.640625,False,Monday
2024-01-16,-37.56249999999909,-35.06249999999909,2.5,1.0,1.0,False,False,49933.944010416664,50062.147135416664,-128.203125,False,Tuesday
2024-01-17,0.0,0.0,0.0,0.0,0.0,False,False,49933.944010416664,50062.147135416664,-128.203125,False,Wednesday
2024-01-18,0.0,0.0,0.0,0.0,0.0,False,False,49933.944010416664,50062.147135416664,-128.203125,False,Thursday
2024-01-19,95.24999999999636,102.74999999999636,7.5,3.0,0.0,False,False,50029.194010416664,50062.147135416664,-32.953125,True,Friday
2024-01-22,0.0,0.0,0.0,0.0,0.0,False,False,50029.194010416664,50062.147135416664,-32.953125,False,Monday
2024-01-23,0.0,0.0,0.0,0.0,0.0,False,False,50029.194010416664,50062.147135416664,-32.953125,False,Tuesday
2024-01-24,-7.213541666665151,-2.213541666665151,5.0,2.0,1.0,False,False,50021.98046875,50062.147135416664,-40.16666666666424,False,Wednesday
2024-01-25,0.0,0.0,0.0,0.0,0.0,False,False,50021.98046875,50062.147135416664,-40.16666666666424,False,Thursday
2024-01-26,0.0,0.0,0.0,0.0,0.0,False,False,50021.98046875,50062.147135416664,-40.16666666666424,False,Friday
2024-01-29,0.0,0.0,0.0,0.0,0.0,False,False,50021.98046875,50062.147135416664,-40.16666666666424,False,Monday
2024-01-30,0.0,0.0,0.0,0.0,0.0,False,False,50021.98046875,50062.147135416664,-40.16666666666424,False,Tuesday
2024-01-31,0.0,0.0,0.0,0.0,0.0,False,False,50021.98046875,50062.147135416664,-40.16666666666424,False,Wednesday
2024-02-01,-37.79166666666697,-35.29166666666697,2.5,1.0,1.0,False,False,49984.18880208333,50062.147135416664,-77.95833333333576,False,Thursday
2024-02-02,66.25,68.75,2.5,1.0,0.0,False,False,50050.43880208333,50062.147135416664,-11.708333333335759,True,Friday
2024-02-05,-36.18489583333485,-33.68489583333485,2.5,1.0,1.0,False,False,50014.25390625,50062.147135416664,-47.89322916666424,False,Monday
2024-02-06,0.0,0.0,0.0,0.0,0.0,False,False,50014.25390625,50062.147135416664,-47.89322916666424,False,Tuesday
2024-02-07,0.0,0.0,0.0,0.0,0.0,False,False,50014.25390625,50062.147135416664,-47.89322916666424,False,Wednesday
2024-02-08,0.0,0.0,0.0,0.0,0.0,False,False,50014.25390625,50062.147135416664,-47.89322916666424,False,Thursday
2024-02-09,-12.820312499998181,-7.820312499998181,5.0,2.0,1.0,False,False,50001.43359375,50062.147135416664,-60.71354166666424,False,Friday
2024-02-12,-17.50520833333212,-15.00520833333212,2.5,1.0,1.0,False,False,49983.928385416664,50062.147135416664,-78.21875,False,Monday
2024-02-13,-36.61718750000091,-34.11718750000091,2.5,1.0,1.0,False,False,49947.311197916664,50062.147135416664,-114.8359375,False,Tuesday
2024-02-14,-21.1002604166697,-16.1002604166697,5.0,2.0,1.0,False,False,49926.21093749999,50062.147135416664,-135.93619791667152,False,Wednesday
2024-02-15,0.0,0.0,0.0,0.0,0.0,False,False,49926.21093749999,50062.147135416664,-135.93619791667152,False,Thursday
2024-02-16,-20.0,-17.5,2.5,1.0,1.0,False,False,49906.21093749999,50062.147135416664,-155.93619791667152,False,Friday
2024-02-19,-3.75,-1.25,2.5,1.0,1.0,False,False,49902.46093749999,50062.147135416664,-159.68619791667152,False,Monday
2024-02-20,0.0,0.0,0.0,0.0,0.0,False,False,49902.46093749999,50062.147135416664,-159.68619791667152,False,Tuesday
2024-02-21,-65.74479166666606,-60.74479166666606,5.0,2.0,2.0,False,False,49836.71614583333,50062.147135416664,-225.43098958333576,False,Wednesday
2024-02-22,60.04296874999909,65.04296874999909,5.0,2.0,0.0,False,False,49896.75911458333,50062.147135416664,-165.38802083333576,True,Thursday
2024-02-23,0.0,0.0,0.0,0.0,0.0,False,False,49896.75911458333,50062.147135416664,-165.38802083333576,False,Friday
2024-02-26,0.0,0.0,0.0,0.0,0.0,False,False,49896.75911458333,50062.147135416664,-165.38802083333576,False,Monday
2024-02-27,-28.10937499999909,-25.60937499999909,2.5,1.0,1.0,False,False,49868.64973958333,50062.147135416664,-193.49739583333576,False,Tuesday
2024-02-28,-22.99218749999909,-20.49218749999909,2.5,1.0,1.0,False,False,49845.65755208333,50062.147135416664,-216.48958333333576,False,Wednesday
2024-02-29,-7.5,-5.0,2.5,1.0,1.0,False,False,49838.15755208333,50062.147135416664,-223.98958333333576,False,Thursday
2024-03-01,-0.19010416666333185,4.809895833336668,5.0,2.0,1.0,False,False,49837.967447916664,50062.147135416664,-224.1796875,False,Friday
2024-03-04,0.0,0.0,0.0,0.0,0.0,False,False,49837.967447916664,50062.147135416664,-224.1796875,False,Monday
2024-03-05,-73.47135416666788,-68.47135416666788,5.0,2.0,2.0,False,False,49764.49609375,50062.147135416664,-297.65104166666424,False,Tuesday
2024-03-06,28.75,33.75,5.0,2.0,1.0,False,False,49793.24609375,50062.147135416664,-268.90104166666424,True,Wednesday
2024-03-07,-27.25520833333121,-19.75520833333121,7.5,3.0,2.0,False,False,49765.99088541667,50062.147135416664,-296.1562499999927,False,Thursday
2024-03-08,0.0,0.0,0.0,0.0,0.0,False,False,49765.99088541667,50062.147135416664,-296.1562499999927,False,Friday
2024-03-11,0.0,0.0,0.0,0.0,0.0,False,False,49765.99088541667,50062.147135416664,-296.1562499999927,False,Monday
2024-03-12,19.75390624999818,24.75390624999818,5.0,2.0,1.0,False,False,49785.744791666664,50062.147135416664,-276.40234375,True,Tuesday
2024-03-13,5.0,7.5,2.5,1.0,0.0,False,False,49790.744791666664,50062.147135416664,-271.40234375,True,Wednesday
2024-03-14,0.0,0.0,0.0,0.0,0.0,False,False,49790.744791666664,50062.147135416664,-271.40234375,False,Thursday
2024-03-18,11.25,13.75,2.5,1.0,0.0,False,False,49801.994791666664,50062.147135416664,-260.15234375,True,Monday
2024-03-19,30.77734375000091,35.77734375000091,5.0,2.0,0.0,False,False,49832.772135416664,50062.147135416664,-229.375,True,Tuesday
2024-03-20,0.0,0.0,0.0,0.0,0.0,False,False,49832.772135416664,50062.147135416664,-229.375,False,Wednesday
2024-03-21,-42.78906250000091,-40.28906250000091,2.5,1.0,1.0,False,False,49789.983072916664,50062.147135416664,-272.1640625,False,Thursday
2024-03-22,-21.84635416666879,-16.84635416666879,5.0,2.0,1.0,False,False,49768.13671875,50062.147135416664,-294.01041666666424,False,Friday
2024-03-25,0.0,0.0,0.0,0.0,0.0,False,False,49768.13671875,50062.147135416664,-294.01041666666424,False,Monday
2024-03-26,-11.25,-8.75,2.5,1.0,1.0,False,False,49756.88671875,50062.147135416664,-305.26041666666424,False,Tuesday
2024-03-27,0.0,0.0,0.0,0.0,0.0,False,False,49756.88671875,50062.147135416664,-305.26041666666424,False,Wednesday
2024-03-28,0.0,0.0,0.0,0.0,0.0,False,False,49756.88671875,50062.147135416664,-305.26041666666424,False,Thursday
2024-04-01,0.0,0.0,0.0,0.0,0.0,False,False,49756.88671875,50062.147135416664,-305.26041666666424,False,Monday
2024-04-02,23.21093749999818,25.71093749999818,2.5,1.0,0.0,False,False,49780.09765624999,50062.147135416664,-282.0494791666715,True,Tuesday
2024-04-03,-22.5,-20.0,2.5,1.0,1.0,False,False,49757.59765624999,50062.147135416664,-304.5494791666715,False,Wednesday
2024-04-04,0.0,0.0,0.0,0.0,0.0,False,False,49757.59765624999,50062.147135416664,-304.5494791666715,False,Thursday
2024-04-05,0.0,0.0,0.0,0.0,0.0,False,False,49757.59765624999,50062.147135416664,-304.5494791666715,False,Friday
2024-04-08,-25.6640625,-23.1640625,2.5,1.0,1.0,False,False,49731.93359374999,50062.147135416664,-330.2135416666715,False,Monday
2024-04-09,0.0,0.0,0.0,0.0,0.0,False,False,49731.93359374999,50062.147135416664,-330.2135416666715,False,Tuesday
2024-04-10,-7.5,-5.0,2.5,1.0,1.0,False,False,49724.43359374999,50062.147135416664,-337.7135416666715,False,Wednesday
2024-04-11,-28.60677083333485,-26.10677083333485,2.5,1.0,1.0,False,False,49695.82682291666,50062.147135416664,-366.3203125000073,False,Thursday
2024-04-12,52.35937499999636,54.85937499999636,2.5,1.0,0.0,False,False,49748.18619791666,50062.147135416664,-313.9609375000073,True,Friday
2024-04-15,0.0,0.0,0.0,0.0,0.0,False,False,49748.18619791666,50062.147135416664,-313.9609375000073,False,Monday
2024-04-16,-49.51041666666697,-47.01041666666697,2.5,1.0,1.0,False,False,49698.67578124999,50062.147135416664,-363.4713541666715,False,Tuesday
2024-04-17,26.25,28.75,2.5,1.0,0.0,False,False,49724.92578124999,50062.147135416664,-337.2213541666715,True,Wednesday
2024-04-18,-45.9375,-43.4375,2.5,1.0,1.0,False,False,49678.98828124999,50062.147135416664,-383.1588541666715,False,Thursday
2024-04-19,0.0,0.0,0.0,0.0,0.0,False,False,49678.98828124999,50062.147135416664,-383.1588541666715,False,Friday
2024-04-22,0.0,0.0,0.0,0.0,0.0,False,False,49678.98828124999,50062.147135416664,-383.1588541666715,False,Monday
2024-04-23,-34.57291666666606,-32.07291666666606,2.5,1.0,1.0,False,False,49644.41536458332,50062.147135416664,-417.73177083334303,False,Tuesday
2024-04-24,-48.99479166666879,-46.49479166666879,2.5,1.0,1.0,False,False,49595.42057291666,50062.147135416664,-466.7265625000073,False,Wednesday
2024-04-25,0.0,0.0,0.0,0.0,0.0,False,False,49595.42057291666,50062.147135416664,-466.7265625000073,False,Thursday
2024-04-26,-44.77083333333212,-42.27083333333212,2.5,1.0,1.0,False,False,49550.64973958332,50062.147135416664,-511.49739583334303,False,Friday
2024-04-29,0.0,0.0,0.0,0.0,0.0,False,False,49550.64973958332,50062.147135416664,-511.49739583334303,False,Monday
2024-04-30,0.0,0.0,0.0,0.0,0.0,False,False,49550.64973958332,50062.147135416664,-511.49739583334303,False,Tuesday
2024-05-01,0.0,0.0,0.0,0.0,0.0,False,False,49550.64973958332,50062.147135416664,-511.49739583334303,False,Wednesday
2024-05-02,44.14843749999818,46.64843749999818,2.5,1.0,0.0,False,False,49594.79817708332,50062.147135416664,-467.34895833334303,True,Thursday
2024-05-03,-10.0,-7.5,2.5,1.0,1.0,False,False,49584.79817708332,50062.147135416664,-477.34895833334303,False,Friday
2024-05-06,-33.37500000000091,-30.87500000000091,2.5,1.0,1.0,False,False,49551.42317708332,50062.147135416664,-510.72395833334303,False,Monday
2024-05-07,-24.23177083333485,-21.73177083333485,2.5,1.0,1.0,False,False,49527.191406249985,50062.147135416664,-534.9557291666788,False,Tuesday
2024-05-08,0.0,0.0,0.0,0.0,0.0,False,False,49527.191406249985,50062.147135416664,-534.9557291666788,False,Wednesday
2024-05-09,-23.05208333333212,-20.55208333333212,2.5,1.0,1.0,False,False,49504.13932291666,50062.147135416664,-558.0078125000073,False,Thursday
2024-05-10,-6.25,-3.75,2.5,1.0,1.0,False,False,49497.88932291666,50062.147135416664,-564.2578125000073,False,Friday
2024-05-13,0.0,0.0,0.0,0.0,0.0,False,False,49497.88932291666,50062.147135416664,-564.2578125000073,False,Monday
2024-05-14,23.95703124999727,28.95703124999727,5.0,2.0,1.0,False,False,49521.84635416665,50062.147135416664,-540.3007812500146,True,Tuesday
2024-05-15,0.0,0.0,0.0,0.0,0.0,False,False,49521.84635416665,50062.147135416664,-540.3007812500146,False,Wednesday
2024-05-16,0.0,2.5,2.5,1.0,0.0,False,False,49521.84635416665,50062.147135416664,-540.3007812500146,False,Thursday
2024-05-17,-50.13020833333485,-45.13020833333485,5.0,2.0,2.0,False,False,49471.716145833314,50062.147135416664,-590.4309895833503,False,Friday
2024-05-20,0.0,0.0,0.0,0.0,0.0,False,False,49471.716145833314,50062.147135416664,-590.4309895833503,False,Monday
2024-05-21,-25.32031249999818,-22.82031249999818,2.5,1.0,1.0,False,False,49446.395833333314,50062.147135416664,-615.7513020833503,False,Tuesday
2024-05-22,0.0,0.0,0.0,0.0,0.0,False,False,49446.395833333314,50062.147135416664,-615.7513020833503,False,Wednesday
2024-05-23,47.92187500000182,50.42187500000182,2.5,1.0,0.0,False,False,49494.31770833332,50062.147135416664,-567.829427083343,True,Thursday
2024-05-24,-26.77343750000091,-24.27343750000091,2.5,1.0,1.0,False,False,49467.54427083332,50062.147135416664,-594.602864583343,False,Friday
2024-05-27,3.75,6.25,2.5,1.0,0.0,False,False,49471.29427083332,50062.147135416664,-590.852864583343,True,Monday
2024-05-28,0.0,0.0,0.0,0.0,0.0,False,False,49471.29427083332,50062.147135416664,-590.852864583343,False,Tuesday
2024-05-29,0.0,0.0,0.0,0.0,0.0,False,False,49471.29427083332,50062.147135416664,-590.852864583343,False,Wednesday
2024-05-30,0.0,0.0,0.0,0.0,0.0,False,False,49471.29427083332,50062.147135416664,-590.852864583343,False,Thursday
2024-05-31,0.0,0.0,0.0,0.0,0.0,False,False,49471.29427083332,50062.147135416664,-590.852864583343,False,Friday
2024-06-03,-43.71354166666606,-41.21354166666606,2.5,1.0,1.0,False,False,49427.58072916665,50062.147135416664,-634.5664062500146,False,Monday
2024-06-04,0.0,0.0,0.0,0.0,0.0,False,False,49427.58072916665,50062.147135416664,-634.5664062500146,False,Tuesday
2024-06-05,22.5,27.5,5.0,2.0,0.0,False,False,49450.08072916665,50062.147135416664,-612.0664062500146,True,Wednesday
2024-06-06,0.0,0.0,0.0,0.0,0.0,False,False,49450.08072916665,50062.147135416664,-612.0664062500146,False,Thursday
2024-06-07,0.0,0.0,0.0,0.0,0.0,False,False,49450.08072916665,50062.147135416664,-612.0664062500146,False,Friday
2024-06-10,7.667968749992724,12.667968749992724,5.0,2.0,1.0,False,False,49457.74869791664,50062.147135416664,-604.3984375000218,True,Monday
2024-06-11,0.0,0.0,0.0,0.0,0.0,False,False,49457.74869791664,50062.147135416664,-604.3984375000218,False,Tuesday
2024-06-12,0.0,0.0,0.0,0.0,0.0,False,False,49457.74869791664,50062.147135416664,-604.3984375000218,False,Wednesday
2024-06-13,0.0,0.0,0.0,0.0,0.0,False,False,49457.74869791664,50062.147135416664,-604.3984375000218,False,Thursday
2024-06-14,0.0,0.0,0.0,0.0,0.0,False,False,49457.74869791664,50062.147135416664,-604.3984375000218,False,Friday
2024-06-17,59.32031250000364,61.82031250000364,2.5,1.0,0.0,False,False,49517.06901041665,50062.147135416664,-545.0781250000146,True,Monday
2024-06-18,0.0,0.0,0.0,0.0,0.0,False,False,49517.06901041665,50062.147135416664,-545.0781250000146,False,Tuesday
2024-06-19,0.0,0.0,0.0,0.0,0.0,False,False,49517.06901041665,50062.147135416664,-545.0781250000146,False,Wednesday
2024-06-20,24.9609375,27.4609375,2.5,1.0,0.0,False,False,49542.02994791665,50062.147135416664,-520.1171875000146,True,Thursday
2024-06-24,-87.77864583333667,-80.27864583333667,7.5,3.0,3.0,False,False,49454.251302083314,50062.147135416664,-607.8958333333503,False,Monday
2024-06-25,0.0,0.0,0.0,0.0,0.0,False,False,49454.251302083314,50062.147135416664,-607.8958333333503,False,Tuesday
2024-06-26,0.0,0.0,0.0,0.0,0.0,False,False,49454.251302083314,50062.147135416664,-607.8958333333503,False,Wednesday
2024-06-27,0.0,0.0,0.0,0.0,0.0,False,False,49454.251302083314,50062.147135416664,-607.8958333333503,False,Thursday
2024-06-28,0.0,0.0,0.0,0.0,0.0,False,False,49454.251302083314,50062.147135416664,-607.8958333333503,False,Friday
2024-07-01,0.0,0.0,0.0,0.0,0.0,False,False,49454.251302083314,50062.147135416664,-607.8958333333503,False,Monday
2024-07-02,-31.29687499999818,-28.79687499999818,2.5,1.0,1.0,False,False,49422.954427083314,50062.147135416664,-639.1927083333503,False,Tuesday
2024-07-03,0.0,0.0,0.0,0.0,0.0,False,False,49422.954427083314,50062.147135416664,-639.1927083333503,False,Wednesday
2024-07-04,0.0,0.0,0.0,0.0,0.0,False,False,49422.954427083314,50062.147135416664,-639.1927083333503,False,Thursday
2024-07-05,0.0,0.0,0.0,0.0,0.0,False,False,49422.954427083314,50062.147135416664,-639.1927083333503,False,Friday
2024-07-08,0.0,0.0,0.0,0.0,0.0,False,False,49422.954427083314,50062.147135416664,-639.1927083333503,False,Monday
2024-07-09,0.0,0.0,0.0,0.0,0.0,False,False,49422.954427083314,50062.147135416664,-639.1927083333503,False,Tuesday
2024-07-10,0.0,0.0,0.0,0.0,0.0,False,False,49422.954427083314,50062.147135416664,-639.1927083333503,False,Wednesday
2024-07-11,0.0,0.0,0.0,0.0,0.0,False,False,49422.954427083314,50062.147135416664,-639.1927083333503,False,Thursday
2024-07-12,-60.86718750000273,-55.86718750000273,5.0,2.0,2.0,False,False,49362.087239583314,50062.147135416664,-700.0598958333503,False,Friday
2024-07-15,21.25,23.75,2.5,1.0,0.0,False,False,49383.337239583314,50062.147135416664,-678.8098958333503,True,Monday
2024-07-16,-62.83333333333303,-57.83333333333303,5.0,2.0,2.0,False,False,49320.50390624998,50062.147135416664,-741.6432291666861,False,Tuesday
2024-07-17,42.5,45.0,2.5,1.0,0.0,False,False,49363.00390624998,50062.147135416664,-699.1432291666861,True,Wednesday
2024-07-18,0.0,0.0,0.0,0.0,0.0,False,False,49363.00390624998,50062.147135416664,-699.1432291666861,False,Thursday
2024-07-19,-26.25,-23.75,2.5,1.0,1.0,False,False,49336.75390624998,50062.147135416664,-725.3932291666861,False,Friday
2024-07-22,-34.0625,-31.5625,2.5,1.0,1.0,False,False,49302.69140624998,50062.147135416664,-759.4557291666861,False,Monday
2024-07-23,-26.484375,-23.984375,2.5,1.0,1.0,False,False,49276.20703124998,50062.147135416664,-785.9401041666861,False,Tuesday
2024-07-24,88.828125,93.828125,5.0,2.0,0.0,False,False,49365.03515624998,50062.147135416664,-697.1119791666861,True,Wednesday
2024-07-25,-71.65625000000091,-69.15625000000091,2.5,1.0,1.0,False,False,49293.37890624998,50062.147135416664,-768.7682291666861,False,Thursday
2024-07-26,-62.46354166666606,-59.96354166666606,2.5,1.0,1.0,False,False,49230.915364583314,50062.147135416664,-831.2317708333503,False,Friday
2024-07-29,-113.09374999999818,-108.09374999999818,5.0,2.0,2.0,False,False,49117.821614583314,50062.147135416664,-944.3255208333503,False,Monday
2024-07-30,0.0,0.0,0.0,0.0,0.0,False,False,49117.821614583314,50062.147135416664,-944.3255208333503,False,Tuesday
2024-07-31,0.0,0.0,0.0,0.0,0.0,False,False,49117.821614583314,50062.147135416664,-944.3255208333503,False,Wednesday
2024-08-01,116.25,118.75,2.5,1.0,0.0,False,False,49234.071614583314,50062.147135416664,-828.0755208333503,True,Thursday
2024-08-02,-106.54687499999909,-101.54687499999909,5.0,2.0,2.0,False,False,49127.524739583314,50062.147135416664,-934.6223958333503,False,Friday
2024-08-05,0.0,0.0,0.0,0.0,0.0,False,False,49127.524739583314,50062.147135416664,-934.6223958333503,False,Monday
2024-08-06,-60.04687499999818,-57.54687499999818,2.5,1.0,1.0,False,False,49067.477864583314,50062.147135416664,-994.6692708333503,False,Tuesday
2024-08-07,78.90625,81.40625,2.5,1.0,0.0,False,False,49146.384114583314,50062.147135416664,-915.7630208333503,True,Wednesday
2024-08-08,-162.5911458333303,-155.0911458333303,7.5,3.0,3.0,False,False,48983.792968749985,50062.147135416664,-1078.3541666666788,False,Thursday
2024-08-09,0.0,0.0,0.0,0.0,0.0,False,False,48983.792968749985,50062.147135416664,-1078.3541666666788,False,Friday
2024-08-12,-37.45052083333121,-34.95052083333121,2.5,1.0,1.0,False,False,48946.34244791666,50062.147135416664,-1115.8046875000073,False,Monday
2024-08-13,41.25,43.75,2.5,1.0,0.0,False,False,48987.59244791666,50062.147135416664,-1074.5546875000073,True,Tuesday
2024-08-14,0.0,0.0,0.0,0.0,0.0,False,False,48987.59244791666,50062.147135416664,-1074.5546875000073,False,Wednesday
2024-08-15,0.437499999998181,5.437499999998181,5.0,2.0,1.0,False,False,48988.02994791665,50062.147135416664,-1074.1171875000146,True,Thursday
2024-08-16,-1.570312499998181,3.429687500001819,5.0,2.0,1.0,False,False,48986.45963541666,50062.147135416664,-1075.6875000000073,False,Friday
2024-08-19,-6.138020833332121,-1.1380208333321207,5.0,2.0,1.0,False,False,48980.32161458332,50062.147135416664,-1081.825520833343,False,Monday
2024-08-20,0.0,0.0,0.0,0.0,0.0,False,False,48980.32161458332,50062.147135416664,-1081.825520833343,False,Tuesday
2024-08-21,0.0,0.0,0.0,0.0,0.0,False,False,48980.32161458332,50062.147135416664,-1081.825520833343,False,Wednesday
2024-08-22,0.0,0.0,0.0,0.0,0.0,False,False,48980.32161458332,50062.147135416664,-1081.825520833343,False,Thursday
2024-08-23,43.10546875,48.10546875,5.0,2.0,1.0,False,False,49023.42708333332,50062.147135416664,-1038.720052083343,True,Friday
2024-08-26,0.0,0.0,0.0,0.0,0.0,False,False,49023.42708333332,50062.147135416664,-1038.720052083343,False,Monday
2024-08-27,-36.24218750000182,-33.74218750000182,2.5,1.0,1.0,False,False,48987.18489583332,50062.147135416664,-1074.962239583343,False,Tuesday
2024-08-28,0.0,0.0,0.0,0.0,0.0,False,False,48987.18489583332,50062.147135416664,-1074.962239583343,False,Wednesday
2024-08-29,0.0,0.0,0.0,0.0,0.0,False,False,48987.18489583332,50062.147135416664,-1074.962239583343,False,Thursday
2024-08-30,0.0,0.0,0.0,0.0,0.0,False,False,48987.18489583332,50062.147135416664,-1074.962239583343,False,Friday
2024-09-02,-35.01562500000091,-30.01562500000091,5.0,2.0,2.0,False,False,48952.16927083332,50062.147135416664,-1109.977864583343,False,Monday
2024-09-03,-88.46874999999727,-83.46874999999727,5.0,2.0,2.0,False,False,48863.70052083332,50062.147135416664,-1198.446614583343,False,Tuesday
2024-09-04,0.0,0.0,0.0,0.0,0.0,False,False,48863.70052083332,50062.147135416664,-1198.446614583343,False,Wednesday
2024-09-05,0.0,0.0,0.0,0.0,0.0,False,False,48863.70052083332,50062.147135416664,-1198.446614583343,False,Thursday
2024-09-06,0.0,0.0,0.0,0.0,0.0,False,False,48863.70052083332,50062.147135416664,-1198.446614583343,False,Friday
2024-09-09,-46.49739583333485,-43.99739583333485,2.5,1.0,1.0,False,False,48817.203124999985,50062.147135416664,-1244.9440104166788,False,Monday
2024-09-10,52.55468750000091,55.05468750000091,2.5,1.0,0.0,False,False,48869.757812499985,50062.147135416664,-1192.3893229166788,True,Tuesday
2024-09-11,135.2070312500109,140.2070312500109,5.0,2.0,0.0,False,False,49004.96484375,50062.147135416664,-1057.1822916666642,True,Wednesday
2024-09-12,0.0,0.0,0.0,0.0,0.0,False,False,49004.96484375,50062.147135416664,-1057.1822916666642,False,Thursday
2024-09-13,-25.0,-22.5,2.5,1.0,1.0,False,False,48979.96484375,50062.147135416664,-1082.1822916666642,False,Friday
2024-09-16,6.825520833335759,11.825520833335759,5.0,2.0,1.0,False,False,48986.790364583336,50062.147135416664,-1075.3567708333285,True,Monday
2024-09-17,0.0,0.0,0.0,0.0,0.0,False,False,48986.790364583336,50062.147135416664,-1075.3567708333285,False,Tuesday
2024-09-18,0.0,0.0,0.0,0.0,0.0,False,False,48986.790364583336,50062.147135416664,-1075.3567708333285,False,Wednesday
2024-09-19,-45.83854166666697,-40.83854166666697,5.0,2.0,2.0,False,False,48940.95182291667,50062.147135416664,-1121.1953124999927,False,Thursday
2024-09-23,-37.34895833333212,-34.84895833333212,2.5,1.0,1.0,False,False,48903.602864583336,50062.147135416664,-1158.5442708333285,False,Monday
2024-09-24,10.55989583333485,15.55989583333485,5.0,2.0,1.0,False,False,48914.16276041667,50062.147135416664,-1147.9843749999927,True,Tuesday
2024-09-25,0.0,0.0,0.0,0.0,0.0,False,False,48914.16276041667,50062.147135416664,-1147.9843749999927,False,Wednesday
2024-09-26,3.8085937500045475,8.808593750004547,5.0,2.0,1.0,False,False,48917.97135416667,50062.147135416664,-1144.1757812499927,True,Thursday
2024-09-27,-18.51302083333394,-13.51302083333394,5.0,2.0,1.0,False,False,48899.45833333334,50062.147135416664,-1162.6888020833212,False,Friday
2024-09-30,0.0,0.0,0.0,0.0,0.0,False,False,48899.45833333334,50062.147135416664,-1162.6888020833212,False,Monday
2024-10-01,-149.02864583333212,-144.02864583333212,5.0,2.0,2.0,False,False,48750.42968750001,50062.147135416664,-1311.717447916657,False,Tuesday
2024-10-02,0.0,0.0,0.0,0.0,0.0,False,False,48750.42968750001,50062.147135416664,-1311.717447916657,False,Wednesday
2024-10-03,-25.32291666666879,-22.82291666666879,2.5,1.0,1.0,False,False,48725.10677083334,50062.147135416664,-1337.0403645833212,False,Thursday
2024-10-04,23.31250000000182,28.31250000000182,5.0,2.0,1.0,False,False,48748.41927083334,50062.147135416664,-1313.7278645833212,True,Friday
2024-10-07,47.71093750000091,52.71093750000091,5.0,2.0,0.0,False,False,48796.13020833334,50062.147135416664,-1266.0169270833212,True,Monday
2024-10-08,0.0,0.0,0.0,0.0,0.0,False,False,48796.13020833334,50062.147135416664,-1266.0169270833212,False,Tuesday
2024-10-09,0.0,0.0,0.0,0.0,0.0,False,False,48796.13020833334,50062.147135416664,-1266.0169270833212,False,Wednesday
2024-10-10,-81.43750000000182,-76.43750000000182,5.0,2.0,2.0,False,False,48714.69270833334,50062.147135416664,-1347.4544270833212,False,Thursday
2024-10-11,-88.08854166667061,-80.58854166667061,7.5,3.0,3.0,False,False,48626.60416666667,50062.147135416664,-1435.5429687499927,False,Friday
2024-10-14,-6.25,-3.75,2.5,1.0,1.0,False,False,48620.35416666667,50062.147135416664,-1441.7929687499927,False,Monday
2024-10-15,34.00000000000546,36.50000000000546,2.5,1.0,0.0,False,False,48654.35416666668,50062.147135416664,-1407.7929687499854,True,Tuesday
2024-10-16,0.0,0.0,0.0,0.0,0.0,False,False,48654.35416666668,50062.147135416664,-1407.7929687499854,False,Wednesday
2024-10-17,-45.4296875,-42.9296875,2.5,1.0,1.0,False,False,48608.92447916668,50062.147135416664,-1453.2226562499854,False,Thursday
2024-10-18,0.0,0.0,0.0,0.0,0.0,False,False,48608.92447916668,50062.147135416664,-1453.2226562499854,False,Friday
2024-10-21,0.0,0.0,0.0,0.0,0.0,False,False,48608.92447916668,50062.147135416664,-1453.2226562499854,False,Monday
2024-10-22,0.0,0.0,0.0,0.0,0.0,False,False,48608.92447916668,50062.147135416664,-1453.2226562499854,False,Tuesday
2024-10-23,120.64062500000091,125.64062500000091,5.0,2.0,0.0,False,False,48729.56510416668,50062.147135416664,-1332.5820312499854,True,Wednesday
2024-10-24,-31.53645833333485,-29.03645833333485,2.5,1.0,1.0,False,False,48698.02864583334,50062.147135416664,-1364.1184895833212,False,Thursday
2024-10-25,0.0,0.0,0.0,0.0,0.0,False,False,48698.02864583334,50062.147135416664,-1364.1184895833212,False,Friday
2024-10-28,-21.25,-18.75,2.5,1.0,1.0,False,False,48676.77864583334,50062.147135416664,-1385.3684895833212,False,Monday
2024-10-29,-22.07552083333212,-19.57552083333212,2.5,1.0,1.0,False,False,48654.70312500001,50062.147135416664,-1407.444010416657,False,Tuesday
2024-10-30,0.0,0.0,0.0,0.0,0.0,False,False,48654.70312500001,50062.147135416664,-1407.444010416657,False,Wednesday
2024-10-31,0.0,0.0,0.0,0.0,0.0,False,False,48654.70312500001,50062.147135416664,-1407.444010416657,False,Thursday
2024-11-01,0.0,0.0,0.0,0.0,0.0,False,False,48654.70312500001,50062.147135416664,-1407.444010416657,False,Friday
2024-11-04,-21.60416666666606,-19.10416666666606,2.5,1.0,1.0,False,False,48633.09895833334,50062.147135416664,-1429.0481770833212,False,Monday
2024-11-05,-20.0,-17.5,2.5,1.0,1.0,False,False,48613.09895833334,50062.147135416664,-1449.0481770833212,False,Tuesday
2024-11-06,35.0,37.5,2.5,1.0,0.0,False,False,48648.09895833334,50062.147135416664,-1414.0481770833212,True,Wednesday
2024-11-07,-32.45833333333394,-29.95833333333394,2.5,1.0,1.0,False,False,48615.64062500001,50062.147135416664,-1446.506510416657,False,Thursday
2024-11-08,-22.5390625,-17.5390625,5.0,2.0,1.0,False,False,48593.10156250001,50062.147135416664,-1469.045572916657,False,Friday
2024-11-11,29.50390625000182,32.00390625000182,2.5,1.0,0.0,False,False,48622.605468750015,50062.147135416664,-1439.5416666666497,True,Monday
2024-11-12,44.53906249999818,47.03906249999818,2.5,1.0,0.0,False,False,48667.14453125001,50062.147135416664,-1395.002604166657,True,Tuesday
2024-11-13,-31.08072916666515,-26.08072916666515,5.0,2.0,1.0,False,False,48636.06380208334,50062.147135416664,-1426.0833333333212,False,Wednesday
2024-11-14,0.0,0.0,0.0,0.0,0.0,False,False,48636.06380208334,50062.147135416664,-1426.0833333333212,False,Thursday
2024-11-15,17.5,20.0,2.5,1.0,0.0,False,False,48653.56380208334,50062.147135416664,-1408.5833333333212,True,Friday
2024-11-18,40.0390625,42.5390625,2.5,1.0,0.0,False,False,48693.60286458334,50062.147135416664,-1368.5442708333212,True,Monday
2024-11-19,48.12890625000364,50.62890625000364,2.5,1.0,0.0,False,False,48741.73177083335,50062.147135416664,-1320.415364583314,True,Tuesday
2024-11-20,-4.049479166669698,0.9505208333303017,5.0,2.0,1.0,False,False,48737.68229166668,50062.147135416664,-1324.4648437499854,False,Wednesday
2024-11-21,-45.16406249999818,-42.66406249999818,2.5,1.0,1.0,False,False,48692.51822916668,50062.147135416664,-1369.6289062499854,False,Thursday
2024-11-22,0.0,0.0,0.0,0.0,0.0,False,False,48692.51822916668,50062.147135416664,-1369.6289062499854,False,Friday
2024-11-25,-63.68750000000091,-61.18750000000091,2.5,1.0,1.0,False,False,48628.83072916668,50062.147135416664,-1433.3164062499854,False,Monday
2024-11-26,-16.25,-13.75,2.5,1.0,1.0,False,False,48612.58072916668,50062.147135416664,-1449.5664062499854,False,Tuesday
2024-11-27,-20.86197916666606,-18.36197916666606,2.5,1.0,1.0,False,False,48591.718750000015,50062.147135416664,-1470.4283854166497,False,Wednesday
2024-11-28,7.5,10.0,2.5,1.0,0.0,False,False,48599.218750000015,50062.147135416664,-1462.9283854166497,True,Thursday
2024-11-29,-30.12499999999818,-27.62499999999818,2.5,1.0,1.0,False,False,48569.093750000015,50062.147135416664,-1493.0533854166497,False,Friday
2024-12-02,0.0,0.0,0.0,0.0,0.0,False,False,48569.093750000015,50062.147135416664,-1493.0533854166497,False,Monday
2024-12-03,0.0,0.0,0.0,0.0,0.0,False,False,48569.093750000015,50062.147135416664,-1493.0533854166497,False,Tuesday
2024-12-04,30.17968749999909,32.67968749999909,2.5,1.0,0.0,False,False,48599.273437500015,50062.147135416664,-1462.8736979166497,True,Wednesday
2024-12-05,0.0,0.0,0.0,0.0,0.0,False,False,48599.273437500015,50062.147135416664,-1462.8736979166497,False,Thursday
2024-12-06,-29.6484375,-27.1484375,2.5,1.0,1.0,False,False,48569.625000000015,50062.147135416664,-1492.5221354166497,False,Friday
2024-12-09,28.44921875000182,30.94921875000182,2.5,1.0,0.0,False,False,48598.074218750015,50062.147135416664,-1464.0729166666497,True,Monday
2024-12-10,-28.21093749999818,-25.71093749999818,2.5,1.0,1.0,False,False,48569.863281250015,50062.147135416664,-1492.2838541666497,False,Tuesday
2024-12-11,8.75,11.25,2.5,1.0,0.0,False,False,48578.613281250015,50062.147135416664,-1483.5338541666497,True,Wednesday
2024-12-12,0.0,0.0,0.0,0.0,0.0,False,False,48578.613281250015,50062.147135416664,-1483.5338541666497,False,Thursday
2024-12-13,0.0,0.0,0.0,0.0,0.0,False,False,48578.613281250015,50062.147135416664,-1483.5338541666497,False,Friday
2024-12-16,-27.03645833333212,-24.53645833333212,2.5,1.0,1.0,False,False,48551.576822916686,50062.147135416664,-1510.5703124999782,False,Monday
2024-12-17,1.3294270833375776,6.329427083337578,5.0,2.0,1.0,False,False,48552.90625000002,50062.147135416664,-1509.2408854166424,True,Tuesday
2024-12-18,0.0,0.0,0.0,0.0,0.0,False,False,48552.90625000002,50062.147135416664,-1509.2408854166424,False,Wednesday
2024-12-19,-64.140625,-61.640625,2.5,1.0,1.0,False,False,48488.76562500002,50062.147135416664,-1573.3815104166424,False,Thursday
2024-12-23,53.75,56.25,2.5,1.0,0.0,False,False,48542.51562500002,50062.147135416664,-1519.6315104166424,True,Monday
2024-12-24,37.83593749999454,40.33593749999454,2.5,1.0,0.0,False,False,48580.351562500015,50062.147135416664,-1481.7955729166497,True,Tuesday
2024-12-26,0.0,0.0,0.0,0.0,0.0,False,False,48580.351562500015,50062.147135416664,-1481.7955729166497,False,Thursday
2024-12-27,50.64062500000546,53.14062500000546,2.5,1.0,0.0,False,False,48630.99218750002,50062.147135416664,-1431.1549479166424,True,Friday
2024-12-30,-75.24479166666879,-72.74479166666879,2.5,1.0,1.0,False,False,48555.74739583336,50062.147135416664,-1506.3997395833067,False,Monday
2024-12-31,0.0,0.0,0.0,0.0,0.0,False,False,48555.74739583336,50062.147135416664,-1506.3997395833067,False,Tuesday
2025-01-02,-95.40104166666879,-92.90104166666879,2.5,1.0,1.0,False,False,48460.346354166686,50062.147135416664,-1601.8007812499782,False,Thursday
2025-01-03,-107.32291666666697,-102.32291666666697,5.0,2.0,2.0,False,False,48353.02343750002,50062.147135416664,-1709.1236979166424,False,Friday
2025-01-06,-13.75,-11.25,2.5,1.0,1.0,False,False,48339.27343750002,50062.147135416664,-1722.8736979166424,False,Monday
2025-01-07,43.61328125,46.11328125,2.5,1.0,0.0,False,False,48382.88671875002,50062.147135416664,-1679.2604166666424,True,Tuesday
2025-01-08,0.0,0.0,0.0,0.0,0.0,False,False,48382.88671875002,50062.147135416664,-1679.2604166666424,False,Wednesday
2025-01-10,0.0,0.0,0.0,0.0,0.0,False,False,48382.88671875002,50062.147135416664,-1679.2604166666424,False,Friday
2025-01-13,25.0,27.5,2.5,1.0,0.0,False,False,48407.88671875002,50062.147135416664,-1654.2604166666424,True,Monday
2025-01-14,-46.48177083333394,-43.98177083333394,2.5,1.0,1.0,False,False,48361.404947916686,50062.147135416664,-1700.7421874999782,False,Tuesday
2025-01-15,22.5,25.0,2.5,1.0,0.0,False,False,48383.904947916686,50062.147135416664,-1678.2421874999782,True,Wednesday
2025-01-16,0.0,0.0,0.0,0.0,0.0,False,False,48383.904947916686,50062.147135416664,-1678.2421874999782,False,Thursday
2025-01-17,-30.79687500000091,-28.29687500000091,2.5,1.0,1.0,False,False,48353.108072916686,50062.147135416664,-1709.0390624999782,False,Friday
2025-01-20,0.0,0.0,0.0,0.0,0.0,False,False,48353.108072916686,50062.147135416664,-1709.0390624999782,False,Monday
2025-01-21,54.31250000000091,56.81250000000091,2.5,1.0,0.0,False,False,48407.420572916686,50062.147135416664,-1654.7265624999782,True,Tuesday
2025-01-22,-10.0,-7.5,2.5,1.0,1.0,False,False,48397.420572916686,50062.147135416664,-1664.7265624999782,False,Wednesday
2025-01-23,-26.58333333333303,-24.08333333333303,2.5,1.0,1.0,False,False,48370.83723958335,50062.147135416664,-1691.309895833314,False,Thursday
2025-01-24,0.0,0.0,0.0,0.0,0.0,False,False,48370.83723958335,50062.147135416664,-1691.309895833314,False,Friday
2025-01-27,-5.0,-2.5,2.5,1.0,1.0,False,False,48365.83723958335,50062.147135416664,-1696.309895833314,False,Monday
2025-01-28,1.25,3.75,2.5,1.0,0.0,False,False,48367.08723958335,50062.147135416664,-1695.059895833314,True,Tuesday
2025-01-29,-40.29166666666697,-37.79166666666697,2.5,1.0,1.0,False,False,48326.795572916686,50062.147135416664,-1735.3515624999782,False,Wednesday
2025-01-30,44.19531250000546,46.69531250000546,2.5,1.0,0.0,False,False,48370.99088541669,50062.147135416664,-1691.156249999971,True,Thursday
2025-01-31,0.0,0.0,0.0,0.0,0.0,False,False,48370.99088541669,50062.147135416664,-1691.156249999971,False,Friday
2025-02-03,-33.75,-31.25,2.5,1.0,1.0,False,False,48337.24088541669,50062.147135416664,-1724.906249999971,False,Monday
2025-02-04,0.0,0.0,0.0,0.0,0.0,False,False,48337.24088541669,50062.147135416664,-1724.906249999971,False,Tuesday
2025-02-05,-30.57031249999909,-28.07031249999909,2.5,1.0,1.0,False,False,48306.67057291669,50062.147135416664,-1755.476562499971,False,Wednesday
2025-02-06,0.0,0.0,0.0,0.0,0.0,False,False,48306.67057291669,50062.147135416664,-1755.476562499971,False,Thursday
2025-02-07,0.0,0.0,0.0,0.0,0.0,False,False,48306.67057291669,50062.147135416664,-1755.476562499971,False,Friday
2025-02-10,-27.5,-25.0,2.5,1.0,1.0,False,False,48279.17057291669,50062.147135416664,-1782.976562499971,False,Monday
2025-02-11,0.0,0.0,0.0,0.0,0.0,False,False,48279.17057291669,50062.147135416664,-1782.976562499971,False,Tuesday
2025-02-12,-49.23437500000091,-46.73437500000091,2.5,1.0,1.0,False,False,48229.93619791669,50062.147135416664,-1832.210937499971,False,Wednesday
2025-02-13,-29.13802083333394,-24.13802083333394,5.0,2.0,1.0,False,False,48200.79817708336,50062.147135416664,-1861.3489583333067,False,Thursday
2025-02-14,-105.27604166666606,-97.77604166666606,7.5,3.0,3.0,False,False,48095.52213541669,50062.147135416664,-1966.624999999971,False,Friday
2025-02-17,17.44921875000273,19.94921875000273,2.5,1.0,0.0,False,False,48112.97135416669,50062.147135416664,-1949.175781249971,True,Monday
2025-02-18,0.0,0.0,0.0,0.0,0.0,False,False,48112.97135416669,50062.147135416664,-1949.175781249971,False,Tuesday
2025-02-19,-30.46614583333394,-27.96614583333394,2.5,1.0,1.0,False,False,48082.50520833336,50062.147135416664,-1979.6419270833067,False,Wednesday
2025-02-20,0.0,0.0,0.0,0.0,0.0,False,False,48082.50520833336,50062.147135416664,-1979.6419270833067,False,Thursday
2025-02-21,89.3359375,91.8359375,2.5,1.0,0.0,False,False,48171.84114583336,50062.147135416664,-1890.3059895833067,True,Friday
2025-02-24,64.22265624999454,69.22265624999454,5.0,2.0,0.0,False,False,48236.06380208336,50062.147135416664,-1826.0833333333067,True,Monday
2025-02-25,0.0,0.0,0.0,0.0,0.0,False,False,48236.06380208336,50062.147135416664,-1826.0833333333067,False,Tuesday
2025-02-26,0.0,0.0,0.0,0.0,0.0,False,False,48236.06380208336,50062.147135416664,-1826.0833333333067,False,Wednesday
2025-02-27,0.0,0.0,0.0,0.0,0.0,False,False,48236.06380208336,50062.147135416664,-1826.0833333333067,False,Thursday
2025-02-28,0.0,0.0,0.0,0.0,0.0,False,False,48236.06380208336,50062.147135416664,-1826.0833333333067,False,Friday
2025-03-03,-25.0,-22.5,2.5,1.0,1.0,False,False,48211.06380208336,50062.147135416664,-1851.0833333333067,False,Monday
2025-03-04,-85.49218749999909,-82.99218749999909,2.5,1.0,1.0,False,False,48125.57161458336,50062.147135416664,-1936.5755208333067,False,Tuesday
2025-03-05,-122.890625,-120.390625,2.5,1.0,1.0,False,False,48002.68098958336,50062.147135416664,-2059.4661458333067,False,Wednesday
2025-03-06,0.0,0.0,0.0,0.0,0.0,False,False,48002.68098958336,50062.147135416664,-2059.4661458333067,False,Thursday
2025-03-07,143.75,146.25,2.5,1.0,0.0,False,False,48146.43098958336,50062.147135416664,-1915.7161458333067,True,Friday
2025-03-10,96.25,98.75,2.5,1.0,0.0,False,False,48242.68098958336,50062.147135416664,-1819.4661458333067,True,Monday
2025-03-11,39.375,44.375,5.0,2.0,1.0,False,False,48282.05598958336,50062.147135416664,-1780.0911458333067,True,Tuesday
2025-03-12,-111.23697916666515,-108.73697916666515,2.5,1.0,1.0,False,False,48170.819010416686,50062.147135416664,-1891.3281249999782,False,Wednesday
2025-03-13,-67.5,-65.0,2.5,1.0,1.0,False,False,48103.319010416686,50062.147135416664,-1958.8281249999782,False,Thursday
2025-03-14,-28.75,-26.25,2.5,1.0,1.0,False,False,48074.569010416686,50062.147135416664,-1987.5781249999782,False,Friday
2025-03-17,0.0,0.0,0.0,0.0,0.0,False,False,48074.569010416686,50062.147135416664,-1987.5781249999782,False,Monday
2025-03-18,-71.72916666666879,-69.22916666666879,2.5,1.0,1.0,False,False,48002.83984375002,50062.147135416664,-2059.3072916666424,False,Tuesday
2025-03-19,0.0,0.0,0.0,0.0,0.0,False,False,48002.83984375002,50062.147135416664,-2059.3072916666424,False,Wednesday
2025-03-20,0.0,0.0,0.0,0.0,0.0,False,False,48002.83984375002,50062.147135416664,-2059.3072916666424,False,Thursday
2025-03-24,81.01171875000091,86.01171875000091,5.0,2.0,0.0,False,False,48083.85156250002,50062.147135416664,-1978.2955729166424,True,Monday
2025-03-25,-38.93229166666515,-36.43229166666515,2.5,1.0,1.0,False,False,48044.91927083336,50062.147135416664,-2017.2278645833067,False,Tuesday
2025-03-26,-87.49739583333394,-79.99739583333394,7.5,3.0,2.0,False,False,47957.42187500002,50062.147135416664,-2104.7252604166424,False,Wednesday
2025-03-27,-109.3098958333303,-104.3098958333303,5.0,2.0,2.0,False,False,47848.11197916669,50062.147135416664,-2214.035156249971,False,Thursday
2025-03-28,20.136718749995453,27.636718749995453,7.5,3.0,1.0,False,False,47868.248697916686,50062.147135416664,-2193.898437499978,True,Friday
2025-03-31,0.0,0.0,0.0,0.0,0.0,False,False,47868.248697916686,50062.147135416664,-2193.898437499978,False,Monday
2025-04-01,-45.97916666666606,-43.47916666666606,2.5,1.0,1.0,False,False,47822.26953125002,50062.147135416664,-2239.8776041666424,False,Tuesday
2025-04-02,-47.5,-42.5,5.0,2.0,1.0,False,False,47774.76953125002,50062.147135416664,-2287.3776041666424,False,Wednesday
2025-04-03,0.0,0.0,0.0,0.0,0.0,False,False,47774.76953125002,50062.147135416664,-2287.3776041666424,False,Thursday
2025-04-04,187.5,190.0,2.5,1.0,0.0,False,False,47962.26953125002,50062.147135416664,-2099.8776041666424,True,Friday
2025-04-07,-248.70833333333394,-246.20833333333394,2.5,1.0,1.0,False,False,47713.561197916686,50062.147135416664,-2348.585937499978,False,Monday
2025-04-08,333.1289062499991,338.1289062499991,5.0,2.0,0.0,False,False,48046.690104166686,50062.147135416664,-2015.4570312499782,True,Tuesday
2025-04-09,0.0,0.0,0.0,0.0,0.0,False,False,48046.690104166686,50062.147135416664,-2015.4570312499782,False,Wednesday
2025-04-10,391.78906249999727,396.78906249999727,5.0,2.0,0.0,False,False,48438.479166666686,50062.147135416664,-1623.6679687499782,True,Thursday
2025-04-11,5.0,7.5,2.5,1.0,0.0,False,False,48443.479166666686,50062.147135416664,-1618.6679687499782,True,Friday
2025-04-14,70.0,72.5,2.5,1.0,0.0,False,False,48513.479166666686,50062.147135416664,-1548.6679687499782,True,Monday
2025-04-15,75.0,77.5,2.5,1.0,0.0,False,False,48588.479166666686,50062.147135416664,-1473.6679687499782,True,Tuesday
2025-04-16,92.68750000000182,95.18750000000182,2.5,1.0,0.0,False,False,48681.166666666686,50062.147135416664,-1380.9804687499782,True,Wednesday
2025-04-17,-67.67187500000091,-65.17187500000091,2.5,1.0,1.0,False,False,48613.494791666686,50062.147135416664,-1448.6523437499782,False,Thursday
2025-04-21,-53.21093749999818,-50.71093749999818,2.5,1.0,1.0,False,False,48560.283854166686,50062.147135416664,-1501.8632812499782,False,Monday
2025-04-22,71.25,73.75,2.5,1.0,0.0,False,False,48631.533854166686,50062.147135416664,-1430.6132812499782,True,Tuesday
2025-04-23,0.0,0.0,0.0,0.0,0.0,False,False,48631.533854166686,50062.147135416664,-1430.6132812499782,False,Wednesday
2025-04-24,-7.71354166666697,-2.71354166666697,5.0,2.0,1.0,False,False,48623.82031250002,50062.147135416664,-1438.3268229166424,False,Thursday
2025-04-25,-68.89843750000182,-66.39843750000182,2.5,1.0,1.0,False,False,48554.921875000015,50062.147135416664,-1507.2252604166497,False,Friday
2025-04-28,-58.95833333333485,-56.45833333333485,2.5,1.0,1.0,False,False,48495.963541666686,50062.147135416664,-1566.1835937499782,False,Monday
2025-04-29,-34.82031250000091,-32.32031250000091,2.5,1.0,1.0,False,False,48461.143229166686,50062.147135416664,-1601.0039062499782,False,Tuesday
2025-04-30,-67.53385416666788,-65.03385416666788,2.5,1.0,1.0,False,False,48393.609375000015,50062.147135416664,-1668.5377604166497,False,Wednesday
2025-05-01,0.0,0.0,0.0,0.0,0.0,False,False,48393.609375000015,50062.147135416664,-1668.5377604166497,False,Thursday
2025-05-02,-83.37760416666697,-78.37760416666697,5.0,2.0,2.0,False,False,48310.23177083335,50062.147135416664,-1751.915364583314,False,Friday
2025-05-05,-73.24479166666606,-68.24479166666606,5.0,2.0,2.0,False,False,48236.98697916668,50062.147135416664,-1825.1601562499854,False,Monday
2025-05-06,0.0,0.0,0.0,0.0,0.0,False,False,48236.98697916668,50062.147135416664,-1825.1601562499854,False,Tuesday
2025-05-07,-48.90625,-46.40625,2.5,1.0,1.0,False,False,48188.08072916668,50062.147135416664,-1874.0664062499854,False,Wednesday
2025-05-08,0.0,2.5,2.5,1.0,0.0,False,False,48188.08072916668,50062.147135416664,-1874.0664062499854,False,Thursday
2025-05-09,-49.40364583333121,-46.90364583333121,2.5,1.0,1.0,False,False,48138.67708333335,50062.147135416664,-1923.470052083314,False,Friday
2025-05-12,-48.47135416666788,-45.97135416666788,2.5,1.0,1.0,False,False,48090.205729166686,50062.147135416664,-1971.9414062499782,False,Monday
2025-05-13,-35.70052083333394,-33.20052083333394,2.5,1.0,1.0,False,False,48054.50520833335,50062.147135416664,-2007.641927083314,False,Tuesday
2025-05-14,0.0,0.0,0.0,0.0,0.0,False,False,48054.50520833335,50062.147135416664,-2007.641927083314,False,Wednesday
2025-05-15,8.73437499999909,13.73437499999909,5.0,2.0,1.0,False,False,48063.23958333335,50062.147135416664,-1998.907552083314,True,Thursday
2025-05-16,46.31250000000364,48.81250000000364,2.5,1.0,0.0,False,False,48109.55208333335,50062.147135416664,-1952.595052083314,True,Friday
2025-05-19,0.0,0.0,0.0,0.0,0.0,False,False,48109.55208333335,50062.147135416664,-1952.595052083314,False,Monday
2025-05-20,-81.31249999999909,-78.81249999999909,2.5,1.0,1.0,False,False,48028.23958333335,50062.147135416664,-2033.907552083314,False,Tuesday
2025-05-21,0.0,0.0,0.0,0.0,0.0,False,False,48028.23958333335,50062.147135416664,-2033.907552083314,False,Wednesday
2025-05-22,-207.88020833333576,-197.88020833333576,10.0,4.0,4.0,False,False,47820.359375000015,50062.147135416664,-2241.7877604166497,False,Thursday
2025-05-23,-11.25,-8.75,2.5,1.0,1.0,False,False,47809.109375000015,50062.147135416664,-2253.0377604166497,False,Friday
2025-05-26,0.0,0.0,0.0,0.0,0.0,False,False,47809.109375000015,50062.147135416664,-2253.0377604166497,False,Monday
2025-05-27,0.0,0.0,0.0,0.0,0.0,False,False,47809.109375000015,50062.147135416664,-2253.0377604166497,False,Tuesday
2025-05-28,-38.88541666666697,-36.38541666666697,2.5,1.0,1.0,False,False,47770.22395833335,50062.147135416664,-2291.923177083314,False,Wednesday
2025-05-29,0.0,0.0,0.0,0.0,0.0,False,False,47770.22395833335,50062.147135416664,-2291.923177083314,False,Thursday
2025-05-30,72.06250000000182,74.56250000000182,2.5,1.0,0.0,False,False,47842.28645833335,50062.147135416664,-2219.860677083314,True,Friday
2025-06-02,0.0,0.0,0.0,0.0,0.0,False,False,47842.28645833335,50062.147135416664,-2219.860677083314,False,Monday
2025-06-03,13.67447916666606,18.67447916666606,5.0,2.0,1.0,False,False,47855.960937500015,50062.147135416664,-2206.1861979166497,True,Tuesday
2025-06-04,-18.75,-16.25,2.5,1.0,1.0,False,False,47837.210937500015,50062.147135416664,-2224.9361979166497,False,Wednesday
2025-06-05,-38.69010416666697,-36.19010416666697,2.5,1.0,1.0,False,False,47798.52083333335,50062.147135416664,-2263.626302083314,False,Thursday
2025-06-06,-97.67187500000091,-92.67187500000091,5.0,2.0,2.0,False,False,47700.84895833335,50062.147135416664,-2361.298177083314,False,Friday
2025-06-09,-23.15364583333121,-20.65364583333121,2.5,1.0,1.0,False,False,47677.695312500015,50062.147135416664,-2384.4518229166497,False,Monday
2025-06-10,31.74609375000273,34.24609375000273,2.5,1.0,0.0,False,False,47709.44140625002,50062.147135416664,-2352.7057291666424,True,Tuesday
2025-06-11,-39.23697916666697,-36.73697916666697,2.5,1.0,1.0,False,False,47670.20442708336,50062.147135416664,-2391.9427083333067,False,Wednesday
2025-06-12,-56.59635416666788,-54.09635416666788,2.5,1.0,1.0,False,False,47613.608072916686,50062.147135416664,-2448.539062499978,False,Thursday
2025-06-13,-35.21093750000091,-32.71093750000091,2.5,1.0,1.0,False,False,47578.397135416686,50062.147135416664,-2483.749999999978,False,Friday
2025-06-16,0.0,0.0,0.0,0.0,0.0,False,False,47578.397135416686,50062.147135416664,-2483.749999999978,False,Monday
2025-06-17,17.41536458333485,22.41536458333485,5.0,2.0,1.0,False,False,47595.81250000002,50062.147135416664,-2466.3346354166424,True,Tuesday
2025-06-18,0.0,0.0,0.0,0.0,0.0,False,False,47595.81250000002,50062.147135416664,-2466.3346354166424,False,Wednesday
2025-06-19,-43.13281249999818,-40.63281249999818,2.5,1.0,1.0,False,False,47552.67968750002,50062.147135416664,-2509.4674479166424,False,Thursday
2025-06-23,58.27734374999636,60.77734374999636,2.5,1.0,0.0,False,False,47610.957031250015,50062.147135416664,-2451.1901041666497,True,Monday
2025-06-24,10.94270833333212,15.94270833333212,5.0,2.0,1.0,False,False,47621.89973958335,50062.147135416664,-2440.247395833314,True,Tuesday
2025-06-25,-15.0,-12.5,2.5,1.0,1.0,False,False,47606.89973958335,50062.147135416664,-2455.247395833314,False,Wednesday
2025-06-26,-35.36458333333485,-30.36458333333485,5.0,2.0,2.0,False,False,47571.535156250015,50062.147135416664,-2490.6119791666497,False,Thursday
2025-06-27,-24.62500000000091,-22.12500000000091,2.5,1.0,1.0,False,False,47546.910156250015,50062.147135416664,-2515.2369791666497,False,Friday
2025-06-30,-67.49739583333394,-62.49739583333394,5.0,2.0,2.0,False,False,47479.41276041668,50062.147135416664,-2582.7343749999854,False,Monday
2025-07-01,1.25,3.75,2.5,1.0,0.0,False,False,47480.66276041668,50062.147135416664,-2581.4843749999854,True,Tuesday
2025-07-02,-36.44270833333394,-31.44270833333394,5.0,2.0,2.0,False,False,47444.22005208334,50062.147135416664,-2617.927083333321,False,Wednesday
2025-07-03,21.25,23.75,2.5,1.0,0.0,False,False,47465.47005208334,50062.147135416664,-2596.677083333321,True,Thursday
2025-07-04,0.0,0.0,0.0,0.0,0.0,False,False,47465.47005208334,50062.147135416664,-2596.677083333321,False,Friday
2025-07-07,-37.06770833333394,-34.56770833333394,2.5,1.0,1.0,False,False,47428.402343750015,50062.147135416664,-2633.7447916666497,False,Monday
2025-07-08,0.0,0.0,0.0,0.0,0.0,False,False,47428.402343750015,50062.147135416664,-2633.7447916666497,False,Tuesday
2025-07-09,23.75,26.25,2.5,1.0,0.0,False,False,47452.152343750015,50062.147135416664,-2609.9947916666497,True,Wednesday
2025-07-10,-35.47395833333212,-32.97395833333212,2.5,1.0,1.0,False,False,47416.67838541668,50062.147135416664,-2645.4687499999854,False,Thursday
2025-07-11,0.0,0.0,0.0,0.0,0.0,False,False,47416.67838541668,50062.147135416664,-2645.4687499999854,False,Friday
2025-07-14,-49.8567708333303,-42.3567708333303,7.5,3.0,3.0,False,False,47366.82161458335,50062.147135416664,-2695.325520833314,False,Monday
2025-07-15,-58.92578125,-51.42578125,7.5,3.0,2.0,False,False,47307.89583333335,50062.147135416664,-2754.251302083314,False,Tuesday
2025-07-16,-32.98958333333303,-27.98958333333303,5.0,2.0,2.0,False,False,47274.906250000015,50062.147135416664,-2787.2408854166497,False,Wednesday
2025-07-17,-21.436197916659694,-13.936197916659694,7.5,3.0,2.0,False,False,47253.47005208336,50062.147135416664,-2808.6770833333067,False,Thursday
2025-07-18,0.0,0.0,0.0,0.0,0.0,False,False,47253.47005208336,50062.147135416664,-2808.6770833333067,False,Friday
2025-07-21,0.0,0.0,0.0,0.0,0.0,False,False,47253.47005208336,50062.147135416664,-2808.6770833333067,False,Monday
2025-07-22,-20.60156250000091,-18.10156250000091,2.5,1.0,1.0,False,False,47232.86848958336,50062.147135416664,-2829.2786458333067,False,Tuesday
2025-07-23,-19.54687500000091,-17.04687500000091,2.5,1.0,1.0,False,False,47213.32161458336,50062.147135416664,-2848.8255208333067,False,Wednesday
2025-07-24,0.0,0.0,0.0,0.0,0.0,False,False,47213.32161458336,50062.147135416664,-2848.8255208333067,False,Thursday
2025-07-25,-22.91145833333303,-17.91145833333303,5.0,2.0,2.0,False,False,47190.41015625002,50062.147135416664,-2871.7369791666424,False,Friday
2025-07-28,0.0,0.0,0.0,0.0,0.0,False,False,47190.41015625002,50062.147135416664,-2871.7369791666424,False,Monday
2025-07-29,-42.32031250000091,-39.82031250000091,2.5,1.0,1.0,False,False,47148.08984375002,50062.147135416664,-2914.0572916666424,False,Tuesday
2025-07-30,0.0,0.0,0.0,0.0,0.0,False,False,47148.08984375002,50062.147135416664,-2914.0572916666424,False,Wednesday
2025-07-31,0.0,0.0,0.0,0.0,0.0,False,False,47148.08984375002,50062.147135416664,-2914.0572916666424,False,Thursday
2025-08-01,-140.50520833333394,-135.50520833333394,5.0,2.0,2.0,False,False,47007.584635416686,50062.147135416664,-3054.562499999978,False,Friday
2025-08-04,-27.5,-25.0,2.5,1.0,1.0,False,False,46980.084635416686,50062.147135416664,-3082.062499999978,False,Monday
2025-08-05,0.0,0.0,0.0,0.0,0.0,False,False,46980.084635416686,50062.147135416664,-3082.062499999978,False,Tuesday
2025-08-06,5.34895833333394,10.34895833333394,5.0,2.0,1.0,False,False,46985.43359375002,50062.147135416664,-3076.7135416666424,True,Wednesday
2025-08-07,-1.25,1.25,2.5,1.0,1.0,False,False,46984.18359375002,50062.147135416664,-3077.9635416666424,False,Thursday
2025-08-08,-27.88281250000182,-25.38281250000182,2.5,1.0,1.0,False,False,46956.30078125002,50062.147135416664,-3105.8463541666424,False,Friday
2025-08-11,22.5,25.0,2.5,1.0,0.0,False,False,46978.80078125002,50062.147135416664,-3083.3463541666424,True,Monday
2025-08-12,68.89453125000273,76.39453125000273,7.5,3.0,0.0,False,False,47047.69531250002,50062.147135416664,-3014.4518229166424,True,Tuesday
2025-08-13,9.083333333328483,14.083333333328483,5.0,2.0,1.0,False,False,47056.77864583335,50062.147135416664,-3005.368489583314,True,Wednesday
2025-08-14,0.0,0.0,0.0,0.0,0.0,False,False,47056.77864583335,50062.147135416664,-3005.368489583314,False,Thursday
2025-08-15,-23.71874999999818,-21.21874999999818,2.5,1.0,1.0,False,False,47033.05989583335,50062.147135416664,-3029.087239583314,False,Friday
2025-08-18,0.0,0.0,0.0,0.0,0.0,False,False,47033.05989583335,50062.147135416664,-3029.087239583314,False,Monday
2025-08-19,56.62109375,59.12109375,2.5,1.0,0.0,False,False,47089.68098958335,50062.147135416664,-2972.466145833314,True,Tuesday
2025-08-20,0.0,0.0,0.0,0.0,0.0,False,False,47089.68098958335,50062.147135416664,-2972.466145833314,False,Wednesday
2025-08-21,-41.62239583333303,-39.12239583333303,2.5,1.0,1.0,False,False,47048.05859375002,50062.147135416664,-3014.0885416666424,False,Thursday
2025-08-22,-30.10416666666515,-27.60416666666515,2.5,1.0,1.0,False,False,47017.95442708336,50062.147135416664,-3044.1927083333067,False,Friday
2025-08-25,-4.914062499992724,0.08593750000727596,5.0,2.0,1.0,False,False,47013.040364583365,50062.147135416664,-3049.1067708332994,False,Monday
2025-08-26,2.01041666666697,7.01041666666697,5.0,2.0,1.0,False,False,47015.05078125003,50062.147135416664,-3047.096354166635,True,Tuesday
2025-08-27,-36.46093750000091,-33.96093750000091,2.5,1.0,1.0,False,False,46978.58984375003,50062.147135416664,-3083.557291666635,False,Wednesday
2025-08-28,-56.38802083333303,-51.38802083333303,5.0,2.0,2.0,False,False,46922.20182291669,50062.147135416664,-3139.945312499971,False,Thursday
2025-08-29,0.0,0.0,0.0,0.0,0.0,False,False,46922.20182291669,50062.147135416664,-3139.945312499971,False,Friday
2025-09-01,7.5,10.0,2.5,1.0,0.0,False,False,46929.70182291669,50062.147135416664,-3132.445312499971,True,Monday
2025-09-02,109.44921875000091,116.94921875000091,7.5,3.0,1.0,False,False,47039.15104166669,50062.147135416664,-3022.996093749971,True,Tuesday
2025-09-03,0.0,0.0,0.0,0.0,0.0,False,False,47039.15104166669,50062.147135416664,-3022.996093749971,False,Wednesday
2025-09-04,55.79296875000182,63.29296875000182,7.5,3.0,0.0,False,False,47094.9440104167,50062.147135416664,-2967.2031249999636,True,Thursday
2025-09-05,0.0,0.0,0.0,0.0,0.0,False,False,47094.9440104167,50062.147135416664,-2967.2031249999636,False,Friday
2025-09-08,0.0,0.0,0.0,0.0,0.0,False,False,47094.9440104167,50062.147135416664,-2967.2031249999636,False,Monday
2025-09-09,-29.17187500000182,-26.67187500000182,2.5,1.0,1.0,False,False,47065.77213541669,50062.147135416664,-2996.374999999971,False,Tuesday
2025-09-10,0.0,0.0,0.0,0.0,0.0,False,False,47065.77213541669,50062.147135416664,-2996.374999999971,False,Wednesday
2025-09-11,-1.25,1.25,2.5,1.0,1.0,False,False,47064.52213541669,50062.147135416664,-2997.624999999971,False,Thursday
2025-09-12,13.410156250001819,15.910156250001819,2.5,1.0,0.0,False,False,47077.9322916667,50062.147135416664,-2984.2148437499636,True,Friday
2025-09-15,0.0,0.0,0.0,0.0,0.0,False,False,47077.9322916667,50062.147135416664,-2984.2148437499636,False,Monday
2025-09-16,0.0,0.0,0.0,0.0,0.0,False,False,47077.9322916667,50062.147135416664,-2984.2148437499636,False,Tuesday
2025-09-17,28.968750000003638,31.468750000003638,2.5,1.0,0.0,False,False,47106.9010416667,50062.147135416664,-2955.2460937499636,True,Wednesday
2025-09-18,0.0,0.0,0.0,0.0,0.0,False,False,47106.9010416667,50062.147135416664,-2955.2460937499636,False,Thursday
2025-09-22,12.720052083336668,17.720052083336668,5.0,2.0,1.0,False,False,47119.62109375004,50062.147135416664,-2942.526041666628,True,Monday
2025-09-23,26.9140625,29.4140625,2.5,1.0,0.0,False,False,47146.53515625004,50062.147135416664,-2915.611979166628,True,Tuesday
2025-09-24,0.0,0.0,0.0,0.0,0.0,False,False,47146.53515625004,50062.147135416664,-2915.611979166628,False,Wednesday
2025-09-25,0.0,0.0,0.0,0.0,0.0,False,False,47146.53515625004,50062.147135416664,-2915.611979166628,False,Thursday
2025-09-26,30.0,32.5,2.5,1.0,0.0,False,False,47176.53515625004,50062.147135416664,-2885.611979166628,True,Friday
2025-09-29,-31.328125,-28.828125,2.5,1.0,1.0,False,False,47145.20703125004,50062.147135416664,-2916.940104166628,False,Monday
2025-09-30,54.42578125000182,56.92578125000182,2.5,1.0,0.0,False,False,47199.632812500044,50062.147135416664,-2862.5143229166206,True,Tuesday
2025-10-01,-53.27604166666788,-48.27604166666788,5.0,2.0,2.0,False,False,47146.35677083337,50062.147135416664,-2915.790364583292,False,Wednesday
2025-10-02,27.5,30.0,2.5,1.0,0.0,False,False,47173.85677083337,50062.147135416664,-2888.290364583292,True,Thursday
2025-10-03,-72.55989583333303,-65.05989583333303,7.5,3.0,3.0,False,False,47101.29687500004,50062.147135416664,-2960.850260416628,False,Friday
2025-10-06,21.25,23.75,2.5,1.0,0.0,False,False,47122.54687500004,50062.147135416664,-2939.600260416628,True,Monday
2025-10-07,0.0,0.0,0.0,0.0,0.0,False,False,47122.54687500004,50062.147135416664,-2939.600260416628,False,Tuesday
2025-10-08,21.444010416671517,26.444010416671517,5.0,2.0,1.0,False,False,47143.99088541671,50062.147135416664,-2918.1562499999563,True,Wednesday
2025-10-09,0.0,0.0,0.0,0.0,0.0,False,False,47143.99088541671,50062.147135416664,-2918.1562499999563,False,Thursday
2025-10-10,138.29296874999727,140.79296874999727,2.5,1.0,0.0,False,False,47282.28385416671,50062.147135416664,-2779.8632812499563,True,Friday
2025-10-13,-44.38281249999818,-41.88281249999818,2.5,1.0,1.0,False,False,47237.90104166671,50062.147135416664,-2824.2460937499563,False,Monday
2025-10-14,56.91145833333394,61.91145833333394,5.0,2.0,1.0,False,False,47294.812500000044,50062.147135416664,-2767.3346354166206,True,Tuesday
2025-10-15,0.0,0.0,0.0,0.0,0.0,False,False,47294.812500000044,50062.147135416664,-2767.3346354166206,False,Wednesday
2025-10-16,0.0,0.0,0.0,0.0,0.0,False,False,47294.812500000044,50062.147135416664,-2767.3346354166206,False,Thursday
2025-10-17,0.0,0.0,0.0,0.0,0.0,False,False,47294.812500000044,50062.147135416664,-2767.3346354166206,False,Friday
2025-10-20,17.141927083325754,24.641927083325754,7.5,3.0,2.0,False,False,47311.95442708337,50062.147135416664,-2750.192708333292,True,Monday
2025-10-21,-31.37760416666879,-28.87760416666879,2.5,1.0,1.0,False,False,47280.5768229167,50062.147135416664,-2781.5703124999636,False,Tuesday
2025-10-22,0.0,0.0,0.0,0.0,0.0,False,False,47280.5768229167,50062.147135416664,-2781.5703124999636,False,Wednesday
2025-10-23,1.25,3.75,2.5,1.0,0.0,False,False,47281.8268229167,50062.147135416664,-2780.3203124999636,True,Thursday
2025-10-24,0.0,0.0,0.0,0.0,0.0,False,False,47281.8268229167,50062.147135416664,-2780.3203124999636,False,Friday
2025-10-27,5.649739583336668,13.149739583336668,7.5,3.0,1.0,False,False,47287.47656250004,50062.147135416664,-2774.670572916628,True,Monday
2025-10-28,8.944010416662422,13.944010416662422,5.0,2.0,1.0,False,False,47296.4205729167,50062.147135416664,-2765.7265624999636,True,Tuesday
2025-10-29,0.0,0.0,0.0,0.0,0.0,False,False,47296.4205729167,50062.147135416664,-2765.7265624999636,False,Wednesday
2025-10-30,0.0,0.0,0.0,0.0,0.0,False,False,47296.4205729167,50062.147135416664,-2765.7265624999636,False,Thursday
2025-10-31,-48.83072916666606,-46.33072916666606,2.5,1.0,1.0,False,False,47247.58984375004,50062.147135416664,-2814.557291666628,False,Friday
2025-11-03,-55.33854166666515,-52.83854166666515,2.5,1.0,1.0,False,False,47192.25130208337,50062.147135416664,-2869.895833333292,False,Monday
2025-11-04,77.25390624999818,79.75390624999818,2.5,1.0,0.0,False,False,47269.505208333365,50062.147135416664,-2792.6419270832994,True,Tuesday
2025-11-05,-11.25,-8.75,2.5,1.0,1.0,False,False,47258.255208333365,50062.147135416664,-2803.8919270832994,False,Wednesday
2025-11-06,22.5,25.0,2.5,1.0,0.0,False,False,47280.755208333365,50062.147135416664,-2781.3919270832994,True,Thursday
2025-11-07,-81.76302083333212,-79.26302083333212,2.5,1.0,1.0,False,False,47198.99218750004,50062.147135416664,-2863.154947916628,False,Friday
2025-11-10,-15.910156249997272,-10.910156249997272,5.0,2.0,1.0,False,False,47183.08203125004,50062.147135416664,-2879.065104166628,False,Monday
2025-11-11,0.0,0.0,0.0,0.0,0.0,False,False,47183.08203125004,50062.147135416664,-2879.065104166628,False,Tuesday
2025-11-12,-46.26041666666879,-43.76041666666879,2.5,1.0,1.0,False,False,47136.82161458337,50062.147135416664,-2925.325520833292,False,Wednesday
2025-11-13,-52.16666666666697,-49.66666666666697,2.5,1.0,1.0,False,False,47084.6549479167,50062.147135416664,-2977.4921874999636,False,Thursday
2025-11-14,-76.63802083333394,-74.13802083333394,2.5,1.0,1.0,False,False,47008.016927083365,50062.147135416664,-3054.1302083332994,False,Friday
2025-11-17,0.0,0.0,0.0,0.0,0.0,False,False,47008.016927083365,50062.147135416664,-3054.1302083332994,False,Monday
2025-11-18,-119.42708333333485,-116.92708333333485,2.5,1.0,1.0,False,False,46888.58984375003,50062.147135416664,-3173.557291666635,False,Tuesday
2025-11-19,0.0,0.0,0.0,0.0,0.0,False,False,46888.58984375003,50062.147135416664,-3173.557291666635,False,Wednesday
2025-11-20,0.0,0.0,0.0,0.0,0.0,False,False,46888.58984375003,50062.147135416664,-3173.557291666635,False,Thursday
2025-11-21,-65.10156249999909,-62.60156249999909,2.5,1.0,1.0,False,False,46823.48828125004,50062.147135416664,-3238.658854166628,False,Friday
2025-11-24,-21.25,-18.75,2.5,1.0,1.0,False,False,46802.23828125004,50062.147135416664,-3259.908854166628,False,Monday
2025-11-25,76.06249999999363,83.56249999999363,7.5,3.0,1.0,False,False,46878.30078125003,50062.147135416664,-3183.846354166635,True,Tuesday
2025-11-26,-3.75,-1.25,2.5,1.0,1.0,False,False,46874.55078125003,50062.147135416664,-3187.596354166635,False,Wednesday
2025-11-27,0.0,0.0,0.0,0.0,0.0,False,False,46874.55078125003,50062.147135416664,-3187.596354166635,False,Thursday
2025-11-28,0.0,0.0,0.0,0.0,0.0,False,False,46874.55078125003,50062.147135416664,-3187.596354166635,False,Friday
2025-12-01,-43.88541666666697,-38.88541666666697,5.0,2.0,2.0,False,False,46830.66536458336,50062.147135416664,-3231.4817708333067,False,Monday
2025-12-02,-31.11718749999909,-28.61718749999909,2.5,1.0,1.0,False,False,46799.54817708336,50062.147135416664,-3262.5989583333067,False,Tuesday
2025-12-03,24.00390625,29.00390625,5.0,2.0,1.0,False,False,46823.55208333336,50062.147135416664,-3238.5950520833067,True,Wednesday
2025-12-04,0.0,0.0,0.0,0.0,0.0,False,False,46823.55208333336,50062.147135416664,-3238.5950520833067,False,Thursday
2025-12-05,-90.23697916667061,-85.23697916667061,5.0,2.0,2.0,False,False,46733.31510416669,50062.147135416664,-3328.832031249971,False,Friday
2025-12-08,0.0,0.0,0.0,0.0,0.0,False,False,46733.31510416669,50062.147135416664,-3328.832031249971,False,Monday
2025-12-09,0.0,0.0,0.0,0.0,0.0,False,False,46733.31510416669,50062.147135416664,-3328.832031249971,False,Tuesday
2025-12-10,0.0,0.0,0.0,0.0,0.0,False,False,46733.31510416669,50062.147135416664,-3328.832031249971,False,Wednesday
2025-12-11,55.05078125000182,60.05078125000182,5.0,2.0,0.0,False,False,46788.36588541669,50062.147135416664,-3273.781249999971,True,Thursday
2025-12-12,0.0,0.0,0.0,0.0,0.0,False,False,46788.36588541669,50062.147135416664,-3273.781249999971,False,Friday
2025-12-15,-52.50520833333212,-50.00520833333212,2.5,1.0,1.0,False,False,46735.86067708336,50062.147135416664,-3326.2864583333067,False,Monday
2025-12-16,-26.25,-23.75,2.5,1.0,1.0,False,False,46709.61067708336,50062.147135416664,-3352.5364583333067,False,Tuesday
2025-12-17,1.25,3.75,2.5,1.0,0.0,False,False,46710.86067708336,50062.147135416664,-3351.2864583333067,True,Wednesday
2025-12-18,-40.82552083333212,-38.32552083333212,2.5,1.0,1.0,False,False,46670.03515625003,50062.147135416664,-3392.111979166635,False,Thursday
2025-12-22,-81.91145833333394,-76.91145833333394,5.0,2.0,2.0,False,False,46588.12369791669,50062.147135416664,-3474.023437499971,False,Monday
2025-12-23,18.75,23.75,5.0,2.0,0.0,False,False,46606.87369791669,50062.147135416664,-3455.273437499971,True,Tuesday
2025-12-24,0.0,0.0,0.0,0.0,0.0,False,False,46606.87369791669,50062.147135416664,-3455.273437499971,False,Wednesday
2025-12-26,-2.5,0.0,2.5,1.0,1.0,False,False,46604.37369791669,50062.147135416664,-3457.773437499971,False,Friday
2025-12-29,-25.27864583333212,-22.77864583333212,2.5,1.0,1.0,False,False,46579.095052083365,50062.147135416664,-3483.0520833332994,False,Monday
2025-12-30,0.0,0.0,0.0,0.0,0.0,False,False,46579.095052083365,50062.147135416664,-3483.0520833332994,False,Tuesday
2025-12-31,0.0,0.0,0.0,0.0,0.0,False,False,46579.095052083365,50062.147135416664,-3483.0520833332994,False,Wednesday
2026-01-02,-116.08333333333576,-111.08333333333576,5.0,2.0,2.0,False,False,46463.01171875003,50062.147135416664,-3599.135416666635,False,Friday
2026-01-05,12.5,15.0,2.5,1.0,0.0,False,False,46475.51171875003,50062.147135416664,-3586.635416666635,True,Monday
2026-01-06,11.859374999994543,16.859374999994543,5.0,2.0,1.0,False,False,46487.37109375002,50062.147135416664,-3574.7760416666424,True,Tuesday
2026-01-07,-25.88802083333121,-23.38802083333121,2.5,1.0,1.0,False,False,46461.483072916686,50062.147135416664,-3600.664062499978,False,Wednesday
2026-01-08,0.0,0.0,0.0,0.0,0.0,False,False,46461.483072916686,50062.147135416664,-3600.664062499978,False,Thursday
2026-01-09,-2.341145833329392,7.658854166670608,10.0,4.0,2.0,False,False,46459.14192708336,50062.147135416664,-3603.0052083333067,False,Friday
2026-01-12,24.937499999996362,27.437499999996362,2.5,1.0,0.0,False,False,46484.07942708336,50062.147135416664,-3578.0677083333067,True,Monday
2026-01-13,0.0,0.0,0.0,0.0,0.0,False,False,46484.07942708336,50062.147135416664,-3578.0677083333067,False,Tuesday
2026-01-14,-9.580729166668789,-4.580729166668789,5.0,2.0,1.0,False,False,46474.498697916686,50062.147135416664,-3587.648437499978,False,Wednesday
2026-01-15,-33.93489583333121,-31.43489583333121,2.5,1.0,1.0,False,False,46440.56380208336,50062.147135416664,-3621.5833333333067,False,Thursday
2026-01-16,0.0,0.0,0.0,0.0,0.0,False,False,46440.56380208336,50062.147135416664,-3621.5833333333067,False,Friday
2026-01-19,0.0,0.0,0.0,0.0,0.0,False,False,46440.56380208336,50062.147135416664,-3621.5833333333067,False,Monday
2026-01-20,52.19140624999454,54.69140624999454,2.5,1.0,0.0,False,False,46492.75520833335,50062.147135416664,-3569.391927083314,True,Tuesday
2026-01-21,0.0,0.0,0.0,0.0,0.0,False,False,46492.75520833335,50062.147135416664,-3569.391927083314,False,Wednesday
2026-01-22,57.10546874999636,62.10546874999636,5.0,2.0,0.0,False,False,46549.86067708335,50062.147135416664,-3512.286458333314,True,Thursday
2026-01-23,-37.14322916666788,-34.64322916666788,2.5,1.0,1.0,False,False,46512.71744791668,50062.147135416664,-3549.4296874999854,False,Friday
2026-01-26,6.25,8.75,2.5,1.0,0.0,False,False,46518.96744791668,50062.147135416664,-3543.1796874999854,True,Monday
2026-01-27,-8.75,-6.25,2.5,1.0,1.0,False,False,46510.21744791668,50062.147135416664,-3551.9296874999854,False,Tuesday
2026-01-28,0.0,0.0,0.0,0.0,0.0,False,False,46510.21744791668,50062.147135416664,-3551.9296874999854,False,Wednesday
2026-01-29,53.75,56.25,2.5,1.0,0.0,False,False,46563.96744791668,50062.147135416664,-3498.1796874999854,True,Thursday
2026-01-30,0.0,0.0,0.0,0.0,0.0,False,False,46563.96744791668,50062.147135416664,-3498.1796874999854,False,Friday
2026-02-02,-109.47916666666515,-104.47916666666515,5.0,2.0,2.0,False,False,46454.488281250015,50062.147135416664,-3607.6588541666497,False,Monday
2026-02-03,0.0,0.0,0.0,0.0,0.0,False,False,46454.488281250015,50062.147135416664,-3607.6588541666497,False,Tuesday
2026-02-04,0.0,0.0,0.0,0.0,0.0,False,False,46454.488281250015,50062.147135416664,-3607.6588541666497,False,Wednesday
2026-02-05,-129.36979166666788,-124.36979166666788,5.0,2.0,2.0,False,False,46325.11848958334,50062.147135416664,-3737.028645833321,False,Thursday
2026-02-06,116.16406250000182,123.66406250000182,7.5,3.0,0.0,False,False,46441.28255208335,50062.147135416664,-3620.864583333314,True,Friday
2026-02-09,-7.5,-5.0,2.5,1.0,1.0,False,False,46433.78255208335,50062.147135416664,-3628.364583333314,False,Monday
2026-02-10,0.0,0.0,0.0,0.0,0.0,False,False,46433.78255208335,50062.147135416664,-3628.364583333314,False,Tuesday
2026-02-11,-47.71614583333303,-45.21614583333303,2.5,1.0,1.0,False,False,46386.066406250015,50062.147135416664,-3676.0807291666497,False,Wednesday
2026-02-12,0.0,0.0,0.0,0.0,0.0,False,False,46386.066406250015,50062.147135416664,-3676.0807291666497,False,Thursday
2026-02-13,0.0,0.0,0.0,0.0,0.0,False,False,46386.066406250015,50062.147135416664,-3676.0807291666497,False,Friday
2026-02-16,0.0,0.0,0.0,0.0,0.0,False,False,46386.066406250015,50062.147135416664,-3676.0807291666497,False,Monday
2026-02-17,-56.86197916666515,-54.36197916666515,2.5,1.0,1.0,False,False,46329.20442708335,50062.147135416664,-3732.942708333314,False,Tuesday
2026-02-18,17.5,20.0,2.5,1.0,0.0,False,False,46346.70442708335,50062.147135416664,-3715.442708333314,True,Wednesday
2026-02-19,0.0,0.0,0.0,0.0,0.0,False,False,46346.70442708335,50062.147135416664,-3715.442708333314,False,Thursday
2026-02-20,0.0,0.0,0.0,0.0,0.0,False,False,46346.70442708335,50062.147135416664,-3715.442708333314,False,Friday
2026-02-23,-45.61718750000182,-43.11718750000182,2.5,1.0,1.0,False,False,46301.08723958335,50062.147135416664,-3761.059895833314,False,Monday
2026-02-24,0.0,0.0,0.0,0.0,0.0,False,False,46301.08723958335,50062.147135416664,-3761.059895833314,False,Tuesday
2026-02-25,17.5,22.5,5.0,2.0,0.0,False,False,46318.58723958335,50062.147135416664,-3743.559895833314,True,Wednesday
2026-02-26,-108.65364583333303,-103.65364583333303,5.0,2.0,2.0,False,False,46209.933593750015,50062.147135416664,-3852.2135416666497,False,Thursday
2026-02-27,0.0,0.0,0.0,0.0,0.0,False,False,46209.933593750015,50062.147135416664,-3852.2135416666497,False,Friday
2026-03-02,-61.01041666666788,-56.01041666666788,5.0,2.0,2.0,False,False,46148.92317708335,50062.147135416664,-3913.223958333314,False,Monday
2026-03-03,-30.52604166666697,-25.52604166666697,5.0,2.0,1.0,False,False,46118.39713541668,50062.147135416664,-3943.7499999999854,False,Tuesday
2026-03-04,-1.25,1.25,2.5,1.0,1.0,False,False,46117.14713541668,50062.147135416664,-3944.9999999999854,False,Wednesday
2026-03-05,0.0,0.0,0.0,0.0,0.0,False,False,46117.14713541668,50062.147135416664,-3944.9999999999854,False,Thursday
2026-03-06,0.0,0.0,0.0,0.0,0.0,False,False,46117.14713541668,50062.147135416664,-3944.9999999999854,False,Friday
2026-03-09,66.40625,68.90625,2.5,1.0,0.0,False,False,46183.55338541668,50062.147135416664,-3878.5937499999854,True,Monday
2026-03-10,-39.93750000000091,-34.93750000000091,5.0,2.0,1.0,False,False,46143.61588541668,50062.147135416664,-3918.5312499999854,False,Tuesday
2026-03-11,-76.32031250000182,-73.82031250000182,2.5,1.0,1.0,False,False,46067.29557291668,50062.147135416664,-3994.8515624999854,False,Wednesday
2026-03-12,-54.02604166666606,-51.52604166666606,2.5,1.0,1.0,False,False,46013.269531250015,50062.147135416664,-4048.8776041666497,False,Thursday
2026-03-13,-41.75260416666788,-39.25260416666788,2.5,1.0,1.0,False,False,45971.51692708334,50062.147135416664,-4090.630208333321,False,Friday
2026-03-16,-35.03645833333394,-32.53645833333394,2.5,1.0,1.0,False,False,45936.48046875001,50062.147135416664,-4125.666666666657,False,Monday
2026-03-17,0.0,0.0,0.0,0.0,0.0,False,False,45936.48046875001,50062.147135416664,-4125.666666666657,False,Tuesday
2026-03-18,0.0,0.0,0.0,0.0,0.0,False,False,45936.48046875001,50062.147135416664,-4125.666666666657,False,Wednesday
2026-03-19,0.0,0.0,0.0,0.0,0.0,False,False,45936.48046875001,50062.147135416664,-4125.666666666657,False,Thursday
