setup_id,direction,signal_time,baseline_entry_time,baseline_entry_price,baseline_exit_time,baseline_exit_price,baseline_exit_reason,baseline_pnl,bars_to_exit_baseline_1h,baseline_stop_price,baseline_target_price,hybrid_entry_time,hybrid_entry_price,hybrid_after_exit_time,hybrid_after_exit_price,hybrid_after_exit_reason,hybrid_after_entry_fill_pnl,minutes_to_exit_hybrid,hybrid_stop_price,hybrid_target_price,hybrid_time_stop_at,session_date,quantity,fees,initial_stop_price,hybrid_next_entry_time,hybrid_next_entry_price,hybrid_next_exit_time,hybrid_next_exit_price,hybrid_next_exit_reason,hybrid_next_execution_bar_pnl,matched_status,delta_pnl_after_entry_fill,delta_pnl_next_execution_bar,entry_price_delta_ticks,exit_price_delta_ticks,pnl_delta_bucket,divergence_type,divergence_subtype,is_baseline_winner,is_hybrid_winner,winner_flipped,exit_reason_changed,primary_pnl_driver,entry_time,entry_price,stop_price,target_price,evaluation_end_time,mfe_ticks_1m,mae_ticks_1m,mfe_usd_1m,mae_usd_1m,first_touch,first_touch_time,first_touch_minutes_after_entry,baseline_exit_level_touched_before_hybrid_exit,hybrid_stop_touched_before_baseline_target,hybrid_target_touched_before_baseline_stop,min_low_before_target,max_high_before_stop,adverse_excursion_before_favorable_excursion,favorable_excursion_before_adverse_excursion,time_to_mfe_minutes,time_to_mae_minutes,stop_touch_time,target_touch_time,ambiguous_policy_applied
short|2025-02-28 09:30:00-0500,short,2025-02-28 09:30:00-05:00,2025-02-28 10:30:00-05:00,20756.25,2025-02-28 12:30:00-05:00,20583.05,target,343.90000000000146,2.0,20759.0,20582.8,2025-02-28 10:31:00-05:00,20754.75,2025-02-28 10:31:00-05:00,20759.25,stop_1m,-11.5,0.0,20759.0,20581.3,2025-02-28 12:31:00-05:00,2025-02-28,1.0,2.5,20759.0,2025-02-28 10:31:00-05:00,20754.75,2025-02-28 10:32:00-05:00,20759.25,stop_1m,-11.5,matched,-355.40000000000146,-355.40000000000146,-6.0,-704.8000000000029,<=-40,winner_to_loser,stop_reached_on_1min_path_only,True,False,True,True,stop_before_target_effect,2025-02-28 10:31:00-05:00,20754.75,20759.0,20581.3,2025-02-28 12:31:00-05:00,521.0,92.0,260.5,46.0,stop,2025-02-28 10:31:00-05:00,0.0,False,False,False,20624.5,20777.75,True,False,59.0,0.0,2025-02-28 10:31:00-05:00,,
long|2021-12-21 09:30:00-0500,long,2021-12-21 09:30:00-05:00,2021-12-21 10:30:00-05:00,15626.75,2021-12-21 11:30:00-05:00,15771.0375,target,286.0750000000007,1.0,15613.75,15771.2875,2021-12-21 10:31:00-05:00,15638.75,2021-12-21 10:34:00-05:00,15613.5,stop_1m,-53.0,3.0,15613.75,15783.2875,2021-12-21 12:31:00-05:00,2021-12-21,1.0,2.5,15613.75,2021-12-21 10:31:00-05:00,15638.75,2021-12-21 10:34:00-05:00,15613.5,stop_1m,-53.0,matched,-339.0750000000007,-339.0750000000007,-48.0,-630.1500000000015,<=-40,winner_to_loser,stop_reached_on_1min_path_only,True,False,True,True,stop_before_target_effect,2021-12-21 10:31:00-05:00,15638.75,15613.75,15783.2875,2021-12-21 12:31:00-05:00,828.0,134.0,414.0,67.0,stop,2021-12-21 10:34:00-05:00,3.0,False,True,False,15605.25,15644.25,True,False,120.0,7.0,2021-12-21 10:34:00-05:00,,
long|2022-01-10 09:30:00-0500,long,2022-01-10 09:30:00-05:00,2022-01-10 10:30:00-05:00,15233.0,2022-01-10 12:30:00-05:00,15365.4625,target,262.4249999999993,2.0,15194.75,15365.7125,2022-01-10 10:31:00-05:00,15228.25,2022-01-10 10:35:00-05:00,15194.5,stop_1m,-70.0,4.0,15194.75,15360.9625,2022-01-10 12:31:00-05:00,2022-01-10,1.0,2.5,15194.75,2022-01-10 10:31:00-05:00,15228.25,2022-01-10 10:35:00-05:00,15194.5,stop_1m,-70.0,matched,-332.4249999999993,-332.4249999999993,19.0,-683.8499999999985,<=-40,winner_to_loser,stop_reached_on_1min_path_only,True,False,True,True,stop_before_target_effect,2022-01-10 10:31:00-05:00,15228.25,15194.75,15360.9625,2022-01-10 12:31:00-05:00,402.0,303.0,201.0,151.5,stop,2022-01-10 10:35:00-05:00,4.0,False,False,False,15152.5,15244.75,True,False,58.0,18.0,2022-01-10 10:35:00-05:00,,
long|2025-05-12 09:30:00-0400,long,2025-05-12 09:30:00-04:00,2025-05-12 10:30:00-04:00,20741.75,2025-05-12 12:30:00-04:00,20905.4375,target,324.875,2.0,20723.75,20905.6875,,,,,,,,,,,,,,,,,,,,,baseline_only,-324.875,-324.875,,,<=-40,baseline_trade_missing_in_hybrid,missing_data_or_alignment,True,False,False,True,removed_or_missing_trades_effect,,,,,,,,,,,,,,,,,,,,,,,,
long|2022-04-28 09:30:00-0400,long,2022-04-28 09:30:00-04:00,2022-04-28 10:30:00-04:00,13065.5,2022-04-28 11:30:00-04:00,13222.3,target,311.09999999999854,1.0,13063.75,13222.55,2022-04-28 10:31:00-04:00,13064.5,2022-04-28 10:31:00-04:00,13063.5,stop_1m,-4.5,0.0,13063.75,13221.55,2022-04-28 12:31:00-04:00,2022-04-28,1.0,2.5,13063.75,2022-04-28 10:31:00-04:00,13064.5,2022-04-28 10:32:00-04:00,13063.5,stop_1m,-4.5,matched,-315.59999999999854,-315.59999999999854,4.0,-635.1999999999971,<=-40,winner_to_loser,stop_reached_on_1min_path_only,True,False,True,True,stop_before_target_effect,2022-04-28 10:31:00-04:00,13064.5,13063.75,13221.55,2022-04-28 12:31:00-04:00,813.0,124.0,406.5,62.0,stop,2022-04-28 10:31:00-04:00,0.0,False,True,False,13033.5,13074.0,True,False,120.0,10.0,2022-04-28 10:31:00-04:00,,
long|2024-09-24 09:30:00-0400,long,2024-09-24 09:30:00-04:00,2024-09-24 10:30:00-04:00,19987.75,2024-09-24 11:30:00-04:00,20123.7375,target,269.47499999999854,1.0,19963.75,20123.9875,2024-09-24 10:31:00-04:00,19983.25,2024-09-24 10:40:00-04:00,19963.5,stop_1m,-42.0,9.0,19963.75,20119.4875,2024-09-24 12:31:00-04:00,2024-09-24,1.0,2.5,19963.75,2024-09-24 10:31:00-04:00,19983.25,2024-09-24 10:40:00-04:00,19963.5,stop_1m,-42.0,matched,-311.47499999999854,-311.47499999999854,18.0,-640.9499999999971,<=-40,winner_to_loser,stop_reached_on_1min_path_only,True,False,True,True,stop_before_target_effect,2024-09-24 10:31:00-04:00,19983.25,19963.75,20119.4875,2024-09-24 12:31:00-04:00,926.0,125.0,463.0,62.5,stop,2024-09-24 10:40:00-04:00,9.0,False,True,False,19952.0,20012.0,True,False,84.0,10.0,2024-09-24 10:40:00-04:00,,
short|2022-05-02 09:30:00-0400,short,2022-05-02 09:30:00-04:00,2022-05-02 10:30:00-04:00,12982.5,2022-05-02 11:30:00-04:00,12837.6875,target,287.125,1.0,12994.25,12837.4375,,,,,,,,,,,,,,,,,,,,,baseline_only,-287.125,-287.125,,,<=-40,baseline_trade_missing_in_hybrid,missing_data_or_alignment,True,False,False,True,removed_or_missing_trades_effect,,,,,,,,,,,,,,,,,,,,,,,,
long|2024-07-18 10:30:00-0400,long,2024-07-18 10:30:00-04:00,2024-07-18 11:30:00-04:00,19821.75,2024-07-18 12:30:00-04:00,19944.25,target,242.5,1.0,19816.25,19944.5,2024-07-18 11:31:00-04:00,19832.75,2024-07-18 11:31:00-04:00,19816.0,stop_1m,-36.0,0.0,19816.25,19955.5,2024-07-18 13:31:00-04:00,2024-07-18,1.0,2.5,19816.25,2024-07-18 11:31:00-04:00,19832.75,2024-07-18 11:32:00-04:00,19816.0,stop_1m,-36.0,matched,-278.5,-278.5,-44.0,-513.0,<=-40,winner_to_loser,stop_reached_on_1min_path_only,True,False,True,True,stop_before_target_effect,2024-07-18 11:31:00-04:00,19832.75,19816.25,19955.5,2024-07-18 13:31:00-04:00,455.0,240.0,227.5,120.0,stop,2024-07-18 11:31:00-04:00,0.0,False,True,False,19772.75,19835.5,True,False,112.0,32.0,2024-07-18 11:31:00-04:00,,
long|2020-10-06 14:30:00-0400,long,2020-10-06 14:30:00-04:00,2020-10-06 15:30:00-04:00,11325.5,2020-10-07 09:30:00-04:00,11423.025,target,192.54999999999927,1.0,11238.5,11423.275,2020-10-06 15:31:00-04:00,11323.75,2020-10-06 16:00:00-04:00,11283.25,eod_flat_1m,-83.5,29.0,11238.5,11421.525,2020-10-06 17:31:00-04:00,2020-10-06,1.0,2.5,11238.5,2020-10-06 15:31:00-04:00,11323.75,2020-10-06 16:00:00-04:00,11283.25,eod_flat_1m,-83.5,matched,-276.0499999999993,-276.0499999999993,7.0,-559.0999999999985,<=-40,winner_to_loser,target_not_reached_on_1min_path,True,False,True,True,target_not_reached_effect,2020-10-06 15:31:00-04:00,11323.75,11238.5,11421.525,2020-10-07 09:30:00-04:00,102.0,317.0,51.0,158.5,none,,,False,False,False,11244.5,11349.25,False,True,3.0,22.0,,,
long|2026-02-26 09:30:00-0500,long,2026-02-26 09:30:00-05:00,2026-02-26 10:30:00-05:00,24933.25,2026-02-26 11:30:00-05:00,25048.3875,target,227.77500000000143,1.0,24885.0,25048.6375,2026-02-26 10:31:00-05:00,24905.0,2026-02-26 10:34:00-05:00,24884.75,stop_1m,-43.0,3.0,24885.0,25020.3875,2026-02-26 12:31:00-05:00,2026-02-26,1.0,2.5,24885.0,2026-02-26 10:31:00-05:00,24905.0,2026-02-26 10:34:00-05:00,24884.75,stop_1m,-43.0,matched,-270.77500000000146,-270.77500000000146,113.0,-654.5500000000029,<=-40,winner_to_loser,stop_reached_on_1min_path_only,True,False,True,True,stop_before_target_effect,2026-02-26 10:31:00-05:00,24905.0,24885.0,25020.3875,2026-02-26 12:31:00-05:00,722.0,172.0,361.0,86.0,stop,2026-02-26 10:34:00-05:00,3.0,False,True,False,24862.0,24935.0,True,False,55.0,3.0,2026-02-26 10:34:00-05:00,,
long|2025-01-10 09:30:00-0500,long,2025-01-10 09:30:00-05:00,2025-01-10 10:30:00-05:00,21030.75,2025-01-10 12:30:00-05:00,21109.0,time_stop,154.0,2.0,20874.75,21188.025,2025-01-10 10:31:00-05:00,21012.75,2025-01-10 12:31:00-05:00,20957.25,time_stop_1m,-113.5,120.0,20874.75,21170.025,2025-01-10 12:31:00-05:00,2025-01-10,1.0,2.5,20874.75,2025-01-10 10:31:00-05:00,21012.75,2025-01-10 12:31:00-05:00,20957.25,time_stop_1m,-113.5,matched,-267.5,-267.5,72.0,-607.0,<=-40,winner_to_loser,target_not_reached_on_1min_path,True,False,True,True,target_not_reached_effect,2025-01-10 10:31:00-05:00,21012.75,20874.75,21170.025,2025-01-10 12:31:00-05:00,441.0,507.0,220.5,253.5,none,,,True,False,False,20886.0,21123.0,False,True,18.0,67.0,,,
long|2020-11-10 09:30:00-0500,long,2020-11-10 09:30:00-05:00,2020-11-10 10:30:00-05:00,11563.75,2020-11-10 11:30:00-05:00,11671.7375,target,213.47499999999852,1.0,11562.5,11671.9875,2020-11-10 10:31:00-05:00,11581.75,2020-11-10 10:33:00-05:00,11562.25,stop_1m,-41.5,2.0,11562.5,11689.9875,2020-11-10 12:31:00-05:00,2020-11-10,1.0,2.5,11562.5,2020-11-10 10:31:00-05:00,11581.75,2020-11-10 10:33:00-05:00,11562.25,stop_1m,-41.5,matched,-254.97499999999852,-254.97499999999852,-72.0,-437.9499999999971,<=-40,winner_to_loser,stop_reached_on_1min_path_only,True,False,True,True,stop_before_target_effect,2020-11-10 10:31:00-05:00,11581.75,11562.5,11689.9875,2020-11-10 12:31:00-05:00,649.0,315.0,324.5,157.5,stop,2020-11-10 10:33:00-05:00,2.0,False,True,False,11503.0,11581.5,True,False,101.0,13.0,2020-11-10 10:33:00-05:00,,
short|2022-04-25 09:30:00-0400,short,2022-04-25 09:30:00-04:00,2022-04-25 10:30:00-04:00,13392.25,2022-04-25 11:30:00-04:00,13263.825,target,254.34999999999852,1.0,13407.0,13263.575,,,,,,,,,,,,,,,,,,,,,baseline_only,-254.34999999999852,-254.34999999999852,,,<=-40,baseline_trade_missing_in_hybrid,missing_data_or_alignment,True,False,False,True,removed_or_missing_trades_effect,,,,,,,,,,,,,,,,,,,,,,,,
short|2022-01-14 09:30:00-0500,short,2022-01-14 09:30:00-05:00,2022-01-14 10:30:00-05:00,15514.25,2022-01-14 12:30:00-05:00,15405.825,target,214.34999999999852,2.0,15601.0,15405.575,2022-01-14 10:31:00-05:00,15498.0,2022-01-14 12:31:00-05:00,15514.75,time_stop_1m,-36.0,120.0,15601.0,15389.325,2022-01-14 12:31:00-05:00,2022-01-14,1.0,2.5,15601.0,2022-01-14 10:31:00-05:00,15498.0,2022-01-14 12:31:00-05:00,15514.75,time_stop_1m,-36.0,matched,-250.34999999999852,-250.34999999999852,-65.0,-435.6999999999971,<=-40,winner_to_loser,worse_entry_price,True,False,True,True,entry_price_effect,2022-01-14 10:31:00-05:00,15498.0,15601.0,15389.325,2022-01-14 12:31:00-05:00,320.0,298.0,160.0,149.0,none,,,False,False,False,15418.0,15572.5,False,True,44.0,76.0,,,
long|2024-09-11 09:30:00-0400,long,2024-09-11 09:30:00-04:00,2024-09-11 10:30:00-04:00,18655.75,2024-09-11 11:30:00-04:00,18776.375,target,238.75,1.0,18643.5,18776.625,,,,,,,,,,,,,,,,,,,,,baseline_only,-238.75,-238.75,,,<=-40,baseline_trade_missing_in_hybrid,missing_data_or_alignment,True,False,False,True,removed_or_missing_trades_effect,,,,,,,,,,,,,,,,,,,,,,,,
long|2022-07-28 09:30:00-0400,long,2022-07-28 09:30:00-04:00,2022-07-28 10:30:00-04:00,12474.0,2022-07-28 11:30:00-04:00,12574.0,target,197.5,1.0,12452.25,12574.25,2022-07-28 10:31:00-04:00,12470.75,2022-07-28 10:32:00-04:00,12452.0,stop_1m,-40.0,1.0,12452.25,12571.0,2022-07-28 12:31:00-04:00,2022-07-28,1.0,2.5,12452.25,2022-07-28 10:31:00-04:00,12470.75,2022-07-28 10:32:00-04:00,12452.0,stop_1m,-40.0,matched,-237.5,-237.5,13.0,-488.0,<=-40,winner_to_loser,stop_reached_on_1min_path_only,True,False,True,True,stop_before_target_effect,2022-07-28 10:31:00-04:00,12470.75,12452.25,12571.0,2022-07-28 12:31:00-04:00,897.0,86.0,448.5,43.0,stop,2022-07-28 10:32:00-04:00,1.0,False,True,False,12449.25,12472.25,True,False,82.0,1.0,2022-07-28 10:32:00-04:00,,
long|2023-01-25 09:30:00-0500,long,2023-01-25 09:30:00-05:00,2023-01-25 10:30:00-05:00,11647.5,2023-01-25 11:30:00-05:00,11728.1375,target,158.77500000000146,1.0,11614.25,11728.3875,2023-01-25 10:31:00-05:00,11652.0,2023-01-25 10:37:00-05:00,11614.0,stop_1m,-78.5,6.0,11614.25,11732.8875,2023-01-25 12:31:00-05:00,2023-01-25,1.0,2.5,11614.25,2023-01-25 10:31:00-05:00,11652.0,2023-01-25 10:37:00-05:00,11614.0,stop_1m,-78.5,matched,-237.27500000000146,-237.27500000000146,-18.0,-456.5500000000029,<=-40,winner_to_loser,stop_reached_on_1min_path_only,True,False,True,True,stop_before_target_effect,2023-01-25 10:31:00-05:00,11652.0,11614.25,11732.8875,2023-01-25 12:31:00-05:00,546.0,190.0,273.0,95.0,stop,2023-01-25 10:37:00-05:00,6.0,False,True,False,11604.5,11671.25,True,False,86.0,6.0,2023-01-25 10:37:00-05:00,,
long|2020-04-07 09:30:00-0400,long,2020-04-07 09:30:00-04:00,2020-04-07 10:30:00-04:00,8131.5,2020-04-07 11:30:00-04:00,8232.3625,target,199.22499999999852,1.0,8121.5,8232.6125,2020-04-07 10:31:00-04:00,8138.5,2020-04-07 10:41:00-04:00,8121.25,stop_1m,-37.0,10.0,8121.5,8239.6125,2020-04-07 12:31:00-04:00,2020-04-07,1.0,2.5,8121.5,2020-04-07 10:31:00-04:00,8138.5,2020-04-07 10:41:00-04:00,8121.25,stop_1m,-37.0,matched,-236.22499999999852,-236.22499999999852,-28.0,-444.4499999999971,<=-40,winner_to_loser,stop_reached_on_1min_path_only,True,False,True,True,stop_before_target_effect,2020-04-07 10:31:00-04:00,8138.5,8121.5,8239.6125,2020-04-07 12:31:00-04:00,480.0,278.0,240.0,139.0,stop,2020-04-07 10:41:00-04:00,10.0,False,True,False,8069.0,8169.75,True,False,111.0,23.0,2020-04-07 10:41:00-04:00,,
long|2025-08-20 09:30:00-0400,long,2025-08-20 09:30:00-04:00,2025-08-20 10:30:00-04:00,23096.25,2025-08-20 11:30:00-04:00,23182.875,target,170.75,1.0,23063.25,23183.125,2025-08-20 10:31:00-04:00,23092.0,2025-08-20 10:41:00-04:00,23063.0,stop_1m,-60.5,10.0,23063.25,23178.875,2025-08-20 12:31:00-04:00,2025-08-20,1.0,2.5,23063.25,2025-08-20 10:31:00-04:00,23092.0,2025-08-20 10:41:00-04:00,23063.0,stop_1m,-60.5,matched,-231.25,-231.25,17.0,-479.5,<=-40,winner_to_loser,stop_reached_on_1min_path_only,True,False,True,True,stop_before_target_effect,2025-08-20 10:31:00-04:00,23092.0,23063.25,23178.875,2025-08-20 12:31:00-04:00,847.0,227.0,423.5,113.5,stop,2025-08-20 10:41:00-04:00,10.0,False,True,False,23035.25,23109.25,True,False,118.0,22.0,2025-08-20 10:41:00-04:00,,
long|2020-06-11 14:30:00-0400,long,2020-06-11 14:30:00-04:00,2020-06-11 15:30:00-04:00,9613.0,2020-06-12 09:30:00-04:00,9695.9875,target,163.47499999999854,1.0,9593.75,9696.2375,2020-06-11 15:31:00-04:00,9624.25,2020-06-11 15:56:00-04:00,9593.5,stop_1m,-64.0,25.0,9593.75,9707.4875,2020-06-11 17:31:00-04:00,2020-06-11,1.0,2.5,9593.75,2020-06-11 15:31:00-04:00,9624.25,2020-06-11 15:56:00-04:00,9593.5,stop_1m,-64.0,matched,-227.47499999999854,-227.47499999999854,-45.0,-409.9499999999971,<=-40,winner_to_loser,stop_reached_on_1min_path_only,True,False,True,True,stop_before_target_effect,2020-06-11 15:31:00-04:00,9624.25,9593.75,9707.4875,2020-06-12 09:30:00-04:00,172.0,159.0,86.0,79.5,stop,2020-06-11 15:56:00-04:00,25.0,False,False,False,9584.5,9667.25,False,True,13.0,28.0,2020-06-11 15:56:00-04:00,,
long|2022-06-27 09:30:00-0400,long,2022-06-27 09:30:00-04:00,2022-06-27 10:30:00-04:00,12037.0,2022-06-27 11:30:00-04:00,12141.9125,target,207.32500000000076,1.0,12020.25,12142.1625,2022-06-27 10:31:00-04:00,12062.0,2022-06-27 12:31:00-04:00,12053.25,time_stop_1m,-20.0,120.0,12020.25,12167.1625,2022-06-27 12:31:00-04:00,2022-06-27,1.0,2.5,12020.25,2022-06-27 10:31:00-04:00,12062.0,2022-06-27 12:31:00-04:00,12053.25,time_stop_1m,-20.0,matched,-227.32500000000076,-227.32500000000076,-100.0,-354.65000000000146,<=-40,winner_to_loser,worse_entry_price,True,False,True,True,entry_price_effect,2022-06-27 10:31:00-04:00,12062.0,12020.25,12167.1625,2022-06-27 12:31:00-04:00,359.0,72.0,179.5,36.0,none,,,True,False,False,12044.0,12151.75,False,True,75.0,120.0,,,
long|2020-09-03 10:30:00-0400,long,2020-09-03 10:30:00-04:00,,,,,,,,,,2020-09-03 11:31:00-04:00,11850.75,2020-09-03 13:03:00-04:00,11744.0,stop_1m,-216.0,92.0,11744.25,11952.75,2020-09-03 13:31:00-04:00,2020-09-03,1.0,2.5,11744.25,2020-09-03 11:31:00-04:00,11850.75,2020-09-03 13:03:00-04:00,11744.0,stop_1m,-216.0,hybrid_only,-216.0,-216.0,,,<=-40,hybrid_trade_missing_in_baseline,missing_data_or_alignment,False,False,False,True,removed_or_missing_trades_effect,2020-09-03 11:31:00-04:00,11850.75,11744.25,11952.75,2020-09-03 13:31:00-04:00,372.0,515.0,186.0,257.5,stop,2020-09-03 13:03:00-04:00,92.0,False,False,False,11722.0,11943.75,False,True,23.0,93.0,2020-09-03 13:03:00-04:00,,
long|2025-12-04 09:30:00-0500,long,2025-12-04 09:30:00-05:00,2025-12-04 10:30:00-05:00,25591.25,2025-12-04 12:30:00-05:00,25621.25,time_stop,57.5,2.0,25520.0,25696.1875,2025-12-04 10:31:00-05:00,25597.5,2025-12-04 11:05:00-05:00,25519.75,stop_1m,-158.0,34.0,25520.0,25702.4375,2025-12-04 12:31:00-05:00,2025-12-04,1.0,2.5,25520.0,2025-12-04 10:31:00-05:00,25597.5,2025-12-04 11:05:00-05:00,25519.75,stop_1m,-158.0,matched,-215.5,-215.5,-25.0,-406.0,<=-40,winner_to_loser,stop_reached_on_1min_path_only,True,False,True,True,stop_before_target_effect,2025-12-04 10:31:00-05:00,25597.5,25520.0,25702.4375,2025-12-04 12:31:00-05:00,227.0,369.0,113.5,184.5,stop,2025-12-04 11:05:00-05:00,34.0,True,False,False,25505.25,25639.0,True,False,90.0,35.0,2025-12-04 11:05:00-05:00,,
long|2024-11-21 09:30:00-0500,long,2024-11-21 09:30:00-05:00,2024-11-21 10:30:00-05:00,20529.0,2024-11-21 11:30:00-05:00,20636.675,target,212.84999999999852,1.0,20523.25,20636.925,,,,,,,,,,,,,,,,,,,,,baseline_only,-212.84999999999852,-212.84999999999852,,,<=-40,baseline_trade_missing_in_hybrid,missing_data_or_alignment,True,False,False,True,removed_or_missing_trades_effect,,,,,,,,,,,,,,,,,,,,,,,,
long|2020-09-02 10:30:00-0400,long,2020-09-02 10:30:00-04:00,2020-09-02 11:30:00-04:00,12268.5,2020-09-02 12:30:00-04:00,12336.3375,target,133.17499999999927,1.0,12238.75,12336.5875,2020-09-02 11:31:00-04:00,12276.75,2020-09-02 11:36:00-04:00,12238.5,stop_1m,-79.0,5.0,12238.75,12344.8375,2020-09-02 13:31:00-04:00,2020-09-02,1.0,2.5,12238.75,2020-09-02 11:31:00-04:00,12276.75,2020-09-02 11:36:00-04:00,12238.5,stop_1m,-79.0,matched,-212.17499999999927,-212.17499999999927,-33.0,-391.34999999999854,<=-40,winner_to_loser,stop_reached_on_1min_path_only,True,False,True,True,stop_before_target_effect,2020-09-02 11:31:00-04:00,12276.75,12238.75,12344.8375,2020-09-02 13:31:00-04:00,463.0,418.0,231.5,209.0,stop,2020-09-02 11:36:00-04:00,5.0,False,True,False,12172.25,12294.25,True,False,117.0,8.0,2020-09-02 11:36:00-04:00,,
long|2021-10-01 09:30:00-0400,long,2021-10-01 09:30:00-04:00,2021-10-01 10:30:00-04:00,14550.5,2021-10-01 11:30:00-04:00,14648.6625,target,193.82500000000076,1.0,14542.5,14648.9125,2021-10-01 10:31:00-04:00,14545.5,2021-10-01 10:39:00-04:00,14542.25,stop_1m,-9.0,8.0,14542.5,14643.9125,2021-10-01 12:31:00-04:00,2021-10-01,1.0,2.5,14542.5,2021-10-01 10:31:00-04:00,14545.5,2021-10-01 10:39:00-04:00,14542.25,stop_1m,-9.0,matched,-202.82500000000076,-202.82500000000076,20.0,-425.65000000000146,<=-40,winner_to_loser,stop_reached_on_1min_path_only,True,False,True,True,stop_before_target_effect,2021-10-01 10:31:00-04:00,14545.5,14542.5,14643.9125,2021-10-01 12:31:00-04:00,649.0,34.0,324.5,17.0,stop,2021-10-01 10:39:00-04:00,8.0,False,True,False,14537.0,14570.0,True,False,76.0,9.0,2021-10-01 10:39:00-04:00,,
short|2025-01-27 09:30:00-0500,short,2025-01-27 09:30:00-05:00,2025-01-27 10:30:00-05:00,21367.5,2025-01-27 11:30:00-05:00,21265.775,target,200.9499999999971,1.0,21370.5,21265.525,,,,,,,,,,,,,,,,,,,,,baseline_only,-200.9499999999971,-200.9499999999971,,,<=-40,baseline_trade_missing_in_hybrid,missing_data_or_alignment,True,False,False,True,removed_or_missing_trades_effect,,,,,,,,,,,,,,,,,,,,,,,,
short|2024-01-05 09:30:00-0500,short,2024-01-05 09:30:00-05:00,2024-01-05 10:30:00-05:00,16538.5,2024-01-05 11:30:00-05:00,16462.6875,target,149.125,1.0,16555.5,16462.4375,2024-01-05 10:31:00-05:00,16533.0,2024-01-05 10:32:00-05:00,16555.75,stop_1m,-48.0,1.0,16555.5,16456.9375,2024-01-05 12:31:00-05:00,2024-01-05,1.0,2.5,16555.5,2024-01-05 10:31:00-05:00,16533.0,2024-01-05 10:32:00-05:00,16555.75,stop_1m,-48.0,matched,-197.125,-197.125,-22.0,-372.25,<=-40,winner_to_loser,stop_reached_on_1min_path_only,True,False,True,True,stop_before_target_effect,2024-01-05 10:31:00-05:00,16533.0,16555.5,16456.9375,2024-01-05 12:31:00-05:00,339.0,176.0,169.5,88.0,stop,2024-01-05 10:32:00-05:00,1.0,False,True,False,16448.25,16558.0,True,False,118.0,41.0,2024-01-05 10:32:00-05:00,,
short|2022-06-09 09:30:00-0400,short,2022-06-09 09:30:00-04:00,2022-06-09 10:30:00-04:00,12648.5,2022-06-09 11:30:00-04:00,12553.225,target,188.04999999999927,1.0,12654.75,12552.975,,,,,,,,,,,,,,,,,,,,,baseline_only,-188.04999999999927,-188.04999999999927,,,<=-40,baseline_trade_missing_in_hybrid,missing_data_or_alignment,True,False,False,True,removed_or_missing_trades_effect,,,,,,,,,,,,,,,,,,,,,,,,
long|2023-12-20 14:30:00-0500,long,2023-12-20 14:30:00-05:00,2023-12-20 15:30:00-05:00,16793.5,2023-12-21 09:30:00-05:00,16860.7875,target,132.0749999999971,1.0,16788.0,16861.0375,2023-12-20 15:31:00-05:00,16811.75,2023-12-20 15:34:00-05:00,16787.75,stop_1m,-50.5,3.0,16788.0,16879.2875,2023-12-20 17:31:00-05:00,2023-12-20,1.0,2.5,16788.0,2023-12-20 15:31:00-05:00,16811.75,2023-12-20 15:34:00-05:00,16787.75,stop_1m,-50.5,matched,-182.5749999999971,-182.5749999999971,-73.0,-292.1499999999942,<=-40,winner_to_loser,stop_reached_on_1min_path_only,True,False,True,True,stop_before_target_effect,2023-12-20 15:31:00-05:00,16811.75,16788.0,16879.2875,2023-12-21 09:30:00-05:00,93.0,218.0,46.5,109.0,stop,2023-12-20 15:34:00-05:00,3.0,False,False,False,16757.25,16819.5,False,True,19.0,29.0,2023-12-20 15:34:00-05:00,,
long|2023-10-19 09:30:00-0400,long,2023-10-19 09:30:00-04:00,2023-10-19 10:30:00-04:00,15003.75,2023-10-19 11:30:00-04:00,15087.775,target,165.54999999999927,1.0,15003.0,15088.025,2023-10-19 10:31:00-04:00,15003.5,2023-10-19 10:31:00-04:00,15002.75,stop_1m,-4.0,0.0,15003.0,15087.775,2023-10-19 12:31:00-04:00,2023-10-19,1.0,2.5,15003.0,2023-10-19 10:31:00-04:00,15003.5,2023-10-19 10:32:00-04:00,15002.75,stop_1m,-4.0,matched,-169.54999999999927,-169.54999999999927,1.0,-340.09999999999854,<=-40,winner_to_loser,stop_reached_on_1min_path_only,True,False,True,True,stop_before_target_effect,2023-10-19 10:31:00-04:00,15003.5,15003.0,15087.775,2023-10-19 12:31:00-04:00,538.0,149.0,269.0,74.5,stop,2023-10-19 10:31:00-04:00,0.0,False,True,False,14966.25,15015.75,True,False,113.0,51.0,2023-10-19 10:31:00-04:00,,
long|2023-06-29 09:30:00-0400,long,2023-06-29 09:30:00-04:00,2023-06-29 10:30:00-04:00,15062.0,2023-06-29 11:30:00-04:00,15135.85,target,145.20000000000073,1.0,15035.25,15136.1,2023-06-29 10:31:00-04:00,15045.0,2023-06-29 10:46:00-04:00,15035.0,stop_1m,-22.5,15.0,15035.25,15119.1,2023-06-29 12:31:00-04:00,2023-06-29,1.0,2.5,15035.25,2023-06-29 10:31:00-04:00,15045.0,2023-06-29 10:46:00-04:00,15035.0,stop_1m,-22.5,matched,-167.70000000000073,-167.70000000000073,68.0,-403.40000000000146,<=-40,winner_to_loser,stop_reached_on_1min_path_only,True,False,True,True,stop_before_target_effect,2023-06-29 10:31:00-04:00,15045.0,15035.25,15119.1,2023-06-29 12:31:00-04:00,380.0,66.0,190.0,33.0,stop,2023-06-29 10:46:00-04:00,15.0,False,True,False,15028.5,15085.75,True,False,92.0,15.0,2023-06-29 10:46:00-04:00,,
short|2021-10-26 09:30:00-0400,short,2021-10-26 09:30:00-04:00,2021-10-26 10:30:00-04:00,15681.75,2021-10-26 11:30:00-04:00,15620.9,target,119.20000000000071,1.0,15699.0,15620.65,2021-10-26 10:31:00-04:00,15677.25,2021-10-26 10:50:00-04:00,15699.25,stop_1m,-46.5,19.0,15699.0,15616.15,2021-10-26 12:31:00-04:00,2021-10-26,1.0,2.5,15699.0,2021-10-26 10:31:00-04:00,15677.25,2021-10-26 10:50:00-04:00,15699.25,stop_1m,-46.5,matched,-165.70000000000073,-165.70000000000073,-18.0,-313.40000000000146,<=-40,winner_to_loser,stop_reached_on_1min_path_only,True,False,True,True,stop_before_target_effect,2021-10-26 10:31:00-04:00,15677.25,15699.0,15616.15,2021-10-26 12:31:00-04:00,481.0,95.0,240.5,47.5,stop,2021-10-26 10:50:00-04:00,19.0,False,True,False,15557.0,15699.0,True,False,94.0,22.0,2021-10-26 10:50:00-04:00,,
long|2021-03-29 09:30:00-0400,long,2021-03-29 09:30:00-04:00,2021-03-29 10:30:00-04:00,12835.0,2021-03-29 12:30:00-04:00,12942.975,target,213.45000000000076,2.0,12816.25,12943.225,2021-03-29 10:31:00-04:00,12851.0,2021-03-29 12:31:00-04:00,12878.75,time_stop_1m,53.0,120.0,12816.25,12959.225,2021-03-29 12:31:00-04:00,2021-03-29,1.0,2.5,12816.25,2021-03-29 10:31:00-04:00,12851.0,2021-03-29 12:31:00-04:00,12878.75,time_stop_1m,53.0,matched,-160.45000000000076,-160.45000000000076,-64.0,-256.90000000000146,<=-40,time_stop_changed,time_stop_conversion_effect,True,True,False,True,time_stop_effect,2021-03-29 10:31:00-04:00,12851.0,12816.25,12959.225,2021-03-29 12:31:00-04:00,267.0,83.0,133.5,41.5,none,,,False,False,False,12830.25,12917.75,True,False,85.0,48.0,,,
long|2023-12-04 09:30:00-0500,long,2023-12-04 09:30:00-05:00,2023-12-04 10:30:00-05:00,15753.25,2023-12-04 11:30:00-05:00,15824.825,target,140.65000000000146,1.0,15746.75,15825.075,2023-12-04 10:31:00-05:00,15754.5,2023-12-04 10:31:00-05:00,15746.5,stop_1m,-18.5,0.0,15746.75,15826.325,2023-12-04 12:31:00-05:00,2023-12-04,1.0,2.5,15746.75,2023-12-04 10:31:00-05:00,15754.5,2023-12-04 10:32:00-05:00,15746.5,stop_1m,-18.5,matched,-159.15000000000146,-159.15000000000146,-5.0,-313.3000000000029,<=-40,winner_to_loser,stop_reached_on_1min_path_only,True,False,True,True,stop_before_target_effect,2023-12-04 10:31:00-05:00,15754.5,15746.75,15826.325,2023-12-04 12:31:00-05:00,389.0,133.0,194.5,66.5,stop,2023-12-04 10:31:00-05:00,0.0,False,True,False,15721.25,15754.5,True,False,117.0,22.0,2023-12-04 10:31:00-05:00,,
long|2021-02-10 09:30:00-0500,long,2021-02-10 09:30:00-05:00,2021-02-10 10:30:00-05:00,13610.25,2021-02-10 12:30:00-05:00,13637.5,time_stop,52.0,2.0,13561.5,13663.475,2021-02-10 10:31:00-05:00,13602.5,2021-02-10 10:43:00-05:00,13561.25,stop_1m,-85.0,12.0,13561.5,13655.725,2021-02-10 12:31:00-05:00,2021-02-10,1.0,2.5,13561.5,2021-02-10 10:31:00-05:00,13602.5,2021-02-10 10:43:00-05:00,13561.25,stop_1m,-85.0,matched,-137.0,-137.0,31.0,-305.0,<=-40,winner_to_loser,stop_reached_on_1min_path_only,True,False,True,True,stop_before_target_effect,2021-02-10 10:31:00-05:00,13602.5,13561.5,13655.725,2021-02-10 12:31:00-05:00,157.0,341.0,78.5,170.5,stop,2021-02-10 10:43:00-05:00,12.0,False,False,False,13517.25,13625.75,True,False,85.0,13.0,2021-02-10 10:43:00-05:00,,
short|2022-08-25 09:30:00-0400,short,2022-08-25 09:30:00-04:00,2022-08-25 10:30:00-04:00,13093.75,2022-08-25 11:30:00-04:00,13025.0875,target,134.82500000000073,1.0,13101.75,13024.8375,,,,,,,,,,,,,,,,,,,,,baseline_only,-134.82500000000073,-134.82500000000073,,,<=-40,baseline_trade_missing_in_hybrid,missing_data_or_alignment,True,False,False,True,removed_or_missing_trades_effect,,,,,,,,,,,,,,,,,,,,,,,,
short|2022-05-25 09:30:00-0400,short,2022-05-25 09:30:00-04:00,2022-05-25 10:30:00-04:00,11889.25,2022-05-25 12:30:00-04:00,11830.0,time_stop,116.0,2.0,11891.0,11737.775,2022-05-25 10:31:00-04:00,11884.5,2022-05-25 10:33:00-04:00,11891.25,stop_1m,-16.0,2.0,11891.0,11733.025,2022-05-25 12:31:00-04:00,2022-05-25,1.0,2.5,11891.0,2022-05-25 10:31:00-04:00,11884.5,2022-05-25 10:33:00-04:00,11891.25,stop_1m,-16.0,matched,-132.0,-132.0,-19.0,-245.0,<=-40,winner_to_loser,stop_reached_on_1min_path_only,True,False,True,True,stop_before_target_effect,2022-05-25 10:31:00-04:00,11884.5,11891.0,11733.025,2022-05-25 12:31:00-04:00,368.0,180.0,184.0,90.0,stop,2022-05-25 10:33:00-04:00,2.0,False,False,False,11792.5,11899.25,True,False,117.0,7.0,2022-05-25 10:33:00-04:00,,
long|2025-07-22 09:30:00-0400,long,2025-07-22 09:30:00-04:00,2025-07-22 10:30:00-04:00,23169.0,2025-07-22 11:30:00-04:00,23233.4875,target,126.47499999999854,1.0,23105.0,23233.7375,2025-07-22 10:31:00-04:00,23187.75,2025-07-22 12:31:00-04:00,23186.25,time_stop_1m,-5.5,120.0,23105.0,23252.4875,2025-07-22 12:31:00-04:00,2025-07-22,1.0,2.5,23105.0,2025-07-22 10:31:00-04:00,23187.75,2025-07-22 12:31:00-04:00,23186.25,time_stop_1m,-5.5,matched,-131.97499999999854,-131.97499999999854,-75.0,-188.9499999999971,<=-40,winner_to_loser,worse_entry_price,True,False,True,True,entry_price_effect,2025-07-22 10:31:00-04:00,23187.75,23105.0,23252.4875,2025-07-22 12:31:00-04:00,190.0,97.0,95.0,48.5,none,,,True,False,False,23163.5,23235.25,False,True,63.0,117.0,,,
long|2023-07-21 09:30:00-0400,long,2023-07-21 09:30:00-04:00,2023-07-21 10:30:00-04:00,15551.5,2023-07-21 11:30:00-04:00,15634.025,target,162.54999999999927,1.0,15550.5,15634.275,2023-07-21 10:31:00-04:00,15564.5,2023-07-21 12:31:00-04:00,15581.25,time_stop_1m,31.0,120.0,15550.5,15647.275,2023-07-21 12:31:00-04:00,2023-07-21,1.0,2.5,15550.5,2023-07-21 10:31:00-04:00,15564.5,2023-07-21 12:31:00-04:00,15581.25,time_stop_1m,31.0,matched,-131.54999999999927,-131.54999999999927,-52.0,-211.09999999999854,<=-40,time_stop_changed,time_stop_conversion_effect,True,True,False,True,time_stop_effect,2023-07-21 10:31:00-04:00,15564.5,15550.5,15647.275,2023-07-21 12:31:00-04:00,313.0,38.0,156.5,19.0,none,,,True,False,False,15555.0,15642.75,True,False,61.0,8.0,,,
short|2024-09-25 09:30:00-0400,short,2024-09-25 09:30:00-04:00,2024-09-25 10:30:00-04:00,20226.75,2024-09-25 12:30:00-04:00,20137.575,target,175.84999999999854,2.0,20272.75,20137.325,2024-09-25 10:31:00-04:00,20226.75,2024-09-25 12:31:00-04:00,20202.75,time_stop_1m,45.5,120.0,20272.75,20137.325,2024-09-25 12:31:00-04:00,2024-09-25,1.0,2.5,20272.75,2024-09-25 10:31:00-04:00,20226.75,2024-09-25 12:31:00-04:00,20202.75,time_stop_1m,45.5,matched,-130.34999999999854,-130.34999999999854,-0.0,-260.6999999999971,<=-40,time_stop_changed,time_stop_conversion_effect,True,True,False,True,time_stop_effect,2024-09-25 10:31:00-04:00,20226.75,20272.75,20137.325,2024-09-25 12:31:00-04:00,227.0,91.0,113.5,45.5,none,,,False,False,False,20170.0,20249.5,True,False,95.0,7.0,,,
long|2022-03-21 12:30:00-0400,long,2022-03-21 12:30:00-04:00,2022-03-21 13:30:00-04:00,14214.0,2022-03-21 15:30:00-04:00,14367.5,time_stop,304.5,2.0,14183.75,14377.2625,2022-03-21 13:31:00-04:00,14224.0,2022-03-21 15:31:00-04:00,14312.75,time_stop_1m,175.0,120.0,14183.75,14387.2625,2022-03-21 15:31:00-04:00,2022-03-21,1.0,2.5,14183.75,2022-03-21 13:31:00-04:00,14224.0,2022-03-21 15:31:00-04:00,14312.75,time_stop_1m,175.0,matched,-129.5,-129.5,-40.0,-219.0,<=-40,exit_reason_changed,same_entry_different_exit,True,True,False,True,residual_unexplained,2022-03-21 13:31:00-04:00,14224.0,14183.75,14387.2625,2022-03-21 15:31:00-04:00,474.0,59.0,237.0,29.5,none,,,False,False,False,14209.25,14342.5,True,False,75.0,13.0,,,
long|2023-12-01 09:30:00-0500,long,2023-12-01 09:30:00-05:00,2023-12-01 10:30:00-05:00,15881.0,2023-12-01 11:30:00-05:00,15945.15,target,125.79999999999929,1.0,15873.5,15945.4,,,,,,,,,,,,,,,,,,,,,baseline_only,-125.79999999999929,-125.79999999999929,,,<=-40,baseline_trade_missing_in_hybrid,missing_data_or_alignment,True,False,False,True,removed_or_missing_trades_effect,,,,,,,,,,,,,,,,,,,,,,,,
long|2024-01-02 09:30:00-0500,long,2024-01-02 09:30:00-05:00,2024-01-02 10:30:00-05:00,16723.75,2024-01-02 11:30:00-05:00,16784.5875,target,119.17500000000292,1.0,16716.75,16784.8375,,,,,,,,,,,,,,,,,,,,,baseline_only,-119.17500000000292,-119.17500000000292,,,<=-40,baseline_trade_missing_in_hybrid,missing_data_or_alignment,True,False,False,True,removed_or_missing_trades_effect,,,,,,,,,,,,,,,,,,,,,,,,
long|2023-12-29 10:30:00-0500,long,2023-12-29 10:30:00-05:00,2023-12-29 11:30:00-05:00,16943.75,2023-12-29 12:30:00-05:00,16988.7875,target,87.57499999999709,1.0,16940.0,16989.0375,2023-12-29 11:31:00-05:00,16954.0,2023-12-29 11:32:00-05:00,16939.75,stop_1m,-31.0,1.0,16940.0,16999.2875,2023-12-29 13:31:00-05:00,2023-12-29,1.0,2.5,16940.0,2023-12-29 11:31:00-05:00,16954.0,2023-12-29 11:32:00-05:00,16939.75,stop_1m,-31.0,matched,-118.57499999999709,-118.57499999999709,-41.0,-196.14999999999418,<=-40,winner_to_loser,stop_reached_on_1min_path_only,True,False,True,True,stop_before_target_effect,2023-12-29 11:31:00-05:00,16954.0,16940.0,16999.2875,2023-12-29 13:31:00-05:00,273.0,65.0,136.5,32.5,stop,2023-12-29 11:32:00-05:00,1.0,False,True,False,16937.75,16954.0,True,False,97.0,1.0,2023-12-29 11:32:00-05:00,,
short|2025-12-10 14:30:00-0500,short,2025-12-10 14:30:00-05:00,2025-12-10 15:30:00-05:00,25836.25,2025-12-11 09:30:00-05:00,25742.05,target,185.90000000000143,1.0,25869.75,25741.8,2025-12-10 15:31:00-05:00,25839.5,2025-12-10 16:00:00-05:00,25803.5,eod_flat_1m,69.5,29.0,25869.75,25745.05,2025-12-10 17:31:00-05:00,2025-12-10,1.0,2.5,25869.75,2025-12-10 15:31:00-05:00,25839.5,2025-12-10 16:00:00-05:00,25803.5,eod_flat_1m,69.5,matched,-116.40000000000143,-116.40000000000143,13.0,-245.8000000000029,<=-40,eod_flat_changed,session_boundary_effect,True,True,False,True,eod_effect,2025-12-10 15:31:00-05:00,25839.5,25869.75,25745.05,2025-12-11 09:30:00-05:00,194.0,95.0,97.0,47.5,none,,,False,False,False,25791.0,25863.25,True,False,28.0,2.0,,,
short|2023-12-05 09:30:00-0500,short,2023-12-05 09:30:00-05:00,2023-12-05 10:30:00-05:00,15891.25,2023-12-05 12:30:00-05:00,15875.5,time_stop,29.0,2.0,15936.75,15816.1375,2023-12-05 10:31:00-05:00,15896.5,2023-12-05 10:45:00-05:00,15937.0,stop_1m,-83.5,14.0,15936.75,15821.3875,2023-12-05 12:31:00-05:00,2023-12-05,1.0,2.5,15936.75,2023-12-05 10:31:00-05:00,15896.5,2023-12-05 10:45:00-05:00,15937.0,stop_1m,-83.5,matched,-112.5,-112.5,21.0,-246.0,<=-40,winner_to_loser,stop_reached_on_1min_path_only,True,False,True,True,stop_before_target_effect,2023-12-05 10:31:00-05:00,15896.5,15936.75,15821.3875,2023-12-05 12:31:00-05:00,257.0,261.0,128.5,130.5,stop,2023-12-05 10:45:00-05:00,14.0,False,False,False,15832.25,15944.0,True,False,83.0,35.0,2023-12-05 10:45:00-05:00,,
short|2024-05-14 09:30:00-0400,short,2024-05-14 09:30:00-04:00,2024-05-14 10:30:00-04:00,18364.0,2024-05-14 11:30:00-04:00,18312.025,target,101.44999999999708,1.0,18371.5,18311.775,2024-05-14 10:31:00-04:00,18369.5,2024-05-14 10:31:00-04:00,18371.75,stop_1m,-7.0,0.0,18371.5,18317.275,2024-05-14 12:31:00-04:00,2024-05-14,1.0,2.5,18371.5,2024-05-14 10:31:00-04:00,18369.5,2024-05-14 10:36:00-04:00,18317.525,target_1m,101.44999999999708,matched,-108.44999999999708,0.0,22.0,-238.89999999999418,<=-40,winner_to_loser,stop_reached_on_1min_path_only,True,False,True,True,stop_before_target_effect,2024-05-14 10:31:00-04:00,18369.5,18371.5,18317.275,2024-05-14 12:31:00-04:00,345.0,8.0,172.5,4.0,stop,2024-05-14 10:31:00-04:00,0.0,False,True,False,18283.25,18371.5,True,False,9.0,0.0,2024-05-14 10:31:00-04:00,,
long|2023-08-15 09:30:00-0400,long,2023-08-15 09:30:00-04:00,2023-08-15 10:30:00-04:00,15137.0,2023-08-15 12:30:00-04:00,15176.0,time_stop,75.5,2.0,15113.0,15220.3625,2023-08-15 10:31:00-04:00,15124.25,2023-08-15 10:32:00-04:00,15112.75,stop_1m,-25.5,1.0,15113.0,15207.6125,2023-08-15 12:31:00-04:00,2023-08-15,1.0,2.5,15113.0,2023-08-15 10:31:00-04:00,15124.25,2023-08-15 10:32:00-04:00,15112.75,stop_1m,-25.5,matched,-101.0,-101.0,51.0,-253.0,<=-40,winner_to_loser,stop_reached_on_1min_path_only,True,False,True,True,stop_before_target_effect,2023-08-15 10:31:00-04:00,15124.25,15113.0,15207.6125,2023-08-15 12:31:00-04:00,335.0,65.0,167.5,32.5,stop,2023-08-15 10:32:00-04:00,1.0,False,False,False,15108.0,15129.0,True,False,90.0,1.0,2023-08-15 10:32:00-04:00,,
long|2021-11-22 11:30:00-0500,long,2021-11-22 11:30:00-05:00,2021-11-22 12:30:00-05:00,16507.5,2021-11-22 14:30:00-05:00,16583.475,target,149.4499999999971,2.0,16455.5,16583.725,2021-11-22 12:31:00-05:00,16516.25,2021-11-22 14:31:00-05:00,16547.0,time_stop_1m,59.0,120.0,16455.5,16592.475,2021-11-22 14:31:00-05:00,2021-11-22,1.0,2.5,16455.5,2021-11-22 12:31:00-05:00,16516.25,2021-11-22 14:31:00-05:00,16547.0,time_stop_1m,59.0,matched,-90.44999999999709,-90.44999999999709,-35.0,-145.89999999999418,<=-40,time_stop_changed,time_stop_conversion_effect,True,True,False,True,time_stop_effect,2021-11-22 12:31:00-05:00,16516.25,16455.5,16592.475,2021-11-22 14:31:00-05:00,179.0,89.0,89.5,44.5,none,,,False,False,False,16494.0,16561.0,False,True,18.0,33.0,,,
