variant_name,family,horizon,asset_count,overall_net_pnl,overall_sharpe,overall_sortino,overall_max_drawdown,overall_profit_factor,overall_win_rate,overall_average_trade,overall_trade_count,overall_n_days_traded,overall_participation_rate,overall_trades_per_month,overall_longest_losing_streak_trade,overall_longest_losing_streak_daily,is_net_pnl,is_sharpe,is_sortino,is_max_drawdown,is_profit_factor,is_win_rate,is_average_trade,is_trade_count,is_n_days_traded,is_participation_rate,is_trades_per_month,is_longest_losing_streak_trade,is_longest_losing_streak_daily,oos_net_pnl,oos_sharpe,oos_sortino,oos_max_drawdown,oos_profit_factor,oos_win_rate,oos_average_trade,oos_trade_count,oos_n_days_traded,oos_participation_rate,oos_trades_per_month,oos_longest_losing_streak_trade,oos_longest_losing_streak_daily,oos_sharpe_delta_vs_baseline,oos_max_drawdown_improvement_vs_baseline,oos_trade_retention_vs_baseline,oos_net_pnl_retention_vs_baseline,oos_assets_sharpe_improved,oos_assets_dd_improved,oos_assets_with_value,verdict,threshold,multiplier
three_state_modulation__60m__t95__m25,three_state_modulation,60m,4,36586.50000000847,0.44765201202884086,0.4838193712400268,-19090.99999999482,1.0594533151766041,0.4530902623388173,16.26789684304512,2249,990,0.8691834942932397,41.46532045654082,13,7,12041.750000006456,0.21193867063685215,0.22733710139818614,-12553.999999998709,1.0279099709757777,0.4517799352750809,7.794012944987998,1545,681,0.8544542032622334,40.70890840652447,13,7,24544.750000002015,0.986219161063312,1.083648558788217,-15958.249999999194,1.1334445155757207,0.4559659090909091,34.86470170454832,704,309,0.9035087719298246,43.228070175438596,13,5,0.14264568413353418,-0.16912397662963385,0.9107373868046572,1.0211661674155215,1,3,1,no_value,95,25
three_state_modulation__30m__t95__m25,three_state_modulation,30m,4,45641.750000008375,0.5618307116524627,0.6159257154589104,-16448.49999999768,1.0751324005519631,0.4546654929577465,20.088798415496644,2272,990,0.8691834942932397,41.88937664618086,13,10,22148.250000006385,0.38837232239413055,0.423299182960615,-13140.99999999873,1.0523141696388658,0.45209003215434085,14.243247588428543,1555,682,0.8557089084065245,40.9723964868256,13,10,23493.500000001994,0.9709287929687895,1.0791175824708175,-13040.499999999558,1.1276028335666706,0.4602510460251046,32.766387726641554,717,308,0.9005847953216374,44.026315789473685,13,7,0.12735531603901173,0.0446345171156616,0.9275549805950841,0.9774296888001149,2,2,1,protective_but_mixed,95,25
three_state_modulation__session__t90__m50,three_state_modulation,session,4,35625.75000000835,0.42860208453959553,0.4528167594405084,-26788.999999997268,1.0569211461001389,0.45818345323741005,16.018772482018143,2224,969,0.8507462686567164,41.00438981562774,13,6,11950.500000006366,0.20542244936157364,0.21566443064846907,-20377.749999997264,1.0271954113361583,0.4555483452303699,7.7550292018211335,1541,673,0.8444165621079046,40.60351317440402,13,6,23675.250000001986,0.9498059104850075,1.018340109638198,-13556.499999999542,1.1269802746874928,0.46412884333821375,34.663616398245956,683,296,0.8654970760233918,41.938596491228076,12,6,0.10623243355522971,0.006831626952836575,0.8835705045278137,0.9849912631053227,2,3,2,protective_but_mixed,90,50
three_state_modulation__60m__t80__m25,three_state_modulation,60m,4,40222.50000000695,0.5421408896778179,0.5797821363392326,-21228.499999998057,1.0772743930173179,0.4481537683358624,20.34522003035253,1977,937,0.8226514486391572,36.4503950834065,13,8,18540.000000005308,0.3611516946385772,0.3829635076093703,-13180.999999998052,1.0506415553021504,0.44964028776978415,13.338129496406696,1390,656,0.823086574654956,36.624843161856965,13,8,21682.500000001644,0.949559982524181,1.0340488834170434,-17035.749999999607,1.140419103992397,0.444633730834753,36.93781942078645,587,281,0.8216374269005848,36.04385964912281,11,4,0.10598650559440315,-0.2480631513398293,0.759379042690815,0.9020843734398153,2,2,1,no_value,80,25
three_state_modulation__60m__t95__m75,three_state_modulation,60m,4,39291.00000000927,0.4498464446235858,0.4901374686047745,-24195.24999999662,1.0570168564761748,0.45690021231422506,16.684076433124954,2355,1007,0.884108867427568,43.41966637401229,13,7,14649.000000007058,0.24056744080431847,0.25951792682868025,-17337.749999996617,1.0307143298944366,0.45590062111801244,9.098757763979538,1610,694,0.8707653701380176,42.42158092848181,13,7,24642.000000002205,0.9323296423297532,1.0389438762306153,-16732.74999999909,1.116143536858688,0.4590604026845638,33.076510067117056,745,313,0.9152046783625731,45.74561403508772,13,5,0.08875616539997544,-0.2258649425813877,0.963777490297542,1.0252121817273945,2,2,2,no_value,95,75
three_state_modulation__30m__t85__m75,three_state_modulation,30m,4,32521.25000000873,0.40044981192728696,0.43158731898095953,-18379.749999997668,1.0511402323866397,0.4570400359874044,14.629442195235596,2223,991,0.8700614574187884,40.98595258999122,13,8,9931.25000000651,0.17491280532144693,0.18781769780429647,-13749.74999999766,1.0224267397871685,0.4552580013063357,6.486773350755395,1531,687,0.8619824341279799,40.34002509410289,13,8,22590.00000000222,0.9252756946229012,1.0053811223972644,-14404.999999999234,1.116990712988235,0.46098265895953755,32.644508670523436,692,304,0.8888888888888888,42.49122807017544,12,5,0.08170221769312336,-0.05533068371217588,0.8952134540750324,0.9398402396405342,3,2,2,no_value,85,75
three_state_modulation__session__t90__m25,three_state_modulation,session,4,28523.750000007807,0.35268248047114525,0.369090599133148,-26904.499999997355,1.0483367162044535,0.45433255269320844,13.360070257614899,2135,957,0.8402107111501317,39.36347673397717,13,6,6267.7500000059545,0.11038420334663297,0.11447627202087439,-20249.499999997348,1.0150008526271532,0.45161290322580644,4.212197580649163,1488,663,0.8318695106649937,39.207026348808036,13,6,22256.000000001855,0.9245511856062795,0.988816526064406,-13499.749999999567,1.1291857974564643,0.4605873261205564,34.39876352395959,647,294,0.8596491228070176,39.728070175438596,12,6,0.08097770867650167,0.010989212256595151,0.8369987063389392,0.9259444167082522,3,2,2,protective_but_mixed,90,25
three_state_modulation__session__t90__m75,three_state_modulation,session,4,41420.25000000889,0.4779988824383925,0.5123088840765797,-27680.249999997002,1.0625336860079222,0.45840787119856885,18.524262075138143,2236,975,0.8560140474100087,41.22563652326602,13,7,17452.250000006796,0.2888587280282686,0.3073066229189466,-21242.749999997013,1.0378114437993045,0.4557779212395094,11.26678502259961,1549,676,0.848180677540778,40.81430363864492,13,7,23968.000000002095,0.9141166280816592,0.9963647257866238,-13991.499999999527,1.1193583889007976,0.4643377001455604,34.88791848617481,687,299,0.8742690058479532,42.184210526315795,12,6,0.07054315115188137,-0.025037088591405392,0.888745148771022,0.9971709103011988,2,3,2,no_value,90,75
three_state_modulation__60m__t95__m50,three_state_modulation,60m,4,36161.75000000888,0.43084083171845905,0.46760522392401904,-20831.499999996828,1.055352123725004,0.4551665243381725,15.440542271566557,2342,1003,0.8805970149253731,43.17998244073749,13,7,12949.75000000675,0.22153070255192248,0.23795436124551206,-14641.499999996819,1.028510945827622,0.4544319600499376,8.083489388268882,1602,692,0.8682559598494354,42.21079046424091,13,7,23212.00000000213,0.9117737041013122,1.0130238563780232,-16268.749999999147,1.116584045283562,0.45675675675675675,31.367567567570443,740,311,0.9093567251461988,45.438596491228076,13,6,0.0682002271715344,-0.19187164600086593,0.9573091849935317,0.9657180895323567,1,3,1,no_value,95,50
adverse_downsize__session__t90__m25,adverse_downsize,session,4,44777.750000009575,0.4925148697916607,0.544374342737861,-27539.49999999669,1.063574055143837,0.46092099704267003,18.917511618086007,2367,1003,0.8805970149253731,43.64091308165057,13,7,19518.500000007294,0.3090622774049723,0.3386848592698985,-21613.249999996715,1.0400421582781934,0.45761670761670764,11.989250614255095,1628,692,0.8682559598494354,42.89585947302384,13,7,25259.250000002285,0.9104791614209218,1.0257730753006304,-13896.7499999995,1.1164604381228045,0.46820027063599456,34.180311231396864,739,311,0.9093567251461988,45.377192982456144,13,6,0.06690568449114398,-0.018095569515961953,0.9560155239327296,1.050892411382912,2,2,2,no_value,90,25
three_state_modulation__30m__t95__m50,three_state_modulation,30m,4,39763.75000000886,0.4759973632653203,0.5183294571886328,-16431.749999996842,1.0612638561544598,0.45589482612383375,16.863337574219194,2358,1004,0.8814749780509219,43.47497805092186,13,8,17068.500000006738,0.2915002739319313,0.31588654139013084,-13886.499999997919,1.0378910143563553,0.453812771233726,10.581835089898783,1613,694,0.8707653701380176,42.50062735257215,13,8,22695.250000002125,0.9088875699219022,1.0009683397431033,-12992.749999999525,1.1142794919792616,0.4604026845637584,30.463422818794797,745,310,0.9064327485380117,45.74561403508772,13,5,0.06531409299212443,0.0481327496840263,0.963777490297542,0.9442190880346054,2,2,1,protective_but_mixed,95,50
adverse_downsize__90m__t80__m75,adverse_downsize,90m,4,38245.00000000978,0.42442309169560705,0.46871603915383353,-24550.749999996457,1.0532058266953719,0.4584703947368421,15.725740131582969,2432,1014,0.8902546093064091,44.83933274802458,13,8,13840.750000007363,0.22108282282256958,0.24148037928703056,-19691.99999999645,1.0279831443040404,0.45755568934376883,8.332781456958076,1661,698,0.875784190715182,43.76537013801757,13,8,24404.250000002412,0.8879527744399714,1.0050411202100062,-13773.749999999474,1.1088493858217265,0.4604409857328145,31.652723735411687,771,316,0.9239766081871345,47.3421052631579,13,6,0.04437929751019365,-0.009084415465518953,0.9974126778783958,1.0153207688467252,4,3,3,no_value,80,75
three_state_modulation__90m__t80__m75,three_state_modulation,90m,4,29957.750000008236,0.37293605907401806,0.397916755023513,-25242.49999999707,1.0492380351299475,0.4530281354315689,14.2860038149777,2097,961,0.8437225636523266,38.662862159789285,13,7,8298.500000006195,0.14859929667619054,0.1582636955804751,-17806.249999997082,1.0195972393598014,0.4521497919556172,5.754854368936336,1442,670,0.8406524466750314,37.99498117942284,13,7,21659.250000002037,0.8854179384069976,0.94731775647996,-16641.249999999527,1.1170931668959903,0.4549618320610687,33.06755725191151,655,291,0.8508771929824561,40.219298245614034,11,5,0.04184446147721976,-0.21916152310487202,0.8473479948253557,0.9011170743884088,3,3,2,no_value,80,75
adverse_downsize__session__t90__m75,adverse_downsize,session,4,41357.50000000995,0.4488447029288547,0.4978833474140075,-25364.999999996562,1.0565580770732579,0.4584703947368421,17.0055509868462,2432,1014,0.8902546093064091,44.83933274802458,13,8,16554.00000000753,0.25860365543897973,0.2842263709705509,-20417.499999996577,1.032901281249922,0.45755568934376883,9.966285370263414,1661,698,0.875784190715182,43.76537013801757,13,8,24803.500000002423,0.8824293030340395,0.9991499592418411,-13614.999999999469,1.1087405413462756,0.4604409857328145,32.170557717253466,771,316,0.9239766081871345,47.3421052631579,13,6,0.03885582610426175,0.0025458341727540488,0.9974126778783958,1.0319312697620175,2,1,1,protective_but_mixed,90,75
three_state_modulation__30m__t95__m75,three_state_modulation,30m,4,36239.75000000932,0.4164937267476844,0.4533956423167005,-19388.999999996635,1.0524770185202288,0.4571910586250527,15.284584563479259,2371,1009,0.8858647936786654,43.71466198419666,13,8,13196.500000007087,0.2167909931680118,0.23428901440476338,-15660.249999996631,1.027649779240733,0.4552745219000617,8.140962368912453,1621,697,0.8745294855708908,42.711417816813054,13,8,23043.25000000223,0.8820900568108133,0.9763619438593444,-13398.74999999951,1.1080270498335874,0.4613333333333333,30.724333333336308,750,312,0.9122807017543859,46.05263157894737,13,6,0.03851657988103552,0.018388615176067206,0.9702457956015524,0.9586973706107441,2,2,1,protective_but_mixed,95,75
combined_overlay__session__t90__m25,combined_overlay,session,4,44558.25000000953,0.4906105182734721,0.5372821440575548,-28138.74999999671,1.0636695369809868,0.4574934268185802,19.525964066612413,2282,982,0.8621597892888498,42.07374890254609,13,7,20100.00000000726,0.3186808268902948,0.34596630409516516,-21902.49999999674,1.0414998157284454,0.4542566709021601,12.770012706484918,1574,680,0.8531994981179423,41.47302383939775,13,7,24458.250000002277,0.8819798407247063,0.9848685452320107,-14206.7499999995,1.1134970713015515,0.4646892655367232,34.545550847460845,708,302,0.8830409356725146,43.473684210526315,13,6,0.038406363794928455,-0.04080660817967538,0.9159120310478654,1.017567398901637,2,2,2,no_value,90,25
three_state_modulation__30m__t80__m75,three_state_modulation,30m,4,32552.000000008233,0.4140819116896734,0.4455919785501464,-19720.999999997723,1.053915485422817,0.45651151857075695,15.304184297135981,2127,971,0.8525021949078139,39.21597892888499,13,10,11839.500000006206,0.2154080907626846,0.23085602168015967,-14438.999999997737,1.0282306570700785,0.4560327198364008,8.070552147243495,1467,676,0.848180677540778,38.65370138017566,13,10,20712.500000002023,0.8763509314112813,0.951752022004444,-15170.499999999543,1.1123388307270217,0.4575757575757576,31.382575757578824,660,295,0.8625730994152047,40.526315789473685,12,5,0.03277745448150349,-0.11141229692856185,0.8538163001293662,0.8617282409718705,2,3,1,no_value,80,75
three_state_modulation__session__t95__m50,three_state_modulation,session,4,36101.0000000087,0.42526422307821715,0.45752197704212233,-26397.24999999706,1.055470959989811,0.45732758620689656,15.560775862072717,2320,988,0.8674275680421423,42.774363476733974,13,7,13800.500000006654,0.23222279470864426,0.24692610278416266,-19434.749999997075,1.0303162274359756,0.455,8.625312500004158,1600,683,0.8569636135508155,42.15809284818068,13,7,22300.500000002045,0.8763075314174071,0.969246471537352,-14003.749999999538,1.114016128063328,0.4625,30.972916666669505,720,305,0.8918128654970761,44.21052631578948,13,7,0.03273405448762934,-0.025934540925698094,0.9314359637774903,0.9277958062905531,2,2,1,no_value,95,50
three_state_modulation__session__t85__m25,three_state_modulation,session,4,28492.50000000744,0.36101357116462346,0.37507919315565375,-26199.249999997504,1.0503773104519023,0.45290385553928747,13.905563689608316,2049,943,0.8279192273924495,37.77787532923617,12,6,7829.0000000056225,0.14168835153979784,0.14687994357793616,-17166.749999997504,1.019625058359433,0.45129642606867554,5.486334968469252,1427,652,0.8180677540777918,37.59974905897114,12,6,20663.50000000182,0.8736855511668621,0.9120183302423676,-14497.249999999567,1.1239909812740052,0.4565916398713826,33.22106109325051,622,291,0.8508771929824561,38.192982456140356,11,6,0.030112074237084285,-0.06208904925003112,0.8046571798188874,0.8596896322183258,2,3,2,no_value,85,25
three_state_modulation__30m__t90__m25,three_state_modulation,30m,4,41681.75000000771,0.5314531200566142,0.5784204718097563,-18344.99999999791,1.0723321586503334,0.45363179534033804,19.041457286435683,2189,977,0.8577699736611062,40.359086918349426,13,7,21337.750000005883,0.38746455657179674,0.41870334229549316,-12101.999999998901,1.0532938790496158,0.45249169435215947,14.177906976748094,1505,676,0.848180677540778,39.65495608531995,13,6,20344.00000000183,0.8712248028324033,0.964611603190324,-14301.999999999554,1.1156725699819452,0.45614035087719296,29.742690058482207,684,301,0.8801169590643275,42.0,12,7,0.027651325902625534,-0.047784757962642935,0.8848641655886158,0.846397071060065,2,2,1,no_value,90,25
adverse_downsize__30m__t85__m50,adverse_downsize,30m,4,32853.250000009735,0.3717972233896565,0.40625179671377437,-22373.499999996555,1.0462740568720355,0.4584703947368421,13.508737664477687,2432,1014,0.8902546093064091,44.83933274802458,13,8,9630.750000007283,0.15620568920980699,0.16894391343510484,-18003.499999996544,1.019614042805399,0.45690174804098854,5.8051537070568315,1659,698,0.875784190715182,43.712672521957344,13,8,23222.50000000246,0.8701057750059772,0.9732355464760732,-14021.999999999067,1.1060590318017374,0.46183699870633893,30.04204398447925,773,316,0.9239766081871345,47.46491228070176,13,6,0.02653229807619939,-0.027271561750220902,1.0,0.9661549342652711,2,2,2,no_value,85,50
adverse_downsize__session__t95__m75,adverse_downsize,session,4,39856.75000001007,0.42980183428723084,0.4757167421687548,-25280.999999996522,1.0539793003788211,0.4584703947368421,16.38846628289888,2432,1014,0.8902546093064091,44.83933274802458,13,8,15318.000000007607,0.2377788057592934,0.2600627217320196,-20567.249999996522,1.0301626722654893,0.45755568934376883,9.222155328120174,1661,698,0.875784190715182,43.76537013801757,13,8,24538.75000000246,0.8673913501662671,0.9861613416318591,-13565.249999999465,1.1064473554358167,0.4604409857328145,31.82717250324573,771,316,0.9239766081871345,47.3421052631579,13,6,0.023817873236489318,0.0061905895712050995,0.9974126778783958,1.0209165418538824,1,2,1,protective_but_mixed,95,75
adverse_downsize__session__t90__m50,adverse_downsize,session,4,41156.00000000977,0.4502345483807407,0.4984748266319341,-26357.99999999664,1.0571974553275316,0.45826446280991734,17.006611570251973,2420,1012,0.8884986830553117,44.6180860403863,13,8,17004.750000007414,0.267611522723975,0.29431707987649564,-20989.249999996646,1.034264548164276,0.4570737605804111,10.280985489726369,1654,698,0.875784190715182,43.58092848180678,13,8,24151.250000002357,0.8672284097266239,0.9743583883899232,-13596.249999999483,1.108173386469185,0.4608355091383812,31.52904699739211,766,314,0.9181286549707602,47.03508771929825,13,6,0.02365493279684605,0.003919485704832424,0.9909443725743855,1.004794890996832,2,2,2,protective_but_mixed,90,50
adverse_downsize__30m__t85__m25,adverse_downsize,30m,4,29905.000000009542,0.34481587589622104,0.37624375008095023,-21515.499999996682,1.043231467246088,0.45843724023275145,12.429343308399643,2406,1013,0.8893766461808604,44.35996488147497,13,8,7301.500000007105,0.12049478903605196,0.13033018525303156,-17072.999999996668,1.0152026613766871,0.4570906877662812,4.444004869146138,1643,697,0.8745294855708908,43.291091593475535,13,8,22603.50000000244,0.8656666196288718,0.9637352539371177,-14547.999999999092,1.1068906609288955,0.4613368283093054,29.624508519007133,763,316,0.9239766081871345,46.85087719298246,13,6,0.022093142699094015,-0.06580706606349136,0.9870633893919794,0.9404018971542728,1,2,1,no_value,85,25
three_state_modulation__session__t85__m50,three_state_modulation,session,4,31833.000000008,0.3913939347935918,0.4109406263107317,-27480.249999997435,1.0528424193505022,0.45675549322113135,14.88218793829266,2139,957,0.8402107111501317,39.437225636523266,13,6,10740.000000006032,0.18895294642656066,0.1979258224830255,-18397.749999997435,1.0254186894819668,0.4534412955465587,7.246963562757107,1482,664,0.8331242158092849,39.048933500627356,13,6,21093.000000001965,0.861738127178925,0.9092084111736011,-14748.999999999542,1.117254989160055,0.4642313546423135,32.10502283105322,657,293,0.8567251461988304,40.3421052631579,11,6,0.018164650249147152,-0.08053261048741588,0.8499353169469599,0.8775586620069804,3,4,3,no_value,85,50
adverse_downsize__session__t80__m75,adverse_downsize,session,4,38635.500000009735,0.4258507931438883,0.4692680605852985,-25447.999999996635,1.053676706055949,0.4584703947368421,15.886307565793476,2432,1014,0.8902546093064091,44.83933274802458,13,7,14827.250000007374,0.23517496847328587,0.25695182183691523,-19741.749999996657,1.0299084225071005,0.45755568934376883,8.926700782665486,1661,698,0.875784190715182,43.76537013801757,13,7,23808.25000000236,0.8608239383153448,0.9667363255579118,-13881.749999999476,1.106274257732914,0.4604409857328145,30.87970168612498,771,316,0.9239766081871345,47.3421052631579,13,6,0.017250461385566962,-0.01699664829029667,0.9974126778783958,0.9905246297220792,2,3,2,no_value,80,75
combined_overlay__session__t90__m50,combined_overlay,session,4,43386.00000000966,0.47705531220838526,0.5218818301883249,-28564.999999996675,1.061672167779697,0.4567307692307692,18.96241258741681,2288,983,0.8630377524143986,42.18437225636523,13,7,19480.000000007323,0.308458880250209,0.3344985558485997,-22279.99999999669,1.040080984988164,0.4546031746031746,12.368253968258617,1575,680,0.8531994981179423,41.49937264742786,13,7,23906.000000002336,0.8607134563181867,0.9602019521538886,-14507.999999999487,1.1099237624035658,0.46143057503506313,33.52875175315896,713,303,0.8859649122807017,43.780701754385966,13,6,0.017139979388408944,-0.0628766094617508,0.9223803363518758,0.9945914461640815,2,2,2,no_value,90,50
adverse_downsize__30m__t85__m75,adverse_downsize,30m,4,36399.00000000992,0.40164290110938067,0.441393464028104,-23837.749999996428,1.0499708609708072,0.4591375770020534,14.948254620127276,2435,1014,0.8902546093064091,44.89464442493415,13,8,12736.000000007461,0.2018350671977568,0.21915031283431918,-19042.749999996428,1.0253998263933186,0.45788206979542717,7.663056558367907,1662,698,0.875784190715182,43.79171894604768,13,8,23663.000000002463,0.8603162741669089,0.9716813937680248,-13998.499999999045,1.104249753561666,0.46183699870633893,30.611901681762564,773,316,0.9239766081871345,47.46491228070176,13,6,0.016742797237131124,-0.025549918496679737,1.0,0.9844816109169584,1,2,1,no_value,85,75
three_state_modulation__30m__t90__m75,three_state_modulation,30m,4,31083.000000008964,0.36753152801724215,0.39846979095119667,-20020.74999999756,1.0465960822143734,0.4559652928416486,13.485032537964843,2305,1002,0.8797190517998245,42.49780509218613,13,8,9521.250000006727,0.1602021091188206,0.17215993256290105,-16130.74999999756,1.0205732751076755,0.4541429475015813,6.02229601518452,1581,692,0.8682559598494354,41.657465495608534,13,8,21561.75000000224,0.8583196765896833,0.9504743439621485,-16003.749999999176,1.1055519180521602,0.4599447513812155,29.781422651936797,724,310,0.9064327485380117,44.4561403508772,12,6,0.014746199659905534,-0.1724573710141453,0.9366106080206986,0.8970606590114831,2,2,1,no_value,90,75
three_state_modulation__session__t95__m75,three_state_modulation,session,4,39683.750000009284,0.45022428446366725,0.48957705090518566,-27961.749999996824,1.0578231453590998,0.45793991416309016,17.031652360519008,2330,992,0.8709394205443372,42.95873573309921,13,7,16865.25000000709,0.27423384951140006,0.2951724158395578,-21711.749999996828,1.0353728805294367,0.4558457711442786,10.488339552243215,1608,685,0.8594730238393977,42.36888331242159,13,7,22818.500000002194,0.8568987409911489,0.9540344979505334,-14124.749999999516,1.1089133957486736,0.4626038781163435,31.60457063712215,722,307,0.8976608187134503,44.333333333333336,13,7,0.013325264061371134,-0.034799172146049155,0.9340232858990944,0.9493468131136559,2,2,2,no_value,95,75
combined_overlay__90m__t95__m75,combined_overlay,90m,4,40904.25000000991,0.4435470842269852,0.48770093896711414,-22525.749999996326,1.055843142126864,0.4592901878914405,17.079018789148186,2395,1008,0.8849868305531168,44.15715539947322,13,8,16754.7500000075,0.2617270805086527,0.2849430052269181,-18560.749999996333,1.0333160006681348,0.45843520782396086,10.24128973105593,1636,694,0.8707653701380176,43.10664993726475,13,8,24149.5000000024,0.8568578857990182,0.9631950664325126,-13504.749999999038,1.1051895683762805,0.461133069828722,31.817523056656654,759,314,0.9181286549707602,46.60526315789474,13,6,0.013284408869240427,0.010622905181412746,0.981888745148771,1.0047220835413506,1,2,0,protective_but_mixed,95,75
three_state_modulation__90m__t80__m25,three_state_modulation,90m,4,26213.000000007225,0.3555567859440887,0.37351885105682636,-26484.24999999855,1.0502912134268647,0.4518743667679838,13.279128672749355,1974,938,0.8235294117647058,36.39508340649692,13,8,7182.250000005444,0.1397641567047043,0.14504040250971434,-18047.999999998552,1.0194474642954479,0.45182481751824816,5.242518248179157,1370,653,0.8193224592220828,36.097867001254706,13,8,19030.75000000178,0.852694445630415,0.92224104669358,-16618.499999999553,1.1252775103475086,0.4519867549668874,31.507864238413543,604,285,0.8333333333333334,37.08771929824562,11,4,0.009120968700637166,-0.21749482591261748,0.7813712807244502,0.7917602762522803,2,4,2,no_value,80,25
combined_overlay__30m__t95__m75,combined_overlay,30m,4,36132.500000009924,0.39302176868144584,0.4305263084083267,-22588.99999999637,1.0490527820560562,0.4597844112769486,14.980306799340765,2412,1012,0.8884986830553117,44.470588235294116,13,8,12349.000000007534,0.19321109104115597,0.209709348106988,-17636.499999996366,1.0244023894541674,0.4583586626139818,7.506990881463547,1645,698,0.875784190715182,43.343789209535764,13,8,23783.500000002387,0.8494345508589033,0.9497840411460062,-14308.499999999038,1.1031609538164704,0.46284224250325945,31.0084745762743,767,314,0.9181286549707602,47.09649122807018,13,6,0.005861073929125493,-0.04826095716039263,0.9922380336351876,0.9894949242802431,1,1,1,no_value,95,75
adverse_downsize__90m__t80__m25,adverse_downsize,90m,4,30089.75000000906,0.3508464152591985,0.3836798178896092,-24573.99999999677,1.0451878280190279,0.454661558109834,12.809599829718628,2349,1005,0.8823529411764706,43.30904302019315,13,7,7887.000000006789,0.13246555599608872,0.14394467010268552,-18470.24999999677,1.0171360783214745,0.45313469894475483,4.89571694600049,1611,693,0.8695106649937264,42.447929736511924,13,7,22202.75000000227,0.8474823718066621,0.9394893245848589,-16116.749999999498,1.1079770309751262,0.45799457994579945,30.08502710027408,738,312,0.9122807017543859,45.31578947368421,13,5,0.0039088948768842835,-0.18073591091416766,0.9547218628719275,0.9237289898485593,1,3,1,no_value,80,25
adverse_downsize__session__t95__m25,adverse_downsize,session,4,39942.000000009924,0.43363047541674365,0.4784279428707304,-28387.249999996573,1.0550592453442846,0.4598997493734336,16.684210526319934,2394,1006,0.8832309043020193,44.13871817383669,13,7,16174.250000007536,0.25262421256137785,0.2753266430493396,-23143.499999996562,1.0322907641137797,0.4576993304930006,9.844339622646096,1643,693,0.8695106649937264,43.291091593475535,13,7,23767.750000002394,0.846819633188324,0.9606833713875872,-13904.749999999485,1.1058495542608375,0.4647137150466045,31.64813581891131,751,313,0.9152046783625731,46.1140350877193,13,6,0.0032461562585461845,-0.01868166083631478,0.9715394566623544,0.9888396571808925,2,1,1,no_value,95,25
adverse_downsize__90m__t80__m50,adverse_downsize,90m,4,32706.000000009408,0.37398123519993265,0.411425874284117,-24239.999999996613,1.0471459924248843,0.45683601817430813,13.509293680301283,2421,1012,0.8884986830553117,44.63652326602283,13,8,10114.000000007074,0.16650019751785383,0.18156999807842655,-18777.49999999661,1.0211585199705386,0.4561933534743202,6.111178247738414,1655,698,0.875784190715182,43.607277289836894,13,8,22592.000000002336,0.8465807152164452,0.9495776600325667,-15356.999999999487,1.10473478460921,0.45822454308093996,29.493472584859447,766,314,0.9181286549707602,47.03508771929825,13,5,0.0030072382866673797,-0.1250755508343079,0.9909443725743855,0.9399234481610915,2,3,1,no_value,80,50
three_state_modulation__90m__t80__m50,three_state_modulation,90m,4,26922.00000000774,0.3524584855718391,0.37426738569400786,-25506.749999997333,1.0476483979372326,0.4531925108017283,12.924627940474192,2083,957,0.8402107111501317,38.40474100087796,13,8,7359.500000005815,0.13821310439567136,0.14588343435734877,-17589.24999999734,1.018563782022192,0.45188284518828453,5.132147838218839,1434,667,0.8368883312421581,37.784190715181936,13,8,19562.500000001928,0.8461808858803143,0.9108185787375219,-16180.749999999542,1.1160498843950486,0.4560862865947612,30.142526964563835,649,290,0.847953216374269,39.85087719298246,11,5,0.0026074089505364606,-0.185424641477002,0.8395860284605433,0.8138833416541813,2,4,2,no_value,80,50
three_state_modulation__30m__t80__m25,three_state_modulation,30m,4,33707.00000000692,0.46521111112509034,0.5000182781770138,-17085.4999999981,1.0656057417432172,0.45572786393196596,16.861930965486202,1999,945,0.8296751536435469,36.85601404741001,13,7,15436.500000005288,0.30358578536642533,0.3261181538362564,-11477.999999999018,1.043199321639275,0.4553956834532374,11.105395683457042,1390,660,0.8281053952321205,36.624843161856965,13,7,18270.50000000163,0.8459114386265417,0.9103105051890571,-13230.999999998812,1.1167822792375284,0.45648604269293924,30.000821018065075,609,285,0.8333333333333334,37.39473684210527,12,7,0.002337961696763924,0.03067821754978911,0.7878395860284605,0.7601306373772565,3,3,2,protective_but_mixed,80,25
three_state_modulation__30m__t90__m50,three_state_modulation,30m,4,35093.00000000835,0.4338759846169954,0.4714932028779694,-18135.749999997737,1.0564484736569641,0.4549825174825175,15.3378496503533,2288,994,0.8726953467954346,42.18437225636523,13,8,14772.250000006297,0.25999615655984104,0.2810753434667223,-12997.499999998778,1.034221521062041,0.4532145130490134,9.403087205605535,1571,688,0.863237139272271,41.393977415307404,13,8,20320.750000002045,0.8448447038901155,0.929738272279032,-14769.749999999529,1.106942028718571,0.45885634588563456,28.341352859138137,717,306,0.8947368421052632,44.026315789473685,12,5,0.001271226960337657,-0.08205278484958287,0.9275549805950841,0.8454297720086512,2,2,1,no_value,90,50
adverse_downsize__30m__t80__m75,adverse_downsize,30m,4,36702.00000000981,0.40900584858174605,0.4492484863863204,-24287.249999996468,1.0509435140781187,0.4589153656532457,15.078882497949797,2434,1014,0.8902546093064091,44.876207199297625,13,8,13693.000000007387,0.2191966095739856,0.23809272035554224,-18944.749999996446,1.0276404301596345,0.45755568934376883,8.243829018667903,1661,698,0.875784190715182,43.76537013801757,13,8,23009.000000002416,0.8444301054841403,0.9511689066523381,-14364.99999999947,1.1022406380875271,0.46183699870633893,29.76584734799795,773,316,0.9239766081871345,47.46491228070176,13,6,0.0008566285543625263,-0.05240022711042373,1.0,0.9572724246962903,0,2,0,no_value,80,75
three_state_modulation__session__t95__m25,three_state_modulation,session,4,33134.75000000812,0.40022462028071537,0.42734108547615773,-25671.249999997148,1.0539617436280913,0.45556552962298025,14.871970377023393,2228,981,0.8612818261633012,41.07813871817383,13,7,12275.75000000624,0.21139170007739694,0.2221655592203021,-17598.749999997162,1.028366954690184,0.45219638242894056,7.930071059435555,1548,679,0.8519447929736512,40.78795483061481,13,7,20859.000000001877,0.8443210938127452,0.9359821287481559,-14415.999999999567,1.1150566830259934,0.4632352941176471,30.67500000000276,680,302,0.8830409356725146,41.75438596491228,13,7,0.0007476168829674279,-0.056136559277686876,0.8796895213454075,0.8678232651023348,3,2,2,no_value,95,25
adverse_downsize__session__t85__m75,adverse_downsize,session,4,39752.00000000987,0.43465377001738237,0.4797495341467952,-25836.749999996602,1.0547730597619942,0.4584703947368421,16.345394736846163,2432,1014,0.8902546093064091,44.83933274802458,13,7,16316.250000007447,0.2565075291588902,0.28094784339568313,-19967.999999996624,1.0326716733363455,0.45755568934376883,9.82314870560352,1661,698,0.875784190715182,43.76537013801757,13,7,23435.75000000243,0.8420991181064362,0.9455857720647056,-14000.749999999469,1.1035341180056912,0.4604409857328145,30.39656290532092,771,316,0.9239766081871345,47.3421052631579,13,6,-0.0014743588233415705,-0.02571475668056032,0.9974126778783958,0.9750270427691797,2,2,2,no_value,85,75
combined_overlay__30m__t85__m25,combined_overlay,30m,4,27653.000000009426,0.3207121046689273,0.3467735531944474,-21866.24999999442,1.0403233685389501,0.45753899480069327,11.98136915078398,2308,1001,0.8788410886742757,42.553116769095695,13,8,5856.25000000699,0.09715801591321088,0.10435149523713234,-17079.749999997464,1.0122962780990443,0.45656309448319593,3.7135383639866775,1577,690,0.8657465495608532,41.55207026348808,13,8,21796.750000002437,0.8406570765120182,0.9230131034822243,-15281.249999999096,1.1040323311967066,0.45964432284541723,29.817715458279668,731,311,0.9093567251461988,44.885964912280706,13,6,-0.002916400417759646,-0.1195259986446783,0.9456662354463131,0.9068376601764095,1,2,1,no_value,85,25
combined_overlay__session__t90__m75,combined_overlay,session,4,42439.250000009786,0.46570830873283064,0.5094340588873095,-28959.24999999663,1.060025466013565,0.4567307692307692,18.548623251752527,2288,983,0.8630377524143986,42.18437225636523,13,7,19022.50000000739,0.3007376171676788,0.32531086950765725,-22652.99999999665,1.0390147106327934,0.4546031746031746,12.077777777782469,1575,680,0.8531994981179423,41.49937264742786,13,7,23416.7500000024,0.840598392355234,0.9429847857846613,-14809.249999999472,1.106707390011097,0.46143057503506313,32.84256661991922,713,303,0.8859649122807017,43.780701754385966,13,6,-0.0029750845745437626,-0.08494661074382609,0.9223803363518758,0.9742365618239298,2,2,2,no_value,90,75
combined_overlay__60m__t95__m75,combined_overlay,60m,4,39211.25000000985,0.4257875851549493,0.4658962671708448,-25660.999999996344,1.0534973949673125,0.4595158597662771,16.365296327216132,2396,1009,0.8858647936786654,44.17559262510974,13,7,15724.000000007496,0.2454045940188472,0.2659815537745023,-19367.24999999634,1.0312252081399367,0.4582062233068944,9.593654667484744,1639,695,0.8720200752823086,43.185696361355085,13,7,23487.250000002357,0.8388296506840481,0.9377122956435535,-16082.249999999041,1.102390592389569,0.4623513870541612,31.026750330254107,757,314,0.9181286549707602,46.48245614035088,13,5,-0.004743826245729665,-0.17820839209510803,0.9793014230271668,0.9771696621734035,1,1,1,no_value,95,75
combined_overlay__60m__t95__m50,combined_overlay,60m,4,38266.5000000098,0.4171175712754099,0.4568758801071074,-26225.74999999637,1.0524168472498983,0.45970772442588725,15.97766179541119,2395,1008,0.8849868305531168,44.15715539947322,13,7,14901.750000007443,0.23340884949703386,0.2535039560649968,-19326.99999999637,1.029698530543808,0.4582062233068944,9.09197681513572,1639,695,0.8720200752823086,43.185696361355085,13,7,23364.75000000235,0.8380811567292885,0.9355609030918329,-16687.24999999904,1.1023536330671821,0.46296296296296297,30.905753968257077,756,313,0.9152046783625731,46.42105263157895,13,5,-0.005492320200489287,-0.2225315481968712,0.9780077619663649,0.9720731402895628,1,1,1,no_value,95,50
adverse_downsize__90m__t95__m75,adverse_downsize,90m,4,38495.25000001003,0.41553467144580214,0.45925926758203434,-24676.249999996322,1.0520018628420233,0.4589153656532457,15.815632703373062,2434,1014,0.8902546093064091,44.876207199297625,13,8,14783.000000007576,0.22981502015874608,0.25174648038994074,-19742.499999996322,1.0290867807438697,0.45755568934376883,8.900060204700527,1661,698,0.875784190715182,43.76537013801757,13,8,23712.250000002467,0.8380789906069526,0.9447570890068768,-14060.249999999027,1.102195199737976,0.46183699870633893,30.67561448900707,773,316,0.9239766081871345,47.46491228070176,13,6,-0.005494486322825232,-0.03007381087566003,1.0,0.9865306207355639,1,1,0,no_value,95,75
adverse_downsize__90m__t90__m75,adverse_downsize,90m,4,35851.50000000997,0.3912840645309268,0.43087288636734233,-26031.999999996544,1.048862012499171,0.45869297163995065,14.735511713937512,2433,1014,0.8902546093064091,44.85776997366111,13,8,12350.250000007532,0.19449633030310617,0.21208875159341686,-20298.249999996544,1.0245054488796577,0.45755568934376883,7.435430463580694,1661,698,0.875784190715182,43.76537013801757,13,8,23501.250000002437,0.8363240536893907,0.9409833371395965,-14740.249999999467,1.1022906444947287,0.46113989637305697,30.442033678759636,772,316,0.9239766081871345,47.40350877192983,13,6,-0.007249423240387132,-0.07989157310577334,0.9987063389391979,0.9777521218172742,1,1,0,no_value,90,75
adverse_downsize__30m__t95__m75,adverse_downsize,30m,4,35523.75000001004,0.38438864689893476,0.4225087465948657,-24370.24999999634,1.0479066000828168,0.4591375770020534,14.588809034911721,2435,1014,0.8902546093064091,44.89464442493415,13,8,12085.500000007585,0.18807947853223506,0.20445241046844057,-19863.999999996333,1.0237206166516506,0.45788206979542717,7.271660649824058,1662,698,0.875784190715182,43.79171894604768,13,8,23438.250000002456,0.8329711004328824,0.9386917649407779,-13750.249999999027,1.101014965898451,0.46183699870633893,30.32115135834729,773,316,0.9239766081871345,47.46491228070176,13,6,-0.010602376496895438,-0.007362772211946604,1.0,0.9751310534198714,0,1,0,no_value,95,75
adverse_downsize__60m__t95__m50,adverse_downsize,60m,4,37223.750000009895,0.4045970665611449,0.44617942782834935,-26338.99999999636,1.0506283016609774,0.45932621199671325,15.293241577654024,2434,1013,0.8893766461808604,44.876207199297625,13,8,13900.000000007487,0.21730152152223986,0.23721905172055008,-19920.249999996362,1.0275298632171965,0.45788206979542717,8.363417569198248,1662,698,0.875784190715182,43.79171894604768,13,8,23323.750000002412,0.8325041063842746,0.9391914370959658,-15793.24999999903,1.101262429191204,0.46243523316062174,30.212111398966854,772,315,0.9210526315789473,47.40350877192983,13,6,-0.011069370545503165,-0.15703584314732277,0.9987063389391979,0.9703673656182392,1,1,1,no_value,95,50
adverse_downsize__session__t95__m50,adverse_downsize,session,4,38653.75000001,0.41863787095498284,0.4619368394923559,-26958.249999996537,1.0527489030759731,0.45848822800495664,15.96602643536142,2421,1012,0.8884986830553117,44.63652326602283,13,8,15231.000000007569,0.23734072933327352,0.2591455470393318,-22054.499999996544,1.0301783536540212,0.45740181268882174,9.203021148040827,1655,698,0.875784190715182,43.607277289836894,13,8,23422.75000000243,0.832371946061462,0.9405478761796503,-13600.749999999472,1.1026916116897856,0.4608355091383812,30.57800261096923,766,314,0.9181286549707602,47.03508771929825,13,6,-0.011201530868315768,0.0035898093371341576,0.9909443725743855,0.9744861873855885,1,1,1,protective_but_mixed,95,50
combined_overlay__30m__t95__m50,combined_overlay,30m,4,33289.75000000987,0.36385487949793766,0.39710743778748886,-22479.249999996384,1.0453484305190968,0.4597844112769486,13.801720563851523,2412,1012,0.8884986830553117,44.470588235294116,13,8,10277.750000007494,0.16144359121842985,0.17477542936126644,-17901.74999999639,1.0203554164341755,0.4583586626139818,6.247872340430088,1645,698,0.875784190715182,43.343789209535764,13,8,23012.00000000238,0.827480856729978,0.919556900725034,-14106.499999999038,1.100413005866746,0.46284224250325945,30.0026075619327,767,314,0.9181286549707602,47.09649122807018,13,6,-0.016092620199799845,-0.03346215132145679,0.9922380336351876,0.9573972374771176,0,1,0,no_value,95,50
adverse_downsize__60m__t95__m75,adverse_downsize,60m,4,37709.500000010004,0.40745511709815385,0.4498326427798695,-25727.74999999634,1.0509142510149203,0.4591375770020534,15.486447638607805,2435,1014,0.8902546093064091,44.89464442493415,13,8,14393.000000007562,0.22389233455160304,0.2446315081918464,-20102.749999996326,1.0283293311813717,0.45788206979542717,8.660048134781926,1662,698,0.875784190715182,43.79171894604768,13,8,23316.50000000245,0.825557139635295,0.9327999358147631,-14751.499999999027,1.1002484014063658,0.46183699870633893,30.16364812419463,773,316,0.9239766081871345,47.46491228070176,13,6,-0.01801633729448282,-0.08071576402498876,1.0,0.9700657347312379,1,2,1,no_value,95,75
adverse_downsize__30m__t90__m75,adverse_downsize,30m,4,34735.00000000999,0.3787393501607511,0.4159621198600601,-24329.99999999661,1.047165119672934,0.4591375770020534,14.264887063659133,2435,1014,0.8902546093064091,44.89464442493415,13,8,11799.250000007505,0.1846886711902188,0.20067341110063594,-19283.749999996595,1.023296990350894,0.45788206979542717,7.099428399523168,1662,698,0.875784190715182,43.79171894604768,13,8,22935.750000002485,0.8248238659402646,0.9281896622204256,-14602.74999999903,1.0997274813384084,0.46183699870633893,29.671086675294287,773,316,0.9239766081871345,47.46491228070176,13,6,-0.01874961098951322,-0.0698181285371588,1.0,0.954224912631058,1,2,1,no_value,90,75
combined_overlay__session__t95__m25,combined_overlay,session,4,39157.50000000991,0.425446181824163,0.4674720246385255,-29144.499999996566,1.054131094500125,0.4577853203224438,16.613279592706792,2357,998,0.8762071992976295,43.45654082528534,13,7,16021.500000007516,0.2505092747205222,0.2718009056444105,-24056.99999999657,1.032075556690056,0.4558369363804818,9.895923409516687,1619,688,0.863237139272271,42.658720200752825,13,7,23136.000000002394,0.8243782344263287,0.9321726565236649,-13748.499999999485,1.1033363444812927,0.462059620596206,31.3495934959382,738,310,0.9064327485380117,45.31578947368421,13,7,-0.01919524250344906,-0.007234564735652772,0.9547218628719275,0.9625561657513729,2,1,1,no_value,95,25
adverse_downsize__30m__t80__m50,adverse_downsize,30m,4,31931.000000009495,0.36846164060394837,0.40189901422648777,-23274.499999996595,1.046059763303808,0.45754328112118714,13.161995053590063,2426,1011,0.887620719929763,44.72870939420544,13,8,10347.250000007127,0.17117843490566628,0.18526584891221273,-17425.749999996602,1.021625047415344,0.4559178743961353,6.24833937198498,1656,696,0.8732747804265998,43.63362609786701,13,8,21583.750000002365,0.8239150421039853,0.9146052306671207,-15056.749999999478,1.1004984471543704,0.461038961038961,28.030844155847227,770,315,0.9210526315789473,47.280701754385966,13,6,-0.019658434825792548,-0.10307881096727511,0.9961190168175937,0.8979759527375657,1,2,0,no_value,80,50
combined_overlay__30m__t85__m50,combined_overlay,30m,4,27437.75000000949,0.3154836691090582,0.3408879600812548,-21790.74999999439,1.0395175268986925,0.45761245674740486,11.867538927339746,2312,1002,0.8797190517998245,42.62686567164179,13,8,5885.250000007036,0.09684605642226513,0.1039471380746108,-17627.749999997457,1.012252042007016,0.45656309448319593,3.731927710847835,1577,690,0.8657465495608532,41.55207026348808,13,8,21552.500000002452,0.8231829809851745,0.9031175896255292,-15480.499999999074,1.1007267373931053,0.4598639455782313,29.323129251704017,735,312,0.9122807017543859,45.131578947368425,13,6,-0.020390495944603293,-0.1341233355922409,0.9508408796895214,0.8966758196039366,1,2,1,no_value,85,50
adverse_downsize__60m__t90__m75,adverse_downsize,60m,4,36205.25000000999,0.3949112309299299,0.43470515249223024,-24098.749999996566,1.0493575586547386,0.4589153656532457,14.87479457683237,2434,1014,0.8902546093064091,44.876207199297625,13,8,13201.000000007512,0.20723978379082808,0.22594846856010795,-19399.999999996562,1.0261986331104949,0.45755568934376883,7.947621914513855,1661,698,0.875784190715182,43.76537013801757,13,8,23004.250000002477,0.8227511890717405,0.925238375417766,-13878.24999999947,1.1001714574976038,0.46183699870633893,29.75970245795922,773,316,0.9239766081871345,47.46491228070176,13,6,-0.020822287858037303,-0.01674023333764144,1.0,0.9570748044599807,2,3,2,no_value,90,75
combined_overlay__session__t95__m75,combined_overlay,session,4,37759.75000001,0.40976436163765567,0.44937325203132344,-29538.24999999655,1.0518661320225837,0.4574693186627169,15.979581041053745,2363,1000,0.8779631255487269,43.56716417910447,13,7,14723.250000007547,0.23001740528989828,0.24931480331213193,-24965.74999999655,1.02935845399648,0.45589142504626773,9.082819247382817,1621,689,0.8644918444165621,42.711417816813054,13,7,23036.500000002456,0.8191866237251184,0.9224482352991997,-13296.499999999469,1.1016957383055985,0.4609164420485175,31.046495956876626,742,311,0.9093567251461988,45.56140350877193,13,7,-0.024386853204659387,0.025879594864343488,0.9598965071151359,0.9584165418538888,2,1,1,protective_but_mixed,95,75
adverse_downsize__30m__t95__m50,adverse_downsize,30m,4,32669.250000009954,0.35605290032562803,0.38914978997525945,-23600.249999996362,1.0443053532117683,0.4589153656532457,13.422041906331122,2434,1014,0.8902546093064091,44.876207199297625,13,8,9860.750000007534,0.15443559588609632,0.1670306414411997,-19320.24999999637,1.019440305698243,0.45755568934376883,5.936634557500021,1661,698,0.875784190715182,43.76537013801757,13,8,22808.500000002427,0.8179984333046063,0.915378976105997,-13850.74999999903,1.0991098644917092,0.46183699870633893,29.50646830530715,773,316,0.9239766081871345,47.46491228070176,13,6,-0.02557504362517149,-0.014725544423892675,1.0,0.948930770510903,0,1,0,no_value,95,50
combined_overlay__60m__t95__m25,combined_overlay,60m,4,37063.25000000974,0.4051534395635843,0.44304951270488263,-26939.2499999964,1.0509372959972652,0.4594820384294068,15.4817251462029,2394,1008,0.8849868305531168,44.13871817383669,13,7,14373.250000007394,0.22568074991151696,0.2447535352007846,-19326.74999999639,1.0287531419758116,0.45787545787545786,8.774877899882414,1638,695,0.8720200752823086,43.15934755332497,13,7,22690.000000002343,0.8169277694144819,0.9101415047296716,-17400.99999999904,1.0996309396001267,0.46296296296296297,30.01322751323061,756,313,0.9152046783625731,46.42105263157895,13,5,-0.026645707515295936,-0.27482188318469525,0.9780077619663649,0.9440006656681642,1,1,1,no_value,95,25
adverse_downsize__60m__t95__m25,adverse_downsize,60m,4,36882.25000000978,0.40278361672917784,0.4425525645821222,-26990.2499999964,1.0505586922437788,0.45874587458745875,15.215449669971031,2424,1012,0.8884986830553117,44.691834942932395,13,7,14204.250000007414,0.22292636223177933,0.2423835026970996,-19655.249999996387,1.0283604856977289,0.45740181268882174,8.58262839879602,1655,697,0.8745294855708908,43.607277289836894,13,7,22678.000000002372,0.8147532647706129,0.9166020376598325,-16957.49999999904,1.0991833490234528,0.4616384915474642,29.49024707412532,769,315,0.9210526315789473,47.21929824561404,13,6,-0.02882021215916486,-0.24233044561257622,0.9948253557567918,0.9435014145448504,1,1,1,no_value,95,25
combined_overlay__90m__t95__m50,combined_overlay,90m,4,39347.500000009866,0.4276508791891874,0.4708772246024019,-23054.999999996344,1.0538287534944883,0.4592901878914405,16.42901878914817,2395,1008,0.8849868305531168,44.15715539947322,13,8,16474.500000007472,0.2578186141554188,0.2815672484783312,-18327.499999996362,1.032828960904468,0.45843520782396086,10.069987775065693,1636,694,0.8707653701380176,43.10664993726475,13,8,22873.000000002394,0.8142570882223892,0.9130077020676869,-14256.499999999038,1.0998179118449065,0.461133069828722,30.135704874838463,759,314,0.9181286549707602,46.60526315789474,13,6,-0.02931638870738862,-0.04445136357809232,0.981888745148771,0.9516142452987196,0,2,0,no_value,95,50
adverse_downsize__session__t80__m50,adverse_downsize,session,4,34301.25000000935,0.3864742566592546,0.42335629053561064,-26484.7499999968,1.0493276122099506,0.45857497928748964,14.209299917153832,2414,1010,0.8867427568042142,44.50746268656716,13,7,12258.000000007098,0.19880044464267754,0.2165408451558252,-19753.49999999681,1.02549746101826,0.4572468162522741,7.4335961188642194,1649,697,0.8745294855708908,43.449184441656215,13,7,22043.250000002252,0.814160717432141,0.9028701528961116,-14151.749999999498,1.102707078707976,0.46143790849673205,28.814705882355884,765,313,0.9152046783625731,46.97368421052632,13,6,-0.029412759497636776,-0.036777230352242216,0.9896507115135834,0.917093110334497,2,3,2,no_value,80,50
combined_overlay__session__t95__m50,combined_overlay,session,4,38035.50000000995,0.41301547716313614,0.4534702770431435,-29413.99999999656,1.0523790244285487,0.4574693186627169,16.09627592044433,2363,1000,0.8779631255487269,43.56716417910447,13,7,15168.000000007536,0.23707975091713668,0.25721196044090033,-24658.999999996562,1.0302951167399748,0.45589142504626773,9.357186921657949,1621,689,0.8644918444165621,42.711417816813054,13,7,22867.500000002423,0.8139326299748388,0.9181510412641607,-13447.499999999476,1.1014150655755457,0.4609164420485175,30.81873315364208,742,311,0.9093567251461988,45.56140350877193,13,7,-0.02964084695493896,0.01481712119266319,0.9598965071151359,0.9513854218672015,2,1,1,protective_but_mixed,95,50
adverse_downsize__90m__t85__m75,adverse_downsize,90m,4,34702.75000000991,0.38236150169768096,0.4199419096178801,-25297.999999996395,1.047725138737482,0.4584703947368421,14.26922286184618,2432,1014,0.8902546093064091,44.83933274802458,13,8,12152.500000007465,0.1929921355524331,0.21011884282860444,-20181.749999996384,1.024335065974026,0.45755568934376883,7.316375677307324,1661,698,0.875784190715182,43.76537013801757,13,8,22550.250000002452,0.8121053844241881,0.9092536883387836,-14295.74999999947,1.0990107812983783,0.4604409857328145,29.248054474711353,771,316,0.9239766081871345,47.3421052631579,13,6,-0.031468092505589684,-0.04732687411861033,0.9974126778783958,0.938186470294563,0,2,0,no_value,85,75
adverse_downsize__60m__t80__m75,adverse_downsize,60m,4,35382.5000000098,0.3932958095889583,0.43259219257194054,-24633.499999996442,1.0491506894223885,0.45869297163995065,14.542745581590546,2433,1014,0.8902546093064091,44.85776997366111,13,8,13164.50000000739,0.21034720437863524,0.22901411515197714,-19270.999999996442,1.0265390967595116,0.45755568934376883,7.925647200486087,1661,698,0.875784190715182,43.76537013801757,13,8,22218.000000002412,0.8120009413044618,0.9138893298114114,-15038.749999999038,1.0992600617639134,0.46113989637305697,28.779792746117113,772,316,0.9239766081871345,47.40350877192983,13,6,-0.031572535625316034,-0.1017601054964466,0.9987063389391979,0.924363454817778,2,3,2,no_value,80,75
three_state_modulation__60m__t90__m25,three_state_modulation,60m,4,33746.50000000792,0.42713669591020675,0.45844253915415084,-20448.249999997763,1.0575914711411347,0.4526995846792801,15.572911859717546,2167,975,0.8560140474100087,39.95346795434592,13,7,14306.250000006035,0.2601795345704372,0.2795429250264814,-12011.499999998796,1.0349023800709236,0.45254010695187163,9.56300133690243,1496,675,0.8469259723964868,39.41781681304894,13,7,19440.250000001895,0.8097610590380313,0.8659580709958987,-17722.749999999272,1.1104118952520494,0.45305514157973176,28.972056631895523,671,300,0.8771929824561403,41.20175438596492,12,5,-0.033812417891746493,-0.29839374347519554,0.8680465717981889,0.8087972208354087,2,3,2,no_value,90,25
adverse_downsize__30m__t90__m50,adverse_downsize,30m,4,29612.500000009863,0.32762907200845376,0.3575460012925331,-24157.749999996682,1.0407327843377168,0.45869297163995065,12.17118783395391,2433,1014,0.8902546093064091,44.85776997366111,13,8,7586.500000007376,0.12014912170111065,0.12987684586505707,-19864.999999996682,1.0151246766580924,0.4572289156626506,4.570180722896009,1660,698,0.875784190715182,43.73902132998746,13,8,22026.000000002485,0.8090768689037442,0.9024471008206228,-15662.99999999903,1.0977210186038744,0.46183699870633893,28.494178525229604,773,316,0.9239766081871345,47.46491228070176,13,6,-0.034496608026033604,-0.14749354383781094,1.0,0.9163754368447414,1,2,1,no_value,90,50
three_state_modulation__30m__t85__m50,three_state_modulation,30m,4,30884.250000008105,0.3995973752145344,0.4309468553304547,-17641.749999997857,1.0522345019927875,0.4562754870865428,13.993769823293206,2207,982,0.8621597892888498,40.69095697980685,13,8,12083.000000006063,0.2236758815894887,0.24111055133074655,-12362.999999998843,1.0294087581292257,0.45466491458607095,7.938896189228688,1522,683,0.8569636135508155,40.102885821831876,13,8,18801.250000002045,0.8084086855826235,0.8723079231872504,-15178.749999999343,1.1042212336645592,0.45985401459854014,27.447080291973787,685,299,0.8742690058479532,42.06140350877193,12,5,-0.035164791347154334,-0.11201670360266215,0.8861578266494179,0.7822120985188924,3,2,2,no_value,85,50
adverse_downsize__session__t80__m25,adverse_downsize,session,4,33080.50000000895,0.37776725808459605,0.4126662542168507,-28061.49999999696,1.0495120154251385,0.4587628865979381,14.209836769763294,2328,1001,0.8788410886742757,42.92186128182616,13,7,11500.75000000682,0.18915979973105523,0.20483642623460924,-19980.249999996966,1.0247628439455985,0.4544887780548628,7.170043640902007,1604,691,0.8670012547051443,42.26348808030113,13,7,21579.750000002125,0.8067519972634948,0.8985129376471882,-14731.249999999522,1.1059414811360242,0.468232044198895,29.806284530389675,724,310,0.9064327485380117,44.4561403508772,13,6,-0.03682147966628302,-0.0792322203703792,0.9366106080206986,0.8978095356964507,2,3,2,no_value,80,25
combined_overlay__30m__t85__m75,combined_overlay,30m,4,27415.000000009535,0.31170997258366323,0.3378168587146343,-21737.49999999437,1.038993799253421,0.45761245674740486,11.857698961941841,2312,1002,0.8797190517998245,42.62686567164179,13,8,6026.0000000070795,0.0981869446251166,0.10563109982712451,-17882.499999997443,1.012440960406648,0.45656309448319593,3.8211794546652373,1577,690,0.8657465495608532,41.55207026348808,13,8,21389.000000002456,0.8053579368746233,0.8874078689183436,-15903.499999999056,1.0978038823875176,0.4598639455782313,29.100680272112186,735,312,0.9122807017543859,45.131578947368425,13,6,-0.038215540055154484,-0.16511291415595175,0.9508408796895214,0.8898735230487702,1,2,1,no_value,85,75
three_state_modulation__30m__t80__m50,three_state_modulation,30m,4,30825.25000000758,0.4118868453399105,0.44472898727581267,-18390.499999997923,1.0550026341275112,0.4562647754137116,14.57458628841966,2115,966,0.8481123792800702,38.99473222124671,13,10,12830.250000005744,0.24470957222240114,0.2634684304965213,-12739.499999998887,1.0329749550715506,0.4557916381082934,8.793865661415863,1459,674,0.8456712672521958,38.44291091593476,13,10,17995.000000001837,0.8033908818575565,0.8732051658384953,-14143.999999999573,1.1050241768631774,0.4573170731707317,27.43140243902719,656,292,0.8538011695906432,40.280701754385966,12,5,-0.04018259507222133,-0.03620945438565484,0.8486416558861578,0.7486686636711588,3,3,2,no_value,80,50
combined_overlay__30m__t95__m25,combined_overlay,30m,4,30069.750000009833,0.3298656920849223,0.3590225129232204,-22549.999999996417,1.0410935175701328,0.45956034840315224,12.471899626714986,2411,1012,0.8884986830553117,44.45215100965759,13,8,7965.5000000074615,0.12549416374163821,0.1354727090683454,-18211.249999996413,1.0158064452117466,0.4583586626139818,4.842249240126116,1645,698,0.875784190715182,43.343789209535764,13,8,22104.25000000237,0.7990132846849668,0.8857151127449239,-14040.749999999041,1.097033795069799,0.4621409921671018,28.856723237601003,766,314,0.9181286549707602,47.03508771929825,13,6,-0.044560192244811,-0.02864521328229848,0.9909443725743855,0.919630970211353,0,0,0,no_value,95,25
adverse_downsize__30m__t95__m25,adverse_downsize,30m,4,29747.250000009866,0.32595780578193806,0.3553393348438002,-23109.499999996417,1.0405794877304049,0.4588477366255144,12.241666666670726,2430,1014,0.8902546093064091,44.80245829675153,13,8,7685.25000000748,0.12093289963695174,0.130490931242116,-18919.499999996402,1.0152231023118803,0.45750452079566006,4.632459312843568,1659,698,0.875784190715182,43.712672521957344,13,8,22062.000000002387,0.7967142993279563,0.888795041747902,-13951.249999999038,1.0966698799404202,0.46173800259403375,28.614785992220995,771,316,0.9239766081871345,47.3421052631579,13,6,-0.046859177601821456,-0.022088316635839014,0.9974126778783958,0.9178731902146823,0,1,0,no_value,95,25
adverse_downsize__session__t85__m25,adverse_downsize,session,4,37721.75000000934,0.42235717611558915,0.46197661930703354,-29763.99999999687,1.0549280813340698,0.4608177172061329,16.06548126065134,2348,1001,0.8788410886742757,43.290605794556626,13,7,16115.00000000704,0.2592820915940886,0.2823620634429844,-21452.749999996875,1.033844359002242,0.4566831683168317,9.97215346535089,1616,691,0.8670012547051443,42.57967377666249,13,7,21606.750000002306,0.7959481145867737,0.8789774510390655,-15084.2499999995,1.1025972499706318,0.46994535519125685,29.517418032790037,732,310,0.9064327485380117,44.94736842105264,13,6,-0.047625362343004074,-0.10509349988099323,0.9469598965071151,0.898932850723917,2,2,2,no_value,85,25
adverse_downsize__90m__t90__m50,adverse_downsize,90m,4,32273.500000009804,0.35742005579321323,0.39180312230082415,-26865.99999999658,1.0446564562019633,0.45799011532125206,13.292215815490035,2428,1013,0.8893766461808604,44.76558384547849,13,8,10230.750000007421,0.16359684355738371,0.17758503437113005,-19947.249999996588,1.0206043707064938,0.45690174804098854,6.166817359859808,1659,698,0.875784190715182,43.712672521957344,13,8,22042.750000002383,0.7948204095596677,0.890218828709465,-16173.249999999472,1.0974595802111997,0.46033810143042914,28.66417425227878,769,315,0.9210526315789473,47.21929824561404,13,6,-0.04875306737011009,-0.18487518086416516,0.9948253557567918,0.9170723082043644,0,1,0,no_value,90,50
adverse_downsize__session__t85__m50,adverse_downsize,session,4,36811.75000000961,0.4083676847239065,0.4480533985451271,-27845.749999996748,1.0519902521146216,0.4586092715231788,15.236651490070203,2416,1010,0.8867427568042142,44.54433713784021,13,7,15087.500000007247,0.24047202027511863,0.2629057932875038,-20836.99999999675,1.0308670232272583,0.4572986069049061,9.13840096911402,1651,697,0.8745294855708908,43.50188205771644,13,7,21724.250000002372,0.7932110532866743,0.8769137896076726,-14418.749999999483,1.0990795206164472,0.46143790849673205,28.397712418303755,765,313,0.9152046783625731,46.97368421052632,13,6,-0.050362423643103504,-0.056338028169052395,0.9896507115135834,0.9038213513063789,2,2,2,no_value,85,50
three_state_modulation__60m__t80__m50,three_state_modulation,60m,4,33122.75000000761,0.43169145713021484,0.46030028588799743,-22483.99999999787,1.058551302600885,0.44930321960595865,15.916746756370788,2081,954,0.8375768217734855,38.36786654960491,13,8,14572.000000005772,0.27372661931816894,0.28968226258642815,-14232.749999997868,1.0367903615918066,0.4499654934437543,10.05659075224691,1449,666,0.835633626097867,38.17942283563363,13,8,18550.75000000184,0.7901658706498678,0.856568714688154,-18024.999999999287,1.1093647520748373,0.4477848101265823,29.35245253164848,632,288,0.8421052631578947,38.80701754385965,11,4,-0.053407606279910036,-0.3205370061723172,0.8175937904269082,0.7717902313196838,1,2,1,no_value,80,50
combined_overlay__30m__t90__m75,combined_overlay,30m,4,26586.500000009757,0.2938594813458747,0.32033466297298707,-23010.999999996733,1.0366670137550573,0.4573839662447257,11.217932489455594,2370,1009,0.8858647936786654,43.69622475856014,13,8,5041.000000007296,0.0799144348194595,0.08652382201500207,-21482.499999996748,1.0100972620115451,0.4560643564356436,3.119430693073822,1616,695,0.8720200752823086,42.57967377666249,13,8,21545.500000002456,0.7871035195322675,0.8711164695039488,-16083.999999999041,1.0954036183456868,0.46021220159151194,28.57493368700591,754,314,0.9181286549707602,46.29824561403509,13,6,-0.05646995739751026,-0.17833659957143544,0.9754204398447607,0.8963845897820031,1,2,1,no_value,90,75
three_state_modulation__session__t85__m75,three_state_modulation,session,4,34821.250000008564,0.40956565049567867,0.43387483048784664,-29128.499999997202,1.0543450270310906,0.45746164574616455,16.188400743844056,2151,962,0.8446005267778753,39.658472344161545,13,7,14577.75000000647,0.24606553728018654,0.2598756865579972,-20095.999999997206,1.0326315059033564,0.4546675621222297,9.790295500340141,1489,667,0.8368883312421581,39.23337515683814,13,7,20243.500000002095,0.7857179474862921,0.8378231593945458,-15095.249999999527,1.1043449799103757,0.4637462235649547,30.579305135954826,662,295,0.8625730994152047,40.64912280701755,11,6,-0.05785552944348571,-0.10589937544648183,0.8564036222509702,0.8422158429023132,2,3,2,no_value,85,75
adverse_downsize__90m__t95__m50,adverse_downsize,90m,4,36944.75000000996,0.40076481007570847,0.44287695012884204,-24593.24999999634,1.0501750945415598,0.45824763471822294,15.19734677088028,2431,1014,0.8902546093064091,44.82089552238806,13,8,14875.750000007523,0.2322242168419552,0.2547664024842413,-19218.249999996355,1.0294320009140925,0.4572289156626506,8.961295180727424,1660,698,0.875784190715182,43.73902132998746,13,8,22069.000000002437,0.7850757446492033,0.8816956398686259,-14749.49999999903,1.0955828293929555,0.4604409857328145,28.623865110249593,771,316,0.9239766081871345,47.3421052631579,13,6,-0.05849773228057453,-0.08056924119490055,0.9974126778783958,0.9181644200366181,0,1,0,no_value,95,50
adverse_downsize__30m__t90__m25,adverse_downsize,30m,4,24990.75000000973,0.2793228185730275,0.3038191075538715,-24169.249999996762,1.0348361641223507,0.4580751755472945,10.322490706323721,2421,1013,0.8893766461808604,44.63652326602283,13,8,3968.000000007244,0.06333940132960278,0.06829094905377682,-21526.999999996773,1.0079949145251503,0.45614035087719296,2.400483968546427,1653,697,0.8745294855708908,43.554579673776665,13,8,21022.75000000248,0.7843415247457862,0.8707096871559159,-16878.24999999904,1.095098025911061,0.4622395833333333,27.373372395836565,768,316,0.9239766081871345,47.15789473684211,13,6,-0.059231952183991576,-0.23652447847032043,0.9935316946959897,0.8746359627225955,1,1,1,no_value,90,25
adverse_downsize__90m__t90__m25,adverse_downsize,90m,4,30364.25000000964,0.3395334595137236,0.3685874840290992,-27759.74999999664,1.0427765505738102,0.45800250731299624,12.688779774345859,2393,1007,0.884108867427568,44.120280948200175,13,7,8843.750000007312,0.14292933877840752,0.1540300408107471,-19669.74999999662,1.018116721362536,0.4559902200488998,5.405715158928675,1636,694,0.8707653701380176,43.10664993726475,13,7,21520.500000002332,0.7818322727021051,0.8620590421803765,-17592.49999999948,1.097079123060279,0.4623513870541612,28.428665786000437,757,313,0.9152046783625731,46.48245614035088,13,5,-0.06174120422767271,-0.28885144416569886,0.9793014230271668,0.8953444832750916,1,1,0,no_value,90,25
combined_overlay__30m__t90__m50,combined_overlay,30m,4,25173.000000009706,0.28044310289658775,0.30411563022525334,-23513.999999996766,1.034987197559958,0.4573839662447257,10.621518987345867,2370,1009,0.8858647936786654,43.69622475856014,13,8,4104.000000007239,0.06541420143335193,0.07050218290777091,-21757.99999999678,1.0082630567471207,0.4560643564356436,2.539603960400519,1616,695,0.8720200752823086,42.57967377666249,13,8,21069.000000002467,0.7802304515258859,0.8579176134862819,-16706.49999999904,1.0945547648192133,0.46021220159151194,27.942970822284437,754,314,0.9181286549707602,46.29824561403509,13,6,-0.06334302540389192,-0.22394183043647276,0.9754204398447607,0.8765601597603714,1,2,1,no_value,90,50
three_state_modulation__30m__t85__m25,three_state_modulation,30m,4,32528.250000007472,0.43505525907980097,0.46619905083751106,-18013.999999998046,1.059629062711972,0.45337773549000954,15.474904852524963,2102,958,0.8410886742756805,38.7550482879719,13,7,14960.250000005617,0.2863970687367657,0.3068371889274124,-12510.5,1.0395008350220953,0.45085910652920963,10.281958762890458,1455,666,0.835633626097867,38.33751568381431,13,6,17568.00000000185,0.779962100365002,0.8358131918166422,-15786.499999999576,1.1053379502630876,0.45904173106646057,27.15301391035835,647,292,0.8538011695906432,39.728070175438596,12,7,-0.06361137656477578,-0.15654132859581416,0.8369987063389392,0.7309036445332016,3,3,2,no_value,85,25
combined_overlay__session__t85__m75,combined_overlay,session,4,37562.00000000955,0.4197670173245507,0.45111881301850293,-31478.749999996748,1.0545348757441397,0.45675675675675675,16.919819819824124,2220,971,0.8525021949078139,40.930640913081646,13,7,16409.00000000719,0.2631913086704065,0.2809242452988263,-21803.749999996755,1.0344328670308967,0.45323741007194246,10.73185088293472,1529,672,0.8431618569636136,40.28732747804266,13,7,21153.000000002365,0.7798455421474189,0.8511504876333629,-16720.499999999472,1.099674983124816,0.4645441389290883,30.612156295227734,691,299,0.8742690058479532,42.429824561403514,12,6,-0.06372793478235894,-0.22496749024712379,0.8939197930142303,0.8800549176235719,2,2,2,no_value,85,75
adverse_downsize__30m__t80__m25,adverse_downsize,30m,4,27930.750000009168,0.33066000377622545,0.3601970971049085,-22818.999999997446,1.0418908415176278,0.4559563758389262,11.71591862416492,2384,1005,0.8823529411764706,43.954345917471464,13,10,8147.250000006873,0.13811653976387472,0.14958760669304422,-17796.24999999746,1.0176579210587209,0.45482483097725873,5.007529194841348,1627,690,0.8657465495608532,42.86951066499373,13,10,19783.5000000023,0.77684052620065,0.8573082629570303,-16144.49999999949,1.0963369932154945,0.4583883751651255,26.134081902248745,757,315,0.9210526315789473,46.48245614035088,13,6,-0.06673295072912777,-0.1827689151816447,0.9793014230271668,0.8230778831752475,0,1,0,no_value,80,25
combined_overlay__90m__t95__m25,combined_overlay,90m,4,37695.75000000984,0.41056513661259475,0.45135325845394625,-23896.749999996366,1.0516916880816112,0.4594820384294068,15.745927318299849,2394,1007,0.884108867427568,44.13871817383669,13,8,15957.50000000744,0.2501364442415441,0.27322752772132786,-18270.499999996377,1.0318636199129056,0.45843520782396086,9.753973105139021,1636,694,0.8707653701380176,43.10664993726475,13,8,21738.250000002394,0.7762844048381992,0.8656041235100632,-15328.249999999041,1.0951613309212884,0.46174142480211083,28.67843007915883,758,313,0.9152046783625731,46.54385964912281,13,5,-0.06728907209157864,-0.12296928515175344,0.9805950840879689,0.9044038109502472,0,1,0,no_value,95,25
adverse_downsize__60m__t90__m50,adverse_downsize,60m,4,32546.50000000985,0.3599974332186999,0.39434715047619234,-23992.749999996624,1.0450669100957068,0.45821325648414984,13.399135446689934,2429,1013,0.8893766461808604,44.78402107111501,13,8,11259.750000007387,0.17903155595382741,0.19420831475182976,-18903.999999996624,1.0226557630871023,0.45690174804098854,6.787070524416749,1659,698,0.875784190715182,43.712672521957344,13,8,21286.750000002463,0.7741243870248106,0.8668280532888564,-14689.249999999474,1.0945283739436773,0.461038961038961,27.64512987013307,770,315,0.9210526315789473,47.280701754385966,13,6,-0.06944908990496723,-0.0761552409385178,0.9961190168175937,0.8856194874355242,1,3,1,no_value,90,50
combined_overlay__30m__t90__m25,combined_overlay,30m,4,23669.750000009655,0.2652060254607643,0.28736826398359244,-24067.49999999428,1.0331416153942956,0.45754119138149557,9.999894381077167,2367,1009,0.8858647936786654,43.64091308165057,13,8,3051.5000000071805,0.048825361378239535,0.05257366636500801,-21825.999999996817,1.0061739572911617,0.4560643564356436,1.888304455449988,1616,695,0.8720200752823086,42.57967377666249,13,8,20618.250000002474,0.7712730006520137,0.8479588606861705,-17345.24999999904,1.0937420080087692,0.4607190412782956,27.454394141148434,751,314,0.9181286549707602,46.1140350877193,13,6,-0.07230047627776415,-0.27073755929597904,0.9715394566623544,0.8578070394408529,1,1,1,no_value,90,25
three_state_modulation__90m__t95__m75,three_state_modulation,90m,4,36594.00000000933,0.4169213543267558,0.4583334856589415,-23530.249999996606,1.0529797872860378,0.45815722738799664,15.4666103127681,2366,1004,0.8814749780509219,43.62247585601405,13,8,16339.250000007047,0.26677787416699483,0.29168892151254,-17333.99999999661,1.0342546057945294,0.458641975308642,10.085956790127806,1620,693,0.8695106649937264,42.68506900878294,13,8,20254.750000002285,0.7638880707396054,0.8500888035089013,-16275.99999999949,1.0947714788370058,0.4571045576407507,27.15113941019073,746,311,0.9093567251461988,45.80701754385965,13,5,-0.07968540619017239,-0.19240279125996185,0.9650711513583441,0.8426838908304288,0,2,0,no_value,95,75
combined_overlay__session__t85__m50,combined_overlay,session,4,37231.75000000941,0.4171135747577619,0.4492727591098004,-31283.999999996828,1.0544042662162314,0.45675675675675675,16.771058558562796,2220,971,0.8525021949078139,40.930640913081646,13,7,16555.000000007087,0.26634289683629225,0.28536594223783757,-21607.74999999683,1.0349189039830484,0.45323741007194246,10.827338129501038,1529,672,0.8431618569636136,40.28732747804266,13,7,20676.750000002325,0.7632078478287624,0.8318051225445854,-16381.749999999489,1.0983412998501945,0.4645441389290883,29.92293777134924,691,299,0.8742690058479532,42.429824561403514,12,6,-0.08036562910101541,-0.20015018590088976,0.8939197930142303,0.8602408886670072,2,2,2,no_value,85,50
adverse_downsize__90m__t95__m25,adverse_downsize,90m,4,36776.00000000988,0.40029872929750965,0.44152263839491307,-24713.999999996373,1.0502916391312471,0.458298926507019,15.184145334438432,2422,1012,0.8884986830553117,44.654960491659345,13,8,15433.250000007465,0.24176878884532912,0.2650547822102535,-18747.749999996373,1.0307355358816237,0.4571256038647343,9.319595410632527,1656,697,0.8745294855708908,43.63362609786701,13,8,21342.750000002416,0.7616774325833582,0.8514327614516755,-15588.749999999038,1.0931492410777242,0.4608355091383812,27.862597911230306,766,315,0.9210526315789473,47.03508771929825,13,6,-0.08189604434641962,-0.14205388377077688,0.9909443725743855,0.8879493260109921,0,1,0,no_value,95,25
three_state_modulation__60m__t90__m50,three_state_modulation,60m,4,32015.000000008487,0.39357499785197725,0.42365393675123414,-20583.999999997606,1.0512039485337683,0.4545857332742579,14.184758529024585,2257,990,0.8691834942932397,41.61281826163301,13,7,13286.250000006412,0.23425880309722166,0.2515964624673565,-13513.499999998667,1.0305615633351102,0.4538411878631375,8.577307940610982,1549,685,0.8594730238393977,40.81430363864492,13,7,18728.75000000208,0.76079928869513,0.8227983586752057,-16914.49999999955,1.0983097778302815,0.4562146892655367,26.453036723166782,708,305,0.8918128654970761,43.473684210526315,12,6,-0.08277418823464777,-0.23918020476571134,0.9159120310478654,0.7791957896488659,1,3,1,no_value,90,50
adverse_downsize__90m__t85__m50,adverse_downsize,90m,4,28912.500000009702,0.3261506768463466,0.35556301352560993,-25704.24999999649,1.04073768138661,0.457319587628866,11.922680412375135,2425,1013,0.8893766461808604,44.71027216856892,13,8,8248.250000007292,0.1342274896752675,0.14522503530555234,-19902.99999999648,1.0169234359812311,0.45624622812311405,4.977821363915083,1657,698,0.875784190715182,43.659974905897116,13,8,20664.250000002412,0.7604400251060005,0.8428524680215242,-15401.749999999476,1.092940911901963,0.4596354166666667,26.906575520836473,768,315,0.9210526315789473,47.15789473684211,13,6,-0.0831334518237773,-0.1283539991575367,0.9935316946959897,0.8597208354135577,0,2,0,no_value,85,50
three_state_modulation__60m__t90__m75,three_state_modulation,60m,4,32920.25000000902,0.38796791708891637,0.418154778801754,-21483.499999997464,1.0495954207443619,0.45530603258476443,14.495926904451354,2271,995,0.8735733099209834,41.87093942054433,13,7,13437.000000006796,0.22697542707254484,0.24344457009204679,-14623.499999998543,1.0292211287223818,0.45507060333761234,8.624518613611551,1558,688,0.863237139272271,41.05144291091594,13,7,19483.250000002226,0.7598254077000473,0.8279465575275714,-16741.99999999952,1.0955353968740547,0.45582047685834504,27.325736325388817,713,307,0.8976608187134503,43.780701754385966,12,5,-0.08374806922973055,-0.22654261067057835,0.9223803363518758,0.8105862040273011,3,3,3,no_value,90,75
three_state_modulation__90m__t85__m75,three_state_modulation,90m,4,26752.25000000881,0.3237906908315079,0.3446889396898081,-27058.249999996922,1.0418421346922033,0.45226130653266333,12.221219735042856,2189,981,0.8612818261633012,40.359086918349426,13,7,7690.750000006643,0.13403375833191386,0.142073538302028,-18840.74999999693,1.0174000935531626,0.45296864576384255,5.130587058043124,1499,679,0.8519447929736512,39.49686323713927,13,7,19061.500000002172,0.7556940303314414,0.8118465636195484,-18042.24999999914,1.0965790843695935,0.45072463768115945,27.625362318843727,690,302,0.8830409356725146,42.36842105263158,11,5,-0.08787944659833635,-0.3218007655818196,0.8926261319534282,0.7930396072557913,1,2,1,no_value,85,75
three_state_modulation__90m__t90__m75,three_state_modulation,90m,4,29340.75000000906,0.3456534947079941,0.3690451522330446,-27229.499999996893,1.0441324284962898,0.4547053649956025,12.90270448549211,2274,990,0.8691834942932397,41.92625109745391,13,7,9754.250000006858,0.16553012162415515,0.17550034347562155,-18416.99999999687,1.0212357986243172,0.45437017994858614,6.268798200518546,1556,685,0.8594730238393977,40.99874529485571,13,7,19586.500000002197,0.7551055859348352,0.8186991356808497,-18892.24999999949,1.095309696295092,0.4554317548746518,27.27924791086657,718,305,0.8918128654970761,44.08771929824562,11,5,-0.08846789099494257,-0.38407296836944654,0.9288486416558862,0.8148818439008225,2,2,2,no_value,90,75
three_state_modulation__session__t80__m50,three_state_modulation,session,4,30854.250000007414,0.3926697622466881,0.4111276102402217,-22373.999999997613,1.0541898720171272,0.4544564152791381,15.109818805096676,2042,940,0.8252853380158033,37.648814749780506,13,6,13156.000000005644,0.238922733095023,0.2525628471488173,-14485.249999997626,1.0328751445440736,0.450070323488045,9.251758087205095,1422,659,0.8268506900878294,37.468005018820584,13,6,17698.250000001768,0.7530221806194403,0.7700574407332904,-14487.499999999534,1.1046043775645873,0.4645161290322581,28.545564516131883,620,281,0.8216374269005848,38.07017543859649,11,6,-0.09055129631033754,-0.06137475045334741,0.8020698576972833,0.7363225994341794,2,3,1,no_value,80,50
adverse_downsize__60m__t85__m75,adverse_downsize,60m,4,33916.00000000991,0.3738101926184577,0.4115150120442534,-23979.499999996406,1.0465886320358802,0.4589153656532457,13.934264585049265,2434,1014,0.8902546093064091,44.876207199297625,13,8,13281.25000000745,0.2101713644862591,0.22935688317510838,-19180.7499999964,1.0265563522044798,0.45755568934376883,7.995936183026761,1661,698,0.875784190715182,43.76537013801757,13,8,20634.750000002463,0.7496853036669466,0.8417310248200198,-14517.74999999903,1.090553729489684,0.46183699870633893,26.694372574388698,773,316,0.9239766081871345,47.46491228070176,13,6,-0.09388817326283116,-0.06359090825839867,1.0,0.8584935097354105,1,2,1,no_value,85,75
combined_overlay__90m__t90__m25,combined_overlay,90m,4,29089.00000000957,0.32643627222246835,0.35148385698975787,-28327.499999996646,1.041246322673191,0.45732758620689656,12.538362068969644,2320,997,0.8753292361720808,42.774363476733974,13,7,8724.50000000727,0.1414925564472993,0.1514616932267374,-19287.499999997777,1.0179909132948248,0.4562066792690611,5.497479521113592,1587,690,0.8657465495608532,41.81555834378921,13,7,20364.50000000231,0.7425845650171451,0.8094255622968687,-18865.999999999483,1.0924350294923442,0.4597544338335607,27.782401091408335,733,307,0.8976608187134503,45.00877192982456,13,5,-0.1009889119126327,-0.3821498562245348,0.9482535575679172,0.8472499583957481,1,1,0,no_value,90,25
combined_overlay__session__t85__m25,combined_overlay,session,4,36744.25000000926,0.4122735170288104,0.443733605985395,-31011.499999996893,1.0540511816076743,0.45737483085250336,16.573861073526956,2217,970,0.8516242317822651,40.87532923617208,13,7,16699.500000006978,0.26928806719452875,0.28879080866437895,-21497.749999996908,1.035426005163457,0.45323741007194246,10.921844342712216,1529,672,0.8431618569636136,40.28732747804266,13,7,20044.750000002285,0.7396411492126153,0.802343054542358,-15936.7499999995,1.0961776754173012,0.46656976744186046,29.134811046514947,688,298,0.8713450292397661,42.24561403508772,12,6,-0.10393232771716254,-0.16754885620620516,0.890038809831824,0.8339469961724167,2,2,2,no_value,85,25
adverse_downsize__90m__t85__m25,adverse_downsize,90m,4,25417.5000000095,0.2911889893001179,0.314277299799466,-26414.749999996584,1.0368326460345543,0.4565767284991568,10.715640809447512,2372,1007,0.884108867427568,43.733099209833185,13,7,5613.25000000712,0.09284852738617379,0.09980733531545251,-19905.999999996573,1.0118293284947721,0.45476923076923076,3.454307692312074,1625,694,0.8707653701380176,42.816813048933504,13,7,19804.25000000238,0.7387807130967697,0.8039039192219631,-16530.249999999487,1.091873066092673,0.4605087014725569,26.51171352075285,747,313,0.9152046783625731,45.86842105263158,13,5,-0.10479276383300806,-0.2110295060349588,0.9663648124191462,0.823941171575983,1,2,1,no_value,85,25
combined_overlay__90m__t90__m50,combined_overlay,90m,4,30094.25000000967,0.3366369526567026,0.363797485671513,-28217.249999996617,1.0424568895585615,0.4569707401032702,12.949333046475761,2324,998,0.8762071992976295,42.84811237928007,13,7,9935.250000007321,0.1604935920477944,0.1722302181637063,-19176.999999997763,1.0203929992297807,0.4562617998741347,6.252517306486672,1589,690,0.8657465495608532,41.86825595984944,13,7,20159.000000002343,0.7338907857045933,0.8052072600905025,-18910.999999999483,1.0909580054121915,0.45850340136054424,27.427210884356928,735,308,0.9005847953216374,45.131578947368425,13,5,-0.10968269122518448,-0.38544661990152546,0.9508408796895214,0.8387002829089806,1,2,0,no_value,90,50
combined_overlay__90m__t90__m75,combined_overlay,90m,4,31450.000000009764,0.35037515170271455,0.3794438795709598,-28062.249999996595,1.044163222777846,0.4569707401032702,13.532702237525717,2324,998,0.8762071992976295,42.84811237928007,13,7,11280.250000007381,0.18136985197373084,0.19517247680355057,-19023.499999997737,1.023056891824096,0.4562617998741347,7.098961611080794,1589,690,0.8657465495608532,41.86825595984944,13,7,20169.75000000238,0.732258628486283,0.8039674816009019,-18792.249999999483,1.0904897137896579,0.45850340136054424,27.441836734697116,735,308,0.9005847953216374,45.131578947368425,13,5,-0.11131484844349482,-0.3767468268650223,0.9508408796895214,0.8391475287069518,1,2,0,no_value,90,75
adverse_downsize__60m__t80__m50,adverse_downsize,60m,4,28180.750000009495,0.3231587560026588,0.3518568152640228,-24359.249999996602,1.0405544646499967,0.45683601817430813,11.640128046265797,2421,1011,0.887620719929763,44.63652326602283,13,8,8893.750000007143,0.14642915218837046,0.15813483983762308,-17834.249999996595,1.0184892598579218,0.4558645707376058,5.377116082229228,1654,697,0.8745294855708908,43.58092848180678,13,8,19287.000000002354,0.7291384069394098,0.8086758401858872,-16983.24999999906,1.090183481090799,0.4589308996088657,25.146023468060434,767,314,0.9181286549707602,47.09649122807018,13,6,-0.11443506999036801,-0.24421692704996692,0.9922380336351876,0.8024213679480927,1,2,1,no_value,80,50
three_state_modulation__session__t80__m75,three_state_modulation,session,4,30998.750000008033,0.37501167000021707,0.3940865074748532,-25482.249999997348,1.0505163261905666,0.45472249269717624,15.091893865631954,2054,946,0.8305531167690957,37.870061457418785,13,7,12852.75000000614,0.22314889600453994,0.2361488378852776,-17022.24999999735,1.029984550179271,0.45098039215686275,9.000525210088334,1428,663,0.8318695106649937,37.626097867001256,13,7,18146.0000000019,0.7243033993324208,0.747947282978094,-15324.999999999538,1.0980904631268953,0.46325878594249204,28.987220447287378,626,283,0.827485380116959,38.438596491228076,11,6,-0.11927007759735697,-0.12273118555289604,0.8098318240620958,0.7549509069728749,2,3,2,no_value,80,75
combined_overlay__90m__t85__m75,combined_overlay,90m,4,27169.000000009546,0.30965441694246937,0.3338315940941326,-25323.99999999674,1.039253491605244,0.45506861443116425,12.027003098720472,2259,987,0.8665496049165935,41.64969271290605,13,7,7749.250000007141,0.12748160774617365,0.13685176666333237,-17837.74999999674,1.0163113174137162,0.45395590142671854,5.025453955906058,1542,682,0.8557089084065245,40.62986198243413,13,7,19419.750000002405,0.7211354083332662,0.784377645295954,-17760.24999999949,1.0894680223719129,0.45746164574616455,27.084728033476157,717,305,0.8918128654970761,44.026315789473685,12,5,-0.12243806859651163,-0.3011410465393704,0.9275549805950841,0.8079443334997668,1,2,0,no_value,85,75
three_state_modulation__60m__t80__m75,three_state_modulation,60m,4,28569.750000008244,0.3555459355432454,0.37486322205424105,-25445.749999994976,1.0468541285539765,0.44911610129001434,13.650143334929883,2093,958,0.8410886742756805,38.58911325724319,13,7,10984.750000006232,0.19658690995720626,0.20566611907393986,-14910.249999997697,1.0257717627958634,0.45017182130584193,7.549656357392599,1455,668,0.8381430363864492,38.33751568381431,13,7,17585.000000002015,0.7188024030331137,0.771184383378968,-19460.2499999992,1.0958167032188761,0.44670846394984326,27.56269592476805,638,290,0.847953216374269,39.17543859649123,11,5,-0.12477107389666409,-0.4256854521145517,0.8253557567917206,0.7316109169579046,2,2,2,no_value,80,75
adverse_downsize__60m__t90__m25,adverse_downsize,60m,4,29971.750000009706,0.3346735743771672,0.36380803802644646,-23852.999999996682,1.0422454760020525,0.45666666666666667,12.488229166670711,2400,1010,0.8867427568042142,44.24934152765584,13,7,10455.250000007261,0.1677659359318129,0.1808802082187269,-18325.499999996682,1.0213966095729015,0.45515558267236117,6.379042098845187,1639,695,0.8720200752823086,43.185696361355085,13,7,19516.500000002445,0.7169890727963403,0.7939056409011624,-15548.999999999485,1.0883795386412958,0.45992115637319314,25.645860709595855,761,315,0.9210526315789473,46.728070175438596,13,6,-0.12658440413343752,-0.13914174252280123,0.9844760672703752,0.8119695456814955,3,3,3,no_value,90,25
three_state_modulation__60m__t85__m25,three_state_modulation,60m,4,29713.500000007396,0.3893294976506236,0.41202208746942737,-20844.499999997977,1.053536197990346,0.44862518089725034,14.333574529670717,2073,951,0.8349429323968394,38.220368744512726,13,8,12963.000000005555,0.24575876866109292,0.2600647674026934,-12559.499999997986,1.0334934194590377,0.45259515570934256,8.970934256059207,1445,662,0.8306148055207027,38.07402760351318,13,8,16750.500000001837,0.7112023599403074,0.7513655986169399,-19161.99999999927,1.099713815011107,0.4394904458598726,26.67277070063987,628,289,0.8450292397660819,38.56140350877193,12,5,-0.13237111698947035,-0.40383523507761315,0.8124191461836999,0.6968921617573682,2,2,1,no_value,85,25
combined_overlay__90m__t85__m50,combined_overlay,90m,4,25604.00000000946,0.29351793768555084,0.31522321317991286,-25773.249999996777,1.0372579792013774,0.45506861443116425,11.334218680836413,2259,987,0.8665496049165935,41.64969271290605,13,7,6632.000000007086,0.10977952180285407,0.11748826988517937,-18295.749999996773,1.014055038658259,0.45395590142671854,4.300907911807449,1542,682,0.8557089084065245,40.62986198243413,13,7,18972.000000002383,0.7080287676197853,0.7657723824053256,-17751.49999999949,1.0880987512146092,0.45746164574616455,26.46025104602843,717,305,0.8918128654970761,44.026315789473685,12,5,-0.13554470930999252,-0.30050000915773334,0.9275549805950841,0.7893160259610759,0,2,0,no_value,85,50
three_state_modulation__session__t80__m25,three_state_modulation,session,4,29714.5000000068,0.39137836132784265,0.404747860889647,-19303.499999997843,1.0564127244491661,0.45314900153609833,15.214797747059293,1953,920,0.8077260755048288,36.00790166812994,12,7,13926.25000000517,0.26112544232742985,0.2732632412749055,-11974.749999997843,1.0374059897931918,0.4502923976608187,10.1800073099453,1368,644,0.8080301129234629,36.045169385194484,12,7,15788.250000001632,0.6990965543240664,0.7024168299692621,-14431.499999999538,1.1022329927347725,0.4598290598290598,26.98846153846433,585,276,0.8070175438596491,35.92105263157895,11,6,-0.14447692260571143,-0.05727211121087041,0.7567917205692108,0.6568584623065401,1,3,1,no_value,80,25
combined_overlay__90m__t85__m25,combined_overlay,90m,4,23974.75000000939,0.2760154557217437,0.29478248342856456,-26201.74999999663,1.035123438748713,0.4549889135254989,10.631818181822347,2255,985,0.8647936786654961,41.575943810359966,13,7,5695.75000000703,0.09471914797225685,0.10093915534838874,-18736.749999996624,1.0121505833965467,0.45454545454545453,3.698538961043526,1540,681,0.8544542032622334,40.57716436637391,13,7,18279.00000000236,0.6845314881907093,0.7340175577557174,-17738.99999999949,1.0854869938547138,0.45594405594405596,25.56503496503827,715,304,0.8888888888888888,43.90350877192983,12,5,-0.1590419887390685,-0.2995842414696804,0.92496765847348,0.7604842735896351,1,2,1,no_value,85,25
three_state_modulation__90m__t85__m50,three_state_modulation,90m,4,26136.500000008353,0.3301942677963276,0.35151471067433965,-27716.249999997097,1.043754684818211,0.4523699953980672,12.027841693515118,2173,976,0.8568920105355575,40.064091308165054,13,8,9920.000000006296,0.179879634823641,0.19086703382547873,-18388.749999997097,1.0238761568774377,0.45302013422818793,6.657718120809594,1490,676,0.848180677540778,39.25972396486826,13,8,16216.500000002055,0.6757734859825566,0.7245801240118532,-19014.2499999992,1.0891680344432382,0.45095168374816985,23.743045387997153,683,300,0.8771929824561403,41.938596491228076,11,5,-0.1677999909472212,-0.3930108610048221,0.8835705045278137,0.6746754867698609,2,2,2,no_value,85,50
combined_overlay__60m__t90__m25,combined_overlay,60m,4,29045.500000009644,0.3257945693841593,0.3517595790991332,-24008.99999999671,1.0412387161627001,0.45579991375592926,12.525010780512998,2319,1000,0.8779631255487269,42.75592625109745,13,7,10756.250000007209,0.1733184455401246,0.18623601911385926,-17730.24999999671,1.022165404144495,0.45534591194968554,6.764937106922773,1590,691,0.8670012547051443,41.89460476787955,13,7,18289.25000000244,0.675382163900153,0.7369929936137067,-16552.74999999949,1.083491970016538,0.4567901234567901,25.08813443073037,729,309,0.9035087719298246,44.76315789473684,13,5,-0.16819131302962476,-0.2126778878734544,0.943078913324709,0.76091071725747,3,3,3,no_value,90,25
combined_overlay__60m__t90__m50,combined_overlay,60m,4,29993.750000009713,0.33542730777432567,0.36305281761779296,-24138.99999999669,1.0423647866788799,0.45630650021523894,12.911644425316277,2323,1002,0.8797190517998245,42.82967515364354,13,7,11977.500000007261,0.19246201766158555,0.20731813563523602,-17685.249999996686,1.0245647335334145,0.4560853199498118,7.51411543287783,1594,693,0.8695106649937264,42.00000000000001,13,7,18016.250000002452,0.6629712596725257,0.7252399969557647,-16727.74999999949,1.0817439773864284,0.4567901234567901,24.713648834022568,729,309,0.9035087719298246,44.76315789473684,13,5,-0.18060221725725212,-0.22549863550619584,0.943078913324709,0.7495527542020547,2,3,2,no_value,90,50
three_state_modulation__90m__t95__m50,three_state_modulation,90m,4,30688.750000008902,0.3643666269049029,0.39798776850040873,-23433.499999996995,1.0470319363533582,0.4574829931972789,13.047937925173853,2352,1001,0.8788410886742757,43.36435469710272,13,8,14297.500000006665,0.2428394880876778,0.2647475681419769,-16939.749999996984,1.0315967898236276,0.4581005586592179,8.874922408446098,1611,692,0.8682559598494354,42.447929736511924,13,8,16391.250000002234,0.6467833411832971,0.7094025056786497,-17024.499999999123,1.0819520499574522,0.45614035087719296,22.12044534413257,741,309,0.9035087719298246,45.5,13,5,-0.19679013574648074,-0.24723896042054622,0.9586028460543338,0.6819458312531427,1,3,1,no_value,95,50
combined_overlay__60m__t90__m75,combined_overlay,60m,4,30756.500000009783,0.3425525491357837,0.3713850762845435,-24481.49999999666,1.043219593800613,0.45630650021523894,13.239991390447603,2323,1002,0.8797190517998245,42.82967515364354,13,7,13101.00000000732,0.20971357143123065,0.22653944331054254,-17666.49999999666,1.0267488535622413,0.4560853199498118,8.218946047683387,1594,693,0.8695106649937264,42.00000000000001,13,7,17655.500000002467,0.6466119669418496,0.7066604252083165,-17088.99999999949,1.0795811683518992,0.4567901234567901,24.218792866944398,729,309,0.9035087719298246,44.76315789473684,13,5,-0.19696150998792816,-0.2519643216909264,0.943078913324709,0.7345440173073988,2,2,2,no_value,90,75
adverse_downsize__60m__t80__m25,adverse_downsize,60m,4,23314.75000000918,0.2727764184797736,0.2943521962736909,-26683.499999994394,1.0348821638993178,0.455470737913486,9.88751060220915,2358,1004,0.8814749780509219,43.47497805092186,13,7,6672.250000006892,0.11211383599835968,0.12004116386234139,-17351.99999999674,1.014358999190307,0.4541511771995043,4.1339838909584214,1614,691,0.8670012547051443,42.52697616060226,13,7,16642.500000002285,0.6414210944495004,0.7044746403490351,-19259.499999999083,1.0816961179310647,0.4583333333333333,22.368951612906297,744,313,0.9152046783625731,45.684210526315795,13,6,-0.20215238248027745,-0.41097822304441267,0.96248382923674,0.692398901647552,1,2,1,no_value,80,25
three_state_modulation__90m__t85__m25,three_state_modulation,90m,4,27281.25000000785,0.3546947441920731,0.37525243316077844,-29906.749999995212,1.0491351316303872,0.45002414292612264,13.17298406567255,2071,963,0.845478489903424,38.18349429323968,13,8,12500.00000000595,0.2330873108660516,0.2450647508732593,-18616.99999999729,1.0321191027721512,0.45213137665967856,8.735150244588365,1431,664,0.8331242158092849,37.7051442910916,13,8,14781.250000001903,0.6349242785613753,0.6812896650675839,-20242.249999999258,1.0890155221993174,0.4453125,23.095703125002974,640,299,0.8742690058479532,39.29824561403509,11,5,-0.20864919836840246,-0.4829758786791492,0.8279430789133247,0.6149629722083696,2,2,2,no_value,85,25
adverse_downsize__60m__t85__m50,adverse_downsize,60m,4,27511.250000009706,0.3102156515989265,0.3391544491073167,-23256.749999996508,1.0387037029221446,0.45799011532125206,11.330827841849137,2428,1013,0.8893766461808604,44.76558384547849,13,8,10552.750000007265,0.17036355854103266,0.18505791754478626,-17849.2499999965,1.0215580905530863,0.45657418576598313,6.364746682754683,1658,698,0.875784190715182,43.68632371392723,13,8,16958.500000002437,0.6343567809859559,0.7037634360838484,-16237.999999999038,1.0766264221874924,0.461038961038961,22.02402597402914,770,315,0.9210526315789473,47.280701754385966,13,6,-0.20921669594382186,-0.18961885748824767,0.9961190168175937,0.7055458478948528,1,2,1,no_value,85,50
three_state_modulation__90m__t90__m50,three_state_modulation,90m,4,23788.75000000866,0.292362008140137,0.3114835029892224,-26820.749999994747,1.0380158183838417,0.45438441098317095,10.535318866257157,2258,986,0.8656716417910447,41.631255487269534,13,8,8476.25000000649,0.14971881684194785,0.15881190290070968,-18055.749999997068,1.0195283813820175,0.4540750323415265,5.482697283315971,1546,683,0.8569636135508155,40.735257214554586,13,8,15312.500000002168,0.6188779641502798,0.6658091709348443,-19258.24999999914,1.0798726210999465,0.4550561797752809,21.506320224722145,712,303,0.8859649122807017,43.71929824561404,11,5,-0.22469551277949795,-0.4108866462756116,0.9210866752910737,0.6370652354801374,1,2,1,no_value,90,50
three_state_modulation__60m__t85__m50,three_state_modulation,60m,4,26224.000000008036,0.3326314073134197,0.3548442313266005,-21010.499999995154,1.0438661933899755,0.45036764705882354,12.051470588238987,2176,972,0.8533801580333626,40.11940298507462,13,8,12339.000000006015,0.22526250573752474,0.23986064131754098,-12885.499999997792,1.0297392124857119,0.45279255319148937,8.204122340429532,1504,677,0.849435382685069,39.62860727728984,13,8,13885.000000002019,0.5772632276585565,0.6180667625739902,-18969.249999999196,1.0759111317647343,0.44494047619047616,20.662202380955385,672,295,0.8625730994152047,41.26315789473684,12,6,-0.26631024927122127,-0.3897140973278312,0.869340232858991,0.5776751539357872,2,3,2,no_value,85,50
three_state_modulation__90m__t95__m25,three_state_modulation,90m,4,26714.750000008436,0.32546406391426014,0.3526036112009755,-23727.999999997068,1.0435643346388768,0.45389755011135857,11.899665924279928,2245,990,0.8691834942932397,41.39157155399473,13,8,12699.000000006285,0.22103672113077746,0.23962449134461822,-17139.24999999706,1.0296630756725087,0.45483870967741935,8.192903225810506,1550,683,0.8569636135508155,40.84065244667504,13,8,14015.75000000215,0.5691469452951621,0.6155664088586364,-17933.74999999916,1.0757128252499555,0.45179856115107914,20.166546762593022,695,307,0.8976608187134503,42.67543859649123,13,5,-0.2744265316346157,-0.31385190204952124,0.8990944372574385,0.583114910966912,1,3,1,no_value,95,25
three_state_modulation__60m__t85__m75,three_state_modulation,60m,4,26519.00000000865,0.3217123604793767,0.3424128991732997,-22546.999999994783,1.0414993536998867,0.4516423357664234,12.098083941609787,2192,979,0.8595258999122037,40.414398595258994,13,7,12370.000000006472,0.21497081844856988,0.2283249189625651,-13594.499999996962,1.027925835122453,0.4540647719762062,8.175809649706855,1513,680,0.8531994981179423,39.86574654956085,13,7,14149.00000000218,0.5686169665028334,0.6080280276351131,-19152.74999999913,1.0721655794311133,0.44624447717231225,20.83799705449511,679,299,0.8742690058479532,41.692982456140356,12,5,-0.27495651042694436,-0.40315756698844385,0.8783958602846055,0.5886586786487233,0,3,0,no_value,85,75
three_state_modulation__90m__t90__m25,three_state_modulation,90m,4,19979.750000008233,0.25251469945264177,0.2682416413328171,-28540.999999995056,1.0340671735316376,0.45067160722556737,9.254168596576301,2159,976,0.8568920105355575,39.80597014925373,13,8,7971.250000006123,0.14462604152109787,0.15309035656344516,-17619.999999997275,1.019486452377839,0.4517426273458445,5.342660857912951,1492,673,0.8444165621079046,39.312421580928486,13,8,12008.500000002114,0.5003391553785544,0.5357609891796302,-20257.999999999178,1.0676860294874146,0.4482758620689655,18.003748125940202,667,303,0.8859649122807017,40.9561403508772,11,5,-0.34323432155122335,-0.4841297459660901,0.8628719275549805,0.49960475952741185,1,2,1,no_value,90,25
adverse_downsize__60m__t85__m25,adverse_downsize,60m,4,22876.750000009484,0.26188657325448805,0.2844351138426783,-22773.749999994267,1.0330540748583348,0.4564124056999162,9.587908633700538,2386,1010,0.8867427568042142,43.99122036874451,13,7,9970.500000007074,0.163199390109996,0.17662055237349752,-17658.999999996602,1.0208952768459296,0.45493562231759654,6.113120784798942,1631,695,0.8720200752823086,42.97490589711418,13,7,12906.250000002407,0.49155959635311397,0.5382228600516691,-17935.749999999047,1.0600470838926217,0.4596026490066225,17.09437086093034,755,315,0.9210526315789473,46.35964912280702,13,6,-0.35201388057666383,-0.31399842487960145,0.9767141009055628,0.5369549841904256,1,2,1,no_value,85,25
combined_overlay__60m__t85__m75,combined_overlay,60m,4,21242.75000000957,0.24125342844075173,0.25948181101363404,-22828.24999999679,1.030451713618941,0.45422535211267606,9.349801936623932,2272,994,0.8726953467954346,41.88937664618086,13,7,8688.250000007085,0.14148116878292524,0.15219199645068443,-17722.249999996795,1.0181279771654301,0.4543114543114543,5.590894465899025,1554,689,0.8644918444165621,40.94604767879549,13,7,12554.500000002485,0.4713146784484155,0.5066560776298552,-17839.49999999818,1.0575063554955118,0.45403899721448465,17.485376044571705,718,305,0.8918128654970761,44.08771929824562,12,5,-0.3722587984813623,-0.3069470136815302,0.9288486416558862,0.5223206856382586,0,2,0,no_value,85,75
combined_overlay__60m__t85__m50,combined_overlay,60m,4,20795.250000009473,0.23789173186178855,0.2556556058548703,-22979.99999999431,1.0300861013504001,0.45422535211267606,9.152838908454873,2272,994,0.8726953467954346,41.88937664618086,13,7,8732.500000007029,0.14301617119929924,0.15364801881104928,-17425.499999996646,1.0183491347067228,0.4543114543114543,5.619369369373892,1554,689,0.8644918444165621,40.94604767879549,13,7,12062.750000002445,0.4577671521832856,0.49222256267797965,-18315.249999999047,1.0560319950576862,0.45403899721448465,16.800487465184464,718,305,0.8918128654970761,44.08771929824562,12,5,-0.3858063247464922,-0.34180113188888933,0.9288486416558862,0.5018617906474121,0,3,0,no_value,85,50
combined_overlay__60m__t85__m25,combined_overlay,60m,4,20701.750000009382,0.23813459607245452,0.2557381020377119,-23083.24999999436,1.0302273466466136,0.455026455026455,9.127755731926536,2268,992,0.8709394205443372,41.815627743634764,13,7,9506.750000006969,0.15636631645297067,0.16787297942888868,-16775.749999996668,1.0201343703290469,0.45489690721649484,6.12548324742717,1552,687,0.8619824341279799,40.89335006273526,13,7,11195.000000002412,0.4283966977813128,0.46035018676954964,-18926.49999999905,1.0526320738306587,0.4553072625698324,15.635474860338563,716,305,0.8918128654970761,43.96491228070176,12,5,-0.415176779148465,-0.3865821718346794,0.926261319534282,0.4657596937926965,0,2,0,no_value,85,25
