session_date,daily_pnl_usd,rolling_sharpe,rolling_expectancy
2019-05-06,182.5,,
2019-05-07,122.5,,
2019-05-08,-204.5,,
2019-05-09,-106.5,,
2019-05-10,-57.0,,
2019-05-13,-28.0,,
2019-05-14,-13.0,,
2019-05-15,147.0,,
2019-05-16,-18.0,,
2019-05-17,-115.0,,
2019-05-20,-222.5,,
2019-05-21,-129.5,,
2019-05-22,-164.5,,
2019-05-23,-303.0,,
2019-05-24,66.0,,
2019-05-27,-153.5,,
2019-05-28,36.5,,
2019-05-29,-209.0,,
2019-05-30,-77.0,,
2019-05-31,-47.5,-8.077293390251345,-64.7
2019-06-03,-288.5,-11.414519243815965,-88.25
2019-06-04,137.0,-11.203991292933077,-87.525
2019-06-05,1.0,-10.019162873844659,-77.25
2019-06-06,14.5,-9.130995771713994,-71.2
2019-06-07,204.5,-6.704287791341905,-58.125
2019-06-10,81.5,-5.933550611618275,-52.65
2019-06-11,60.0,-5.448212546415279,-49.0
2019-06-12,-59.0,-6.946984537202538,-59.3
2019-06-13,-134.0,-7.593425377069429,-65.1
2019-06-14,-71.5,-7.365058036790399,-62.925
2019-06-17,2.5,-6.253203124141217,-51.675
2019-06-18,-19.0,-5.630612625989535,-46.15
2019-06-19,-48.5,-5.033251213388345,-40.35
2019-06-20,-26.0,-3.752945371540004,-26.5
2019-06-24,-85.5,-4.886605332781237,-34.075
2019-06-25,190.0,-2.287408927573487,-16.9
2019-06-26,-32.5,-2.76872451597486,-20.35
2019-06-27,-209.0,-2.76872451597486,-20.35
2019-06-28,-64.5,-2.6899601224127445,-19.725
2019-07-01,-10.0,-2.437623228500344,-17.85
2019-07-02,-80.5,-1.186317925801155,-7.45
2019-07-03,43.0,-2.033066639958402,-12.15
2019-07-04,-24.5,-2.246743382358777,-13.425
2019-07-05,60.5,-1.8385796924937912,-11.125
2019-07-08,-6.5,-4.175182897439378,-21.675
2019-07-09,154.5,-3.2403242490932826,-18.025
2019-07-10,29.0,-3.5640955471327826,-19.575
2019-07-11,-154.0,-4.212002342807439,-24.325
2019-07-12,20.0,-2.9801553286663953,-16.625
2019-07-15,-57.5,-2.867043010491799,-15.925
2019-07-16,-13.5,-3.0144297848942174,-16.725
2019-07-17,45.0,-2.409879626770088,-13.525
2019-07-18,-136.0,-3.0628235356961375,-17.9
2019-07-19,208.5,-0.9333899534877256,-6.175
2019-07-22,-89.0,-0.9586112620067879,-6.35
2019-07-23,-47.0,-3.0333024053084134,-18.2
2019-07-24,117.0,-1.709389090755217,-10.725
2019-07-25,47.5,0.3736620486331199,2.1
2019-07-26,-64.5,0.37366204863311986,2.1
2019-07-29,64.5,1.0253527495508723,5.825
2019-07-30,-82.0,1.01133936489381,5.75
2019-07-31,-253.0,-1.357189669226037,-9.05
2019-08-01,-126.0,-2.059708627912411,-14.125
2019-08-02,-25.0,-2.7166267464950726,-18.4
2019-08-05,59.5,-2.2023810083874125,-15.1
2019-08-06,-170.5,-4.67109085521203,-31.35
2019-08-07,155.0,-3.505840683568353,-25.05
2019-08-08,162.5,-1.2583928179350001,-9.225
2019-08-09,49.0,-1.0557471315728162,-7.775
2019-08-12,-401.5,-2.7359548295955562,-24.975
2019-08-13,128.0,-1.9108976338530377,-17.9
2019-08-14,148.0,-1.3269922218109151,-12.75
2019-08-15,-268.5,-1.91740513676972,-19.375
2019-08-16,-117.0,-3.7038294701316055,-35.65
2019-08-19,-17.5,-3.34234509142869,-32.075
2019-08-20,-55.0,-3.3829350871367856,-32.475
2019-08-21,-145.0,-4.816041356662921,-45.575
2019-08-22,-30.0,-5.276750529100078,-49.45
2019-08-23,249.0,-3.3043840198132446,-33.775
2019-08-26,-76.5,-4.028025905701654,-40.825
2019-08-27,-50.0,-3.8763893378264704,-39.225
2019-08-28,134.5,-2.006952539023424,-19.85
2019-08-29,-77.5,-1.7763536673711484,-17.425
2019-08-30,-13.5,-1.7178225980167323,-16.85
2019-09-02,-133.0,-2.6830497236744053,-26.475
2019-09-03,-128.5,-2.4968869553929305,-24.375
2019-09-04,-14.0,-3.486232176837149,-32.825
2019-09-05,102.5,-3.8930634453120776,-35.825
2019-09-06,-101.0,-4.730704597330718,-43.325
2019-09-09,-175.0,-4.08545647427885,-32.0
2019-09-10,-15.5,-5.229334949002143,-39.175
2019-09-11,116.0,-5.552006565956089,-40.775
2019-09-12,0.5,-4.154103761163856,-27.325
2019-09-13,-58.5,-3.772590016783327,-24.4
2019-09-16,-112.0,-4.428371561335028,-29.125
2019-09-17,-81.0,-4.605086939240264,-30.425
2019-09-18,20.0,-3.451392660985975,-22.175
2019-09-19,8.0,-3.1497931884875143,-20.275
2019-09-23,-147.0,-7.483401980442221,-40.075
2019-09-24,210.5,-4.064660583276982,-25.725
2019-09-25,205.0,-1.837593800630648,-12.975
2019-09-26,-48.5,-3.281517227655713,-22.125
2019-09-27,-283.5,-4.258189156557988,-32.425
2019-09-30,-39.0,-4.428260695474905,-33.7
2019-10-01,253.5,-1.70789104470167,-14.375
2019-10-02,-12.5,-1.0389115406027298,-8.575
2019-10-03,-142.5,-1.7737538465413796,-15.0
2019-10-04,-40.5,-2.672331393229486,-22.15
2019-10-07,-39.0,-2.3189292115022413,-19.05
2019-10-08,-158.0,-2.2320180002637042,-18.2
2019-10-09,-255.0,-3.4377788548408703,-30.175
2019-10-10,-50.5,-4.518125584000131,-38.5
2019-10-11,64.0,-4.096655416873185,-35.325
2019-10-14,-50.5,-4.0519435342264085,-34.925
2019-10-15,140.5,-2.515522990197352,-22.3
2019-10-16,-108.0,-2.654894917975617,-23.65
2019-10-17,-52.5,-3.0669552379875054,-27.275
2019-10-18,-5.0,-3.143029236601685,-27.925
2019-10-21,9.5,-2.303200773564045,-20.1
2019-10-22,130.5,-2.879555127526629,-24.1
2019-10-23,-43.5,-4.751366672559162,-36.525
2019-10-24,-24.5,-4.595477211168296,-35.325
2019-10-25,138.5,-1.9900170708089788,-14.225
2019-10-28,-32.5,-1.945616265033852,-13.9
2019-10-29,-13.0,-4.528135495647497,-27.225
2019-10-30,15.5,-4.276902541178462,-25.825
2019-10-31,-229.5,-4.660810836927135,-30.175
2019-11-01,-1.5,-4.353030351957321,-28.225
2019-11-04,-134.5,-4.9653799215362175,-33.0
2019-11-05,-28.5,-4.147215680840029,-26.525
2019-11-06,-20.5,-2.7015869842105182,-14.8
2019-11-07,-25.5,-2.483210194281174,-13.55
2019-11-08,84.5,-2.26847583800632,-12.525
2019-11-11,6.5,-1.7594248143104112,-9.675
2019-11-12,-54.5,-3.8253871250197857,-19.425
2019-11-13,-58.0,-3.4194336906497447,-16.925
2019-11-14,-122.0,-3.9710490184038534,-20.4
2019-11-15,-12.0,-4.041749045932952,-20.75
2019-11-18,13.5,-3.998923008396697,-20.55
2019-11-19,-29.0,-6.131516254209843,-28.525
2019-11-20,-243.5,-6.990569174569478,-38.525
2019-11-21,-124.0,-7.728107307592749,-43.5
2019-11-22,-7.5,-10.128270243883119,-50.8
2019-11-25,101.5,-8.117467399964434,-44.1
2019-11-26,-102.5,-8.880409007795823,-48.575
2019-11-27,28.5,-8.708992420255363,-47.925
2019-11-28,-87.5,-8.359284538865765,-40.825
2019-11-29,-76.5,-9.148273294987112,-44.575
2019-12-02,75.5,-6.875768826431007,-34.075
2019-12-03,-210.5,-7.8304779934811135,-43.175
2019-12-04,-201.0,-8.833765113736295,-52.2
2019-12-05,-46.5,-9.029494399586875,-53.25
2019-12-06,-100.5,-11.204178573382716,-62.5
2019-12-09,121.5,-9.360204188439766,-56.75
2019-12-10,37.5,-8.411693033879374,-52.15
2019-12-11,27.5,-7.606323343805278,-47.875
2019-12-12,20.5,-6.5042642612698796,-40.75
2019-12-13,-121.5,-7.284945327011307,-46.225
2019-12-16,26.0,-7.1575544095106025,-45.6
2019-12-17,-137.5,-7.8646719972374655,-51.025
2019-12-18,-97.5,-7.395198782839082,-43.725
2019-12-19,25.0,-6.185072736001643,-36.275
2019-12-23,-94.0,-6.880367728574804,-40.6
2019-12-24,-32.5,-8.543913956941552,-47.3
2019-12-26,110.5,-6.2365987654077175,-36.65
2019-12-27,-90.5,-7.292217840945866,-42.6
2019-12-30,96.0,-5.4799065188284,-33.425
2019-12-31,-97.5,-5.618766282225222,-34.475
2020-01-02,-8.0,-6.503668013542983,-38.65
2020-01-03,-118.0,-6.148705164818602,-34.025
2020-01-06,244.5,-1.893365650358303,-11.75
2020-01-07,-112.0,-2.3690120567053636,-15.025
2020-01-08,0.0,-1.6070641603647096,-10.0
2020-01-09,-221.5,-4.140474221743765,-27.15
2020-01-10,101.0,-3.5587413925386886,-23.975
2020-01-13,-7.5,-3.839029329065532,-25.725
2020-01-14,-78.0,-4.572884414761848,-30.65
2020-01-15,-57.0,-4.163768070466705,-27.425
2020-01-16,-6.0,-4.431547368419353,-29.025
2020-01-17,-10.5,-3.564306242767664,-22.675
2020-01-20,-55.5,-3.2713804080664572,-20.575
2020-01-21,-45.5,-3.848332475338174,-24.1
2020-01-22,8.0,-3.0681059654048095,-19.0
2020-01-23,-109.0,-3.6151445694988107,-22.825
2020-01-24,138.5,-3.3261179938542598,-21.425
2020-01-27,-218.5,-4.0124739929062905,-27.825
2020-01-28,100.5,-3.9707524856902388,-27.6
2020-01-29,-62.0,-3.7444530847243453,-25.825
2020-01-30,124.0,-2.67156241766256,-19.225
2020-01-31,346.5,0.46421607618637406,4.0
2020-02-03,139.5,-0.15351074883771273,-1.25
2020-02-04,123.5,1.291548323551153,10.525
2020-02-05,-29.0,1.1112779862549702,9.075
2020-02-06,151.0,3.61360647087057,27.7
2020-02-07,-79.5,2.4179883480938975,18.675
2020-02-10,268.5,3.8502221397851786,32.475
2020-02-11,-135.5,3.4342983030878593,29.6
2020-02-12,0.5,3.802649378544943,32.475
2020-02-13,-37.5,3.601769236281817,30.9
2020-02-14,-115.5,2.91544340534054,25.65
2020-02-17,-51.5,2.940566308463763,25.85
2020-02-18,-305.5,1.3021572765282916,12.85
2020-02-19,51.0,1.5179580444724585,15.0
2020-02-20,53.5,2.3772181335879954,23.125
2020-02-21,-128.0,1.001173345508683,9.8
2020-02-24,-203.0,1.0880915048712387,10.575
2020-02-25,247.5,1.7595967509951842,17.925
2020-02-26,-396.5,0.10309858759889283,1.2
2020-02-27,-149.5,-1.0687551782506817,-12.475
2020-02-28,-424.5,-4.336245868619795,-51.025
2020-03-02,384.0,-2.9915447111160507,-38.8
2020-03-03,-102.5,-3.9206494252913586,-50.1
2020-03-04,15.0,-3.740096221625342,-47.9
2020-03-05,-146.0,-5.004678157438964,-62.75
2020-03-06,-236.0,-5.530151067125577,-70.575
2020-03-09,-368.5,-8.2633429193586,-102.425
2020-03-10,209.0,-6.506142351289244,-85.2
2020-03-11,144.5,-5.809049847081305,-78.0
2020-03-12,437.5,-3.57360212927777,-54.25
2020-03-13,335.0,-1.9760301289858264,-31.725
2020-03-16,1126.5,1.20323042635173,27.175
2020-03-17,795.0,3.3753067894425928,82.2
2020-03-18,240.0,3.749482844365835,91.65
2020-03-19,313.0,4.249248429334395,104.625
2020-03-23,-510.0,3.3065592226472016,85.525
2020-03-24,-40.5,3.658137422272914,93.65
2020-03-25,15.5,3.2148919849081214,82.05
2020-03-26,468.5,4.999475969409119,125.3
2020-03-27,-247.5,4.7568789973603165,120.4
2020-03-30,361.0,6.590015740721608,159.675
2020-03-31,9.5,5.851702975815968,140.95
2020-04-01,-479.0,4.815108118751806,122.125
2020-04-02,230.0,5.2406938838924155,132.875
2020-04-03,-2.0,5.5770850353939085,140.075
2020-04-06,558.5,7.15638878738375,179.8
2020-04-07,382.5,9.070881795525494,217.35
2020-04-08,-54.5,8.41929200855882,204.175
2020-04-09,10.0,8.096711098753163,197.45
2020-04-13,272.0,7.827471481525879,189.175
2020-04-14,290.0,7.749129170068397,186.925
2020-04-15,-110.0,6.185494125381865,125.1
2020-04-16,-23.0,4.723834157733426,84.2
2020-04-17,210.5,4.653253719168782,82.725
2020-04-20,-92.5,3.5469631430517077,62.45
2020-04-21,95.0,5.964503595299694,92.7
2020-04-22,-113.5,5.6728356894236285,89.05
2020-04-23,-172.0,4.955412082871226,79.675
2020-04-24,181.0,4.30824307916976,65.3
2020-04-27,-260.5,4.250164523552522,64.65
2020-04-28,393.5,4.31962096233591,66.275
2020-04-29,206.0,4.930221484641566,76.1
2020-04-30,-126.0,6.911685476486633,93.75
2020-05-01,-16.5,6.0338446729324104,81.425
2020-05-04,145.0,6.59287874085423,88.775
2020-05-05,99.0,5.6534979755145915,65.8
2020-05-06,88.5,4.7691216125845255,51.1
2020-05-07,-322.5,3.1910806381618437,37.7
2020-05-08,98.5,3.5592163574468403,42.125
2020-05-11,259.0,3.518821231989399,41.475
2020-05-12,233.5,3.339424970957668,38.65
2020-05-13,282.0,4.926630280206268,58.25
2020-05-14,218.0,5.879345455452252,70.3
2020-05-15,-135.0,4.384612290217952,53.025
2020-05-18,-133.0,4.179499465196505,51.0
2020-05-19,3.5,3.8048231373826003,46.425
2020-05-20,42.5,4.525566813296769,54.225
2020-05-21,194.0,6.219889744792907,72.525
2020-05-22,-215.0,4.3270713875135,52.725
2020-05-25,-82.0,5.360035115147,61.65
2020-05-26,268.0,5.081915408754809,55.375
2020-05-27,-80.5,3.7937682061986164,41.05
2020-05-28,31.5,4.63716575317988,48.925
2020-05-29,-208.5,3.542231714803749,39.325
2020-06-01,-234.0,1.7573078112714697,20.375
2020-06-02,-47.5,1.1277454123079274,13.05
2020-06-03,-205.0,-0.13667761777851384,-1.625
2020-06-04,92.0,1.7366415941640687,19.1
2020-06-05,275.5,2.4286592281840536,27.95
2020-06-08,219.5,2.285944378456511,25.975
2020-06-09,42.0,1.4955009307226779,16.4
2020-06-10,-224.0,-0.8292515330000387,-8.9
2020-06-11,670.0,0.9826011508061713,13.7
2020-06-12,167.5,2.070614160679904,28.825
2020-06-15,280.5,3.5048312937020376,49.5
2020-06-16,-233.5,2.5714013217439042,37.65
2020-06-17,-220.0,1.6282620115889364,24.525
2020-06-18,-341.0,-0.14219724470264825,-2.225
2020-06-22,43.5,0.6970920900206659,10.7
2020-06-23,-32.5,0.8608216673163962,13.175
2020-06-24,432.0,1.3361959440818973,21.375
2020-06-25,120.0,1.964908192834766,31.4
2020-06-26,327.5,2.8018039048014765,46.2
2020-06-29,447.5,4.665567249362596,79.0
2020-06-30,80.0,5.803208382152886,94.7
2020-07-01,100.0,6.305335687149414,102.075
2020-07-02,-210.0,6.2825376884337265,101.825
2020-07-03,1.5,5.981792193684575,97.3
2020-07-06,42.5,5.328823033416916,85.65
2020-07-07,-106.0,4.294022815124196,69.375
2020-07-08,108.0,4.497382247621374,72.675
2020-07-09,-315.0,4.120092389701001,68.125
2020-07-10,372.5,3.5980680623518557,53.25
2020-07-13,261.0,3.862393679984211,57.925
2020-07-14,263.0,3.8166950447125454,57.05
2020-07-15,-82.5,4.454481380876398,64.6
2020-07-16,-256.5,4.284323844191161,62.775
2020-07-17,111.5,6.35158943281836,85.4
2020-07-20,602.5,7.4678150771970655,113.35
2020-07-21,-31.5,7.472044773320166,113.4
2020-07-22,-150.5,5.67357123810308,84.275
2020-07-23,381.5,6.320405073329482,97.35
2020-07-24,54.0,5.561576647964967,83.675
2020-07-27,-163.5,3.679023808529445,53.125
2020-07-28,-173.5,2.7401086039723928,40.45
2020-07-29,-7.0,2.3797198316524506,35.1
2020-07-30,178.0,3.7771660109277643,54.5
2020-07-31,84.5,4.069156914912085,58.65
2020-08-03,-284.5,2.7892140513011454,42.3
2020-08-04,11.5,3.2068111505983654,48.175
2020-08-05,-193.5,2.156186661853419,33.1
2020-08-06,257.5,4.177137116448639,61.725
2020-08-07,-16.5,2.997504829616336,42.275
2020-08-10,13.5,2.175076462861411,29.9
2020-08-11,-15.0,1.1998486893377431,16.0
2020-08-12,280.0,2.486029458754846,34.125
2020-08-13,-385.0,1.9282919706721477,27.7
2020-08-14,-127.0,1.0908005005831172,15.775
2020-08-17,32.5,-1.0845027148486939,-12.725
2020-08-18,123.0,-0.4210415979640156,-5.0
2020-08-19,69.0,0.5096774278446062,5.975
2020-08-20,376.0,0.48766564530421946,5.7
2020-08-21,-111.5,-0.21871730279869397,-2.575
2020-08-24,80.5,0.8307037643880271,9.625
2020-08-25,-25.5,1.5070374959782893,17.025
2020-08-26,185.0,2.3109379025714776,26.625
2020-08-27,-339.0,0.06284711272187576,0.775
2020-08-28,-351.0,-1.59500379703609,-21.0
2020-08-31,-380.5,-1.8962297842073934,-25.8
2020-09-01,273.0,-0.895589735706906,-12.725
2020-09-02,-112.5,-0.6175856212457134,-8.675
2020-09-03,494.0,0.20643821475589322,3.15
2020-09-04,159.5,0.7757493235945344,11.95
2020-09-07,-170.0,0.1778219709412116,2.775
2020-09-08,-234.5,-0.514350419944149,-8.2
2020-09-09,-31.5,-1.544918009659819,-23.775
2020-09-10,108.5,0.06181337321723828,0.9
2020-09-11,-488.5,-1.075598329302158,-17.175
2020-09-14,-55.0,-1.350332363370548,-21.55
2020-09-15,10.0,-1.7181642112692805,-27.2
2020-09-16,33.0,-1.836010117996769,-29.0
2020-09-17,-380.0,-4.350930067609767,-66.8
2020-09-21,-118.5,-4.372489732059559,-67.15
2020-09-22,-269.0,-5.480867111487075,-84.625
2020-09-23,414.0,-3.7103056673787567,-62.65
2020-09-24,-532.5,-5.5810807469642185,-98.525
2020-09-25,411.0,-3.2802548124022928,-61.025
2020-09-28,-172.5,-2.861234296983424,-52.1
2020-09-29,-239.0,-2.5292586817278795,-45.025
2020-09-30,41.5,-3.279931301218333,-56.6
2020-10-01,-22.5,-3.0215429839766244,-52.1
2020-10-02,114.5,-4.5667765559099385,-71.075
2020-10-05,255.5,-4.168788956165223,-66.275
2020-10-06,269.5,-2.6907238833941998,-44.3
2020-10-07,138.5,-1.563517461299002,-25.65
2020-10-08,-227.5,-2.1306358744754688,-35.45
2020-10-09,84.5,-2.2077986176489666,-36.65
2020-10-12,275.5,0.09830609645392875,1.55
2020-10-13,-349.5,-0.7995023576005923,-13.175
2020-10-14,90.0,-0.5547889210313528,-9.175
2020-10-15,205.5,-0.03275229472651031,-0.55
2020-10-16,60.0,1.3505954950335923,21.45
2020-10-19,558.5,3.187291208437274,55.3
2020-10-20,-531.5,2.2614755452766833,42.175
2020-10-21,-157.5,0.7543497150056114,13.6
2020-10-22,-42.5,2.3444156322665735,38.1
2020-10-23,-189.5,0.5177792005075205,8.075
2020-10-26,378.0,2.204033929932684,35.6
2020-10-27,-162.0,2.4771637914035822,39.45
2020-10-28,195.0,2.932812857272504,47.125
2020-10-29,193.5,3.5853766751939675,57.925
2020-10-30,290.0,4.053540235798839,66.7
2020-11-02,118.0,3.681828070647986,59.825
2020-11-03,141.0,3.3346249496418836,53.4
2020-11-04,-26.0,2.8235084721137205,45.175
2020-11-05,-336.0,2.4193486557426263,39.75
2020-11-06,406.5,3.2505672511770203,55.85
2020-11-09,68.5,2.6940440181234564,45.5
2020-11-10,-365.5,2.6348962572818952,44.7
2020-11-11,176.0,2.87372387091871,49.0
2020-11-12,-248.0,1.516491257755569,26.325
2020-11-13,-151.0,0.9004553578519637,15.775
2020-11-16,-108.0,-1.116447974482568,-17.55
2020-11-17,-195.0,-0.05128867193122461,-0.725
2020-11-18,-62.0,0.289584962173801,4.05
2020-11-19,86.0,0.7475778253710459,10.475
2020-11-20,-69.0,1.198586993950298,16.5
2020-11-23,47.5,-0.001960036582595334,-0.025
2020-11-24,228.5,1.5119911177492746,19.5
2020-11-25,-328.0,-0.4936570451534965,-6.65
2020-11-26,-85.0,-1.5599435900763206,-20.575
2020-11-27,-47.0,-3.0173738578083005,-37.425
2020-11-30,-191.5,-4.279433650196664,-52.9
2020-12-01,116.0,-4.406670149817874,-54.15
2020-12-02,262.0,-3.0500223771877732,-39.75
2020-12-03,-98.5,-2.2567870014115163,-27.875
2020-12-04,-72.0,-4.867750045023242,-51.8
2020-12-07,-55.5,-5.524572652770034,-58.0
2020-12-08,116.0,-3.4776036382886133,-33.925
2020-12-09,482.0,-1.583710183612272,-18.625
2020-12-10,150.0,0.1110008927516039,1.275
2020-12-11,-372.0,-0.7864222717567914,-9.775
2020-12-14,16.0,-0.2894356135293836,-3.575
2020-12-15,-121.5,0.008220013832327028,0.1
2020-12-16,55.5,0.49163300338064136,5.975
2020-12-17,-242.5,-0.8323766366275958,-10.45
2020-12-21,464.5,1.150544551735578,16.225
2020-12-22,-163.0,0.39848781847666076,5.7
2020-12-23,-473.5,-1.9160902160666597,-29.4
2020-12-24,-7.5,-0.908339845889688,-13.375
2020-12-28,68.0,-0.3887462636423012,-5.725
2020-12-29,-245.5,-1.0374532326886214,-15.65
2020-12-30,9.0,-0.3782552889401172,-5.625
2020-12-31,-184.5,-1.380779790824125,-20.65
2021-01-04,345.5,-1.076219830523554,-16.475
2021-01-05,-87.0,-1.0394334519375419,-15.9
2021-01-06,41.5,-0.6685814655190467,-10.225
2021-01-07,380.0,0.7138086138462454,11.55
2021-01-08,-149.0,-0.1046135885038218,-1.7
2021-01-11,-139.5,-2.221916639402286,-32.775
2021-01-12,-178.5,-3.3624569202608243,-49.2
2021-01-13,64.5,-1.9649026622228825,-27.375
2021-01-14,-157.5,-2.569839371123001,-36.05
2021-01-15,50.5,-1.9580585530486219,-27.45
2021-01-18,-55.0,-2.3602012654134654,-32.975
2021-01-19,-461.0,-2.943972744333343,-43.9
2021-01-20,213.0,-4.168539477953263,-56.475
2021-01-21,-35.0,-3.719751194266168,-50.075
2021-01-22,-219.0,-3.0428321647866197,-37.35
2021-01-25,-44.0,-3.1934325672039714,-39.175
2021-01-26,-273.0,-4.474385746624112,-56.225
2021-01-27,494.0,-1.3430402799924648,-19.25
2021-01-28,-31.5,-1.4848446735016285,-21.275
2021-01-29,-254.5,-1.7065844283349954,-24.775
2021-02-01,365.5,-1.6261143778458953,-23.775
2021-02-02,-17.5,-1.3911522961973863,-20.3
2021-02-03,161.0,-0.9689783475388122,-14.325
2021-02-04,-149.5,-2.971321909881787,-40.8
2021-02-05,-139.5,-2.939778180434346,-40.325
2021-02-08,-78.5,-2.7297812953526126,-37.275
2021-02-09,-91.0,-2.4320586811346794,-32.9
2021-02-10,-306.5,-3.6881798458327406,-51.45
2021-02-11,-343.5,-4.202665615349744,-60.75
2021-02-12,48.5,-4.210465662891576,-60.85
2021-02-15,-9.5,-4.0482463877382395,-58.575
2021-02-16,77.0,-2.374128872639643,-31.675
2021-02-17,-258.5,-4.1869695264081805,-55.25
2021-02-18,90.0,-3.6719195025841906,-49.0
2021-02-19,-247.5,-3.756872607658565,-50.425
2021-02-22,25.0,-3.4894537009166497,-46.975
2021-02-23,744.0,0.22954997795578305,3.875
2021-02-24,151.0,-0.8561350071604598,-13.275
2021-02-25,875.0,1.625493328308053,32.05
2021-02-26,-65.5,2.145897975496512,41.5
2021-03-01,139.5,1.6038080050433887,30.2
2021-03-02,236.0,2.253801289413639,42.875
2021-03-03,-3.0,1.8293822176608725,34.675
2021-03-04,117.0,2.5541222815861864,48.0
2021-03-05,-585.0,1.2496999141976926,25.725
2021-03-08,307.0,2.155584465685239,45.0
2021-03-09,134.5,2.7037085134567302,56.275
2021-03-10,23.5,3.610680893395207,72.775
2021-03-11,-184.0,4.117053453959272,80.75
2021-03-12,-194.5,3.4345920664297553,68.6
2021-03-15,-135.0,3.093940315208999,62.325
2021-03-16,-277.0,2.158673128369303,44.625
2021-03-17,-499.5,1.5069296403048682,32.575
2021-03-18,-419.5,0.3160690164914623,7.1
2021-03-22,40.5,0.9701395117573791,21.5
2021-03-23,-139.0,0.5971963250373562,13.3
2021-03-24,47.0,-1.0976422009985531,-21.55
2021-03-25,-384.5,-2.4077191802252402,-48.325
2021-03-26,73.0,-5.827702837200266,-88.425
2021-03-29,29.0,-5.486083784542059,-83.7
2021-03-30,-164.0,-6.617444267196659,-98.875
2021-03-31,185.0,-6.885756455304447,-101.425
2021-04-01,-253.5,-7.6998950572773905,-113.95
2021-04-05,300.0,-6.735528573353819,-104.8
2021-04-06,-113.0,-5.827686276001625,-81.2
2021-04-07,100.5,-7.0120411505195746,-91.525
2021-04-08,-127.5,-8.276288896102313,-104.625
2021-04-09,198.0,-7.261397629155193,-95.9
2021-04-12,-189.0,-7.276583657237802,-96.15
2021-04-13,-129.0,-7.064176362308482,-92.875
2021-04-14,35.5,-6.367507562807805,-84.35
2021-04-15,88.0,-5.0300038077441265,-66.1
2021-04-16,-118.5,-4.056556253710549,-47.05
2021-04-19,102.5,-2.009079622682393,-20.95
2021-04-20,-68.0,-2.5343090108825903,-26.375
2021-04-21,255.5,-0.6070257713623356,-6.65
2021-04-22,-392.5,-2.3604238840926612,-28.625
2021-04-23,119.0,-0.31013667310373155,-3.45
2021-04-26,95.5,-0.20835120590250042,-2.325
2021-04-27,-122.5,-0.8785959880578792,-9.9
2021-04-28,-168.0,-0.8954726259123954,-10.1
2021-04-29,22.0,-1.668749178475389,-18.25
2021-04-30,140.0,0.13461650383261745,1.425
2021-05-03,154.0,-0.5911318764035469,-5.875
2021-05-04,42.5,0.19319233379330505,1.9
2021-05-05,63.5,0.005115565958538545,0.05
2021-05-06,-224.0,-0.472396242408843,-4.775
2021-05-07,-216.0,-2.5327739799515103,-25.475
2021-05-10,529.0,0.8462844469235591,10.425
2021-05-11,127.0,1.8967182396781876,23.225
2021-05-12,300.5,2.844201451022359,36.475
2021-05-13,-188.5,1.7209495224321854,22.65
2021-05-14,94.0,2.5533536860556825,33.275
2021-05-17,-312.5,0.9065316152251683,12.525
2021-05-18,-169.0,0.5338700076405876,7.475
2021-05-19,193.5,0.316841567539883,4.375
2021-05-20,359.0,3.1375689996595764,41.95
2021-05-21,232.5,3.5046683865756134,47.625
2021-05-24,158.0,3.7153317791516085,50.75
2021-05-25,-82.5,3.8873382990120393,52.75
2021-05-26,-158.5,3.9310538928920344,53.225
2021-05-27,-185.0,3.078538533721047,42.875
2021-05-28,-153.5,1.99960660406921,28.2
2021-05-31,-2.0,1.4583049123178262,20.4
2021-06-01,45.5,1.4689226335134493,20.55
2021-06-02,-498.0,-0.4801924762740352,-7.525
2021-06-03,-245.0,-0.5451056864416541,-8.575
2021-06-04,289.5,1.0478140761527879,16.7
2021-06-07,-390.5,-1.9453832782402485,-29.275
2021-06-08,-21.0,-2.464761848598757,-36.675
2021-06-09,-30.0,-3.782911828146882,-53.2
2021-06-10,257.5,-2.1256180148854877,-30.9
2021-06-11,-165.0,-3.017827768627478,-43.85
2021-06-14,90.0,-1.68284553632486,-23.725
2021-06-15,31.0,-0.9834538601948836,-13.725
2021-06-16,-132.0,-2.188138841227745,-30.0
2021-06-17,387.0,-2.061656460385557,-28.6
2021-06-21,-93.0,-3.3570495539213283,-44.875
2021-06-22,-8.0,-4.072145513972751,-53.175
2021-06-23,-77.0,-4.051778718617633,-52.9
2021-06-24,14.0,-3.4073903080062187,-44.275
2021-06-25,-244.5,-3.594125456946404,-47.25
2021-06-28,93.0,-2.648499949269689,-34.925
2021-06-29,63.0,-2.390753642800008,-31.675
2021-06-30,-269.0,-3.4891901038386828,-47.4
2021-07-01,-52.0,-2.1041812216753333,-25.1
2021-07-02,-157.5,-1.7765014230763607,-20.725
2021-07-05,-49.5,-3.4975988276728556,-37.675
2021-07-06,-30.5,-2.0733052518947948,-19.675
2021-07-07,-253.0,-3.1224865559591284,-31.275
2021-07-08,-14.0,-3.041760658847278,-30.475
2021-07-09,108.5,-4.053534430305343,-37.925
2021-07-12,4.0,-3.208417617111778,-29.475
2021-07-13,130.5,-2.9492936402152354,-27.45
2021-07-14,27.5,-2.9694481817726617,-27.625
2021-07-15,180.5,-1.2510095936467966,-12.0
2021-07-16,330.0,-1.6241518796853955,-14.85
2021-07-19,-806.5,-3.557713286909942,-50.525
2021-07-20,173.0,-2.855843940549066,-41.475
2021-07-21,66.5,-2.3514574312292376,-34.3
2021-07-22,66.5,-2.163754696402845,-31.675
2021-07-23,287.0,-0.3417837536322985,-5.1
2021-07-26,-22.5,-0.7320686879756721,-10.875
2021-07-27,190.0,-0.3000447185352125,-4.525
2021-07-28,-4.5,0.5963007868168722,8.7
2021-07-29,32.0,0.8856135853002773,12.9
2021-07-30,-151.0,0.9088503254079463,13.225
2021-08-02,175.0,1.6649463601563967,24.45
2021-08-03,-204.5,1.0496389594482443,15.75
2021-08-04,-299.5,0.8842165054727793,13.425
2021-08-05,31.5,1.034291265694134,15.7
2021-08-06,-147.0,0.1914947772621899,2.925
2021-08-09,-195.5,-0.4543856325521311,-7.05
2021-08-10,126.0,-0.4691229734026882,-7.275
2021-08-11,86.0,-0.27966332496157986,-4.35
2021-08-12,141.5,-0.40720161091586426,-6.3
2021-08-13,-111.0,-1.9237636271698093,-28.35
2021-08-16,-37.5,1.057727742212267,10.1
2021-08-17,-204.0,-0.9044254516667021,-8.75
2021-08-18,221.0,-0.1011378678264273,-1.025
2021-08-19,-121.5,-1.0206068473179415,-10.425
2021-08-20,94.0,-2.1330038412842067,-20.075
2021-08-23,325.5,-0.2538189865885575,-2.675
2021-08-24,-254.5,-2.3287586634412,-24.9
2021-08-25,-117.0,-2.836595423921027,-30.525
2021-08-26,-118.5,-3.527727262336788,-38.05
2021-08-27,26.5,-2.7286589207705476,-29.175
2021-08-30,253.0,-2.290293484257043,-25.275
2021-08-31,-47.0,-1.6207204388319927,-17.4
2021-09-01,-222.0,-1.3031497531020044,-13.525
2021-09-02,-167.0,-2.2198059737791147,-23.45
2021-09-03,-84.5,-1.9443764125065097,-20.325
2021-09-06,-3.5,-1.0574240596143734,-10.725
2021-09-07,-181.0,-2.5571052727133097,-26.075
2021-09-08,24.5,-2.8868724549481772,-29.15
2021-09-09,31.0,-3.5247702293925776,-34.675
2021-09-10,281.0,-1.412718263602326,-15.075
2021-09-13,37.0,-1.0618533288987477,-11.35
2021-09-14,-124.5,-0.7052159432746663,-7.375
2021-09-15,13.5,-1.7868645147654145,-17.75
2021-09-16,-268.5,-2.4063344411222514,-25.1
2021-09-20,-54.5,-3.1600028067158283,-32.525
2021-09-21,35.5,-5.238247499743047,-47.025
2021-09-22,183.0,-2.8005116230963436,-25.15
2021-09-23,19.0,-2.062204196763592,-18.35
2021-09-24,-507.5,-3.406079306850834,-37.8
2021-09-27,16.0,-3.456855969823521,-38.325
2021-09-28,240.5,-3.5336375423625026,-38.95
2021-09-29,-17.0,-3.3965224143227393,-37.45
2021-09-30,-127.5,-3.0340624688955424,-32.725
2021-10-01,144.5,-1.578605580171922,-17.15
2021-10-04,405.0,0.597866450479777,7.325
2021-10-05,61.5,0.8616484091635933,10.575
2021-10-06,452.0,3.164621120444382,42.225
2021-10-07,10.0,3.109048477805077,41.5
2021-10-08,-477.5,1.0621956649389144,16.075
2021-10-11,164.0,0.6904522353957384,10.225
2021-10-12,13.0,0.6096247164143211,9.025
2021-10-13,-200.5,0.34889223354604826,5.225
2021-10-14,224.0,1.0311022184938248,15.75
2021-10-15,-123.5,1.5473909096306386,23.0
2021-10-18,376.5,2.8597086838709176,44.55
2021-10-19,61.0,2.941364409940081,45.825
2021-10-20,-6.5,2.35042855842429,36.35
2021-10-21,225.0,2.9757777562273566,46.65
2021-10-22,-48.0,5.125740861231062,69.625
2021-10-25,264.0,5.937850066427928,82.025
2021-10-26,-352.0,3.534934682568293,52.4
2021-10-27,-25.5,3.5042893111374083,51.975
2021-10-28,-58.0,3.7733869294330527,55.45
2021-10-29,301.5,4.209370838702497,63.3
2021-11-01,-6.0,3.006032082713776,42.75
2021-11-02,79.5,3.0678383797979163,43.65
2021-11-03,237.0,2.4777003074806907,32.9
2021-11-04,-4.0,2.4238551309781755,32.2
2021-11-05,28.0,5.194964157667601,57.475
2021-11-08,-306.5,2.826803513317565,33.95
2021-11-09,264.0,3.7467195831285083,46.5
2021-11-10,-626.0,1.6637877062175088,25.225
2021-11-11,-71.0,0.7014643620732762,10.475
2021-11-12,320.0,2.123120818989716,32.65
2021-11-15,-178.5,0.3312446942474673,4.9
2021-11-16,8.5,0.15402082815038518,2.275
2021-11-17,-203.5,-0.5036858379086288,-7.575
2021-11-18,108.5,-0.9076001871480659,-13.4
2021-11-19,-176.5,-1.3280011168482508,-19.825
2021-11-22,751.0,0.2520066579529316,4.525
2021-11-23,18.0,1.3385924809899268,23.025
2021-11-24,340.0,2.330642881159226,41.3
2021-11-25,-33.5,2.4030354110066283,42.525
2021-11-26,329.0,2.4690596535690115,43.9
2021-11-29,-219.5,1.8318937253276566,33.225
2021-11-30,284.5,2.355562654585259,43.475
2021-12-01,-404.0,0.5948768046667328,11.425
2021-12-02,222.5,1.1714656844617304,22.75
2021-12-03,615.0,2.474473474782364,52.1
2021-12-06,-262.0,2.5976676134580186,54.325
2021-12-07,250.0,2.567508485265483,53.625
2021-12-08,-329.5,3.5450039789386767,68.45
2021-12-09,-195.5,3.181030196145761,62.225
2021-12-10,-340.5,1.4649316632719742,29.2
2021-12-13,143.0,2.2917189975729637,45.275
2021-12-14,227.0,2.823776616458163,56.2
2021-12-15,-14.0,3.354319814381009,65.675
2021-12-16,774.5,4.525728016419291,98.975
2021-12-20,-390.0,3.909216287221276,88.3
2021-12-21,624.0,3.741096462939453,81.95
2021-12-22,236.0,4.223642014940208,92.85
2021-12-23,-54.5,3.359046961099587,73.125
2021-12-27,243.5,3.9837459447962287,86.975
2021-12-28,-266.0,2.59513079705387,57.225
2021-12-29,-168.5,2.725129835843616,59.775
2021-12-30,264.0,2.6832815729997486,58.75
2021-12-31,-3.5,3.772319644826497,78.775
2022-01-03,225.0,3.777682901797056,78.9
2022-01-04,148.5,2.8584878351464464,55.575
2022-01-05,767.0,5.057010049769265,107.025
2022-01-06,41.0,4.581815040062768,96.575
2022-01-07,165.5,6.0155608505857305,121.325
2022-01-10,495.0,7.698497056821552,155.85
2022-01-11,-83.0,8.75259672608179,168.725
2022-01-12,-590.0,6.026078132133935,132.075
2022-01-13,530.0,6.525093249332406,147.225
2022-01-14,-33.5,6.473498378569386,146.25
2022-01-17,-300.5,4.311774778840976,92.5
2022-01-18,6.5,5.520857386959592,112.325
2022-01-19,468.0,5.314304739702986,104.525
2022-01-20,33.5,4.817212470082042,94.4
2022-01-21,-118.0,4.6280830669331605,91.225
2022-01-24,86.5,4.256431268579675,83.375
2022-01-25,-1371.5,1.0144210612096374,28.1
2022-01-26,-243.0,0.8760407435999097,24.375
2022-01-27,359.5,1.0404228344045052,29.15
2022-01-28,644.0,2.103354236666014,61.525
2022-01-31,803.0,2.9244270692482424,90.425
2022-02-01,92.5,2.834909674179894,87.625
2022-02-02,-230.0,1.2777865388334264,37.775
2022-02-03,-31.5,1.1545733891743015,34.15
2022-02-04,89.5,1.0277883993694252,30.35
2022-02-07,39.5,0.26339136680031555,7.575
2022-02-08,81.0,0.5487884182164372,15.775
2022-02-09,103.5,1.8418928992425907,50.45
2022-02-10,-247.0,0.433462279533531,11.6
2022-02-11,686.5,1.6818695937600532,47.6
2022-02-14,-1155.5,0.14918545369280728,4.85
2022-02-15,-142.5,-0.0798215154103182,-2.6
2022-02-16,175.5,-0.538680571781403,-17.225
2022-02-17,-240.5,-0.9630647007057302,-30.925
2022-02-18,-44.5,-0.8492448047219536,-27.25
2022-02-21,8.5,-0.9719092602130326,-31.15
2022-02-22,97.0,1.654815583110303,42.275
2022-02-23,584.0,3.1883431446914074,83.625
2022-02-24,1557.5,4.348042113448486,143.525
2022-02-25,228.0,3.8062673935544056,122.725
2022-02-28,-582.0,1.6684142085748996,53.475
2022-03-01,18.0,1.552275860466201,49.75
2022-03-02,-304.5,1.4295816594006718,46.025
2022-03-03,601.5,2.349956413387168,77.675
2022-03-04,15.5,2.237316514925383,73.975
2022-03-07,884.5,3.3326147239635784,116.225
2022-03-08,-1249.5,1.254898778914194,49.7
2022-03-09,-128.0,0.9610568384474083,38.125
2022-03-10,-488.0,0.6494613953780075,26.075
2022-03-11,409.0,0.3095107143776933,12.2
2022-03-14,50.0,2.0344744696126913,72.475
2022-03-15,596.5,3.024536113572151,109.425
2022-03-16,441.5,3.366134877452008,122.725
2022-03-17,260.0,4.091062596271406,147.75
2022-03-21,-309.0,3.678126598114236,134.525
2022-03-22,442.5,4.249576237867149,156.225
2022-03-23,-195.5,3.8193880683171,141.6
2022-03-24,29.0,3.1158371260353457,113.85
2022-03-25,-240.0,0.792857196007164,23.975
2022-03-28,-152.5,0.16401297214844487,4.95
2022-03-29,-28.5,1.1258755728907004,32.625
2022-03-30,124.0,1.3076069049772239,37.925
2022-03-31,64.5,1.9726500949929786,56.375
2022-04-01,-296.5,0.41233637601591916,11.475
2022-04-04,485.5,1.2237296215403768,34.975
2022-04-05,330.0,0.27642764525896935,7.25
2022-04-06,-412.0,2.4488527022916275,49.125
2022-04-07,-431.0,1.6178155677862287,33.975
2022-04-08,-132.0,2.6177983396897044,51.775
2022-04-11,-320.5,0.7766687861864746,15.3
2022-04-12,408.5,1.6265811103631853,33.225
2022-04-13,480.5,1.381930932147743,27.425
2022-04-14,556.0,1.6270225206045101,33.15
2022-04-18,-285.0,0.28718979780627896,5.9
2022-04-19,487.0,2.173689908059415,45.7
2022-04-20,91.0,1.3890683759641023,28.125
2022-04-21,1022.5,3.6917796501437645,89.025
2022-04-22,60.0,3.7578576653298965,90.575
2022-04-25,-1143.0,1.5552307402129786,45.425
2022-04-26,439.0,2.538959840642287,75.0
2022-04-27,-518.0,1.6498225337949195,50.525
2022-04-28,530.0,2.2615353323399248,70.825
2022-04-29,729.5,3.1929427341120187,104.075
2022-05-02,-35.0,3.6435846302182284,117.15
2022-05-03,-544.0,1.9955909527272364,65.675
2022-05-04,-427.5,0.8337511252126658,27.8
2022-05-05,788.0,2.562725986064726,87.8
2022-05-06,-265.0,2.840270939709246,96.1
2022-05-09,217.5,3.3694471348588038,113.575
2022-05-10,-294.0,3.4154245008474935,114.9
2022-05-11,365.0,3.3577686106567644,112.725
2022-05-12,-1456.0,0.40369469153913623,15.9
2022-05-13,297.5,0.07659833558206026,2.975
2022-05-16,-641.5,-0.37440355247380125,-14.85
2022-05-17,-187.5,-1.2440454076777492,-48.575
2022-05-18,451.5,-0.7712448954226048,-30.55
2022-05-19,-167.5,-2.4611692229503115,-90.05
2022-05-20,128.5,-2.3631834135993386,-86.625
2022-05-23,-166.0,-1.1317627861375115,-37.775
2022-05-24,236.5,-1.4552279409490916,-47.9
2022-05-25,211.5,-0.35297439343049936,-11.425
2022-05-26,720.0,-0.05816533105411163,-1.925
2022-05-27,280.0,-0.7704723282122035,-24.4
2022-05-30,-182.5,-1.0009973765041624,-31.775
2022-05-31,187.0,0.15413040227684582,4.775
2022-06-01,-168.5,0.5818539795236416,17.725
2022-06-02,437.5,0.006884229530629968,0.2
2022-06-03,-423.5,-0.26259278370860634,-7.725
2022-06-06,104.0,-0.45754497285421786,-13.4
2022-06-07,194.0,0.37768301078216343,11.0
2022-06-08,-338.0,-0.8319366809904669,-24.15
2022-06-09,500.5,3.4633984711765953,73.675
2022-06-10,135.5,3.11529673344488,65.575
2022-06-13,17.0,5.341563413401146,98.5
2022-06-14,-217.5,5.23278925989496,97.0
2022-06-15,-384.5,2.9184248178010073,55.2
2022-06-16,9.5,3.4333689922799064,64.05
2022-06-20,143.5,3.4714481410768188,64.8
2022-06-21,170.5,4.433491839647065,81.625
2022-06-22,22.5,3.8782613845514784,70.925
2022-06-23,86.5,3.557993790982779,64.675
2022-06-24,316.0,2.7790255426224086,44.475
2022-06-27,-279.5,1.017752086829809,16.5
2022-06-28,854.5,3.489589917443342,68.35
2022-06-29,-247.5,2.3348378576312694,46.625
2022-06-30,338.0,3.580136489447589,71.95
2022-07-01,-248.5,1.89899279773435,37.65
2022-07-04,27.5,3.2229381486862883,60.2
2022-07-05,477.0,4.036440222090102,78.85
2022-07-06,-1221.5,0.3063930329804066,8.075
2022-07-07,315.5,1.556591398940783,40.75
2022-07-08,96.0,0.8098151241396763,20.525
2022-07-11,72.0,0.6856868586470202,17.35
2022-07-12,-171.5,0.3115710350725273,7.925
2022-07-13,151.5,1.0428673814939817,26.375
2022-07-14,29.0,1.9137461193506307,47.05
2022-07-15,-363.0,1.1269992952053705,28.425
2022-07-18,-680.5,-0.4739630752941475,-12.775
2022-07-19,283.5,-0.26243130875781323,-7.125
2022-07-20,251.0,0.15705063209493844,4.3
2022-07-21,177.0,0.32135684313173907,8.825
2022-07-22,194.5,0.10094775704171352,2.75
2022-07-25,-91.5,0.4503950454865211,12.15
2022-07-26,-16.5,-1.3042931478112665,-31.4
2022-07-27,628.0,0.4857703788808636,12.375
2022-07-28,527.5,0.8377670495208434,21.85
2022-07-29,-175.0,0.9836505166151862,25.525
2022-08-01,182.0,1.2769732714890107,33.25
2022-08-02,-482.0,-0.5627001233524602,-14.7
2022-08-03,308.5,3.1253344071238924,61.8
2022-08-04,-338.5,1.4445888611508608,29.1
2022-08-05,-317.0,0.408937039899427,8.45
2022-08-08,298.0,0.9390932162515652,19.75
2022-08-09,-366.0,0.46530282519036764,10.025
2022-08-10,-214.0,-0.3810093495695922,-8.25
2022-08-11,125.0,-0.15879758794265042,-3.45
2022-08-12,-10.0,0.6730452046979125,14.2
2022-08-15,-66.5,2.41060861615377,44.9
2022-08-16,122.0,2.0073172658991307,36.825
2022-08-17,-596.0,-0.2763217462295118,-5.525
2022-08-18,-289.0,-1.4288516127722515,-28.825
2022-08-19,180.0,-1.4670361296441168,-29.55
2022-08-22,85.0,-1.026972802919792,-20.725
2022-08-23,-50.0,-1.1097613505227935,-22.4
2022-08-24,-321.5,-3.8332238228374473,-69.875
2022-08-25,49.0,-5.794807380397409,-93.8
2022-08-26,412.5,-3.670093824662937,-64.425
2022-08-29,-240.0,-4.934125267620419,-85.525
2022-08-30,367.0,-2.4756706503452985,-43.075
2022-08-31,193.5,-2.8711387881654775,-48.825
2022-09-01,-208.0,-2.5397537612464163,-42.3
2022-09-02,-523.0,-2.997899246026144,-52.6
2022-09-05,-48.5,-4.161966071840354,-69.925
2022-09-06,-301.5,-4.018669423858342,-66.7
2022-09-07,236.5,-2.6057533548237104,-44.175
2022-09-08,-34.5,-3.1083135717661348,-52.15
2022-09-09,233.5,-2.320614985393556,-39.975
2022-09-12,50.0,-1.9780295110672066,-34.15
2022-09-13,627.5,-0.45674862815569156,-8.875
2022-09-14,-111.0,0.8747996888473297,15.375
2022-09-15,277.0,2.51773026262484,43.675
2022-09-19,34.0,2.110559441751122,36.375
2022-09-20,-650.0,-0.019119642053873637,-0.375
2022-09-21,-671.0,-1.4501408095042416,-31.425
2022-09-22,-140.5,-1.0490221826233925,-22.375
2022-09-23,-262.5,-1.761007019163204,-37.95
2022-09-26,462.0,-1.6299025546821602,-35.475
2022-09-27,-55.5,-1.217102668112821,-26.25
2022-09-28,-214.5,-2.6430628690752136,-55.325
2022-09-29,226.0,-2.5555114603358478,-53.7
2022-09-30,-325.0,-2.8031447447135656,-59.55
2022-10-03,150.5,-1.2733097999958276,-25.875
2022-10-04,-273.5,-1.8018706544464904,-37.125
2022-10-05,-614.5,-2.4194178779397206,-52.775
2022-10-06,-116.0,-3.2868195247965386,-70.4
2022-10-07,270.0,-2.516853470761013,-55.175
2022-10-10,-114.0,-3.369728347518066,-72.55
2022-10-11,-65.0,-3.649019738614028,-78.3
2022-10-12,-329.5,-6.6027010773024015,-126.15
2022-10-13,947.0,-3.035308811670201,-73.25
2022-10-14,556.0,-2.351704568346809,-59.3
2022-10-17,-181.5,-2.7773247652205093,-70.075
2022-10-18,405.5,-0.704099966025095,-17.3
2022-10-19,-169.0,0.3417298200203712,7.8
2022-10-20,-319.0,-0.04852505301534112,-1.125
2022-10-21,37.5,0.6065134311423779,13.875
2022-10-24,-430.5,-1.3553029247895083,-30.75
2022-10-25,271.0,-0.6256018131258088,-14.425
2022-10-26,-379.0,-0.9659545786859374,-22.65
2022-10-27,201.5,-1.0203374983017588,-23.875
2022-10-28,499.5,0.7222067538078547,17.35
2022-10-31,-215.5,-0.03934349066040583,-0.95
2022-11-01,541.0,1.597402890851355,39.775
2022-11-02,602.0,4.166067737494166,100.6
2022-11-03,-410.5,3.435656143459932,85.875
2022-11-04,335.5,3.550818577139591,89.15
2022-11-07,67.5,3.938674301044747,98.225
2022-11-08,-154.5,3.7373430887906003,93.75
2022-11-09,-592.5,3.0763117807604012,80.6
2022-11-10,309.0,2.088331504756885,48.7
2022-11-11,-487.0,-0.14861444016922115,-3.45
2022-11-14,-474.5,-0.7543018172413063,-18.1
2022-11-15,-134.0,-1.9397752387915175,-45.075
2022-11-16,-197.0,-1.9972055983260806,-46.475
2022-11-17,-99.0,-1.5455724235342942,-35.475
2022-11-18,103.0,-1.3992990722178482,-32.2
2022-11-21,-116.5,-0.739022739885372,-16.5
2022-11-22,440.5,-0.35082878548669105,-8.025
2022-11-23,224.5,0.9875736122066018,22.15
2022-11-24,-70.0,0.3844022891625225,8.575
2022-11-25,-228.5,-1.303463457658774,-27.825
2022-11-28,268.0,-0.16949280619772863,-3.65
2022-11-29,-110.0,-1.8034046307536011,-36.2
2022-11-30,543.5,-1.9843264273189325,-39.125
2022-12-01,-576.5,-2.318472297236907,-47.425
2022-12-02,-171.5,-3.685912046509116,-72.775
2022-12-05,213.5,-3.2657007684378927,-65.475
2022-12-06,350.0,-1.9362452522833815,-40.25
2022-12-07,-446.5,-1.6390213562807623,-32.95
2022-12-08,45.0,-2.3629011217599762,-46.15
2022-12-09,-225.0,-1.7702235364975438,-33.05
2022-12-12,63.5,-0.3499296966962724,-6.15
2022-12-13,663.0,1.7104705391251196,33.7
2022-12-14,-602.0,0.6297364950988106,13.45
2022-12-15,95.5,1.0869127514643844,23.175
2022-12-19,120.0,1.1260438176003567,24.025
2022-12-20,-214.0,0.8905113441296189,19.15
2022-12-21,39.5,-0.04362024733412547,-0.9
2022-12-22,388.0,0.34472556433551016,7.275
2022-12-23,-9.5,0.488704815918982,10.3
2022-12-27,-30.5,0.9709412247238698,20.2
2022-12-28,49.5,0.4523891293188038,9.275
2022-12-29,295.0,1.4203727645236108,29.525
2022-12-30,94.5,0.3636516609899674,7.075
2023-01-03,113.5,2.3671635133552495,41.575
2023-01-04,-136.5,2.4777862848023595,43.325
2023-01-05,-213.0,1.2470571101372787,22.0
2023-01-06,275.0,1.0492629419625625,18.25
2023-01-09,15.0,2.575000858368191,41.325
2023-01-10,-670.0,0.29677997403570555,5.575
2023-01-11,-11.0,0.8801460018238714,16.275
2023-01-12,-198.5,0.16972173048944697,3.175
2023-01-13,20.5,-1.7970042279208636,-28.95
2023-01-16,-72.0,-0.17683111383653335,-2.45
2023-01-17,-40.0,-0.6689776141888367,-9.225
2023-01-18,223.5,-0.28819788633434323,-4.05
2023-01-19,-355.5,-0.7621913495195163,-11.125
2023-01-20,544.5,0.8576203850038613,14.125
2023-01-23,285.5,0.5602789023199422,9.0
2023-01-24,-498.5,-0.8822149486406953,-15.45
2023-01-25,451.0,0.4626671754705654,8.625
2023-01-26,-111.0,0.032081750913788704,0.6
2023-01-27,229.5,-0.14445122957538867,-2.675
2023-01-30,10.5,-0.372290920117615,-6.875
2023-01-31,32.0,-0.5952674374843917,-10.95
2023-02-01,173.0,0.24503694669475526,4.525
2023-02-02,-726.5,-1.0140153833040437,-21.15
2023-02-03,-38.0,-1.802697965818505,-36.8
2023-02-06,-374.5,-2.6910288414034333,-56.275
2023-02-07,287.5,-0.4326596060978103,-8.4
2023-02-08,207.0,0.12730149668732207,2.5
2023-02-09,294.0,1.3698365515126236,27.125
2023-02-10,-389.0,0.32265229734724604,6.65
2023-02-13,333.0,1.2779613277603998,26.9
2023-02-14,-179.0,0.9400356749594975,19.95
2023-02-15,39.5,0.5113728474044047,10.75
2023-02-16,288.0,2.0786341073065593,42.925
2023-02-17,-258.5,0.14085013997250959,2.775
2023-02-20,-86.5,-0.8199269963788829,-15.825
2023-02-21,306.0,1.3224727207848657,24.4
2023-02-22,-105.0,-0.19482405125901867,-3.4
2023-02-23,87.0,0.3731104527113791,6.5
2023-02-24,9.5,-0.26282553947288956,-4.5
2023-02-27,-32.5,-0.3883364330343572,-6.65
2023-02-28,-171.5,-0.9747649751932628,-16.825
2023-03-01,-27.0,-1.5741288968838403,-26.825
2023-03-02,-326.5,-0.4715306135106824,-6.825
2023-03-03,323.5,0.7423500544672565,11.25
2023-03-06,-96.5,1.7709791220404993,25.15
2023-03-07,174.0,1.4044426681488997,19.475
2023-03-08,-186.0,-0.012624504689773592,-0.175
2023-03-09,397.5,0.3481515440579312,5.0
2023-03-10,-144.5,1.2863966961778115,17.225
2023-03-13,141.0,0.5987353414926943,7.625
2023-03-14,-307.0,0.0926668931454806,1.225
2023-03-15,140.0,0.46821722265731924,6.25
2023-03-16,506.0,1.1792189926547287,17.15
2023-03-20,-116.0,1.7175569890919613,24.275
2023-03-21,-194.0,1.3147270336874348,18.9
2023-03-22,159.5,0.8310086760616832,11.575
2023-03-23,-375.5,-0.13137395751035735,-1.95
2023-03-24,-411.0,-1.6998883749765537,-26.85
2023-03-27,21.0,-1.6628490430919323,-26.275
2023-03-28,33.5,-1.4520917992566853,-22.975
2023-03-29,-22.5,-0.9903640908086083,-15.525
2023-03-30,-225.0,-1.5952125323268547,-25.425
2023-03-31,411.0,0.698847050293886,11.45
2023-04-03,-195.0,-0.9066218415550409,-14.475
2023-04-04,105.5,-0.27342415615914767,-4.375
2023-04-05,34.5,-0.7180973721008295,-11.35
2023-04-06,391.0,1.0599562145148733,17.5
2023-04-10,341.5,0.9034731837663844,14.7
2023-04-11,-75.0,1.1244649360224386,18.175
2023-04-12,95.0,0.9856499316411478,15.875
2023-04-13,136.0,2.4563500743434905,38.025
2023-04-14,124.0,2.407683472556509,37.225
2023-04-17,-24.0,0.7712118452782883,10.725
2023-04-18,102.0,1.563130702252989,21.625
2023-04-19,-28.5,2.213947521420868,29.9
2023-04-20,41.0,1.7922490767226025,23.975
2023-04-21,-95.0,3.1098414967651875,38.0
2023-04-24,129.5,6.254909532553369,65.025
2023-04-25,165.5,6.90496035466045,72.25
2023-04-26,-337.5,4.520212111484882,53.7
2023-04-27,307.5,5.699937736262976,70.2
2023-04-28,-327.5,5.055835477499648,65.075
2023-05-01,-353.0,2.0562900602993652,26.875
2023-05-02,-66.0,2.6134669083142796,33.325
2023-05-03,-93.5,1.8232829370083938,23.375
2023-05-04,-331.0,0.37202821554925597,5.1
2023-05-05,282.5,-0.024671488259778405,-0.325
2023-05-08,100.5,-1.0044458105711223,-12.375
2023-05-09,-157.0,-1.3229061707555516,-16.475
2023-05-10,-33.5,-1.8542583692430041,-22.9
2023-05-11,-162.5,-3.0833224819377953,-37.825
2023-05-12,11.0,-3.602402729046288,-43.475
2023-05-15,104.0,-3.029968627459966,-37.075
2023-05-16,-185.0,-4.207130514711626,-51.425
2023-05-17,168.0,-3.3045582570825385,-41.6
2023-05-18,447.0,-1.4955095393590807,-21.3
2023-05-19,-225.0,-1.9191124871003242,-27.8
2023-05-22,-200.5,-3.0586790339840446,-44.3
2023-05-23,-575.0,-5.128323825528944,-81.325
2023-05-24,96.0,-3.8278879443852443,-59.65
2023-05-25,42.0,-4.945516604792564,-72.925
2023-05-26,579.5,-1.6453641301941828,-27.575
2023-05-29,-35.0,-0.7256361055523585,-11.675
2023-05-30,-117.0,-0.8814239441805918,-14.225
2023-05-31,-143.5,-1.0322885383270337,-16.725
2023-06-01,20.0,0.05303861554858438,0.825
2023-06-02,168.0,-0.32196337426465144,-4.9
2023-06-05,-213.0,-1.3363916200150536,-20.575
2023-06-06,-134.0,-1.2647561601623158,-19.425
2023-06-07,596.0,0.6876545100642618,12.05
2023-06-08,-26.5,1.0862551790639845,18.85
2023-06-09,151.0,1.4816447629438836,25.85
2023-06-12,99.0,1.4676780173583084,25.6
2023-06-13,-18.5,1.9733437789679942,33.925
2023-06-14,110.0,1.812189259293366,31.025
2023-06-15,340.0,1.5410041352846149,25.675
2023-06-19,-58.0,2.0852632667740965,34.025
2023-06-20,126.5,3.148661488069289,50.375
2023-06-21,72.0,6.2658677756875845,82.725
2023-06-22,369.5,6.996428994219766,96.4
2023-06-23,-482.5,4.411667007620326,70.175
2023-06-26,600.0,4.439216967606997,71.2
2023-06-27,-89.5,4.245807840244191,68.475
2023-06-28,-147.0,4.13394807962791,66.975
2023-06-29,-379.0,3.2270069410967923,55.2
2023-06-30,39.5,3.2851325942355043,56.175
2023-07-03,-191.0,2.2041150303131483,38.225
2023-07-04,-5.5,2.8628183735617387,48.6
2023-07-05,56.5,3.4660240341606783,58.125
2023-07-06,-599.5,-0.09599239686713297,-1.65
2023-07-07,75.0,0.19894039800896238,3.425
2023-07-10,-260.5,-0.9832680044930053,-17.15
2023-07-11,135.0,-0.8773273085238154,-15.35
2023-07-12,-147.5,-1.2393183313729648,-21.8
2023-07-13,7.5,-1.5391026839396622,-26.925
2023-07-14,-360.0,-3.5964262354992744,-61.925
2023-07-17,-106.0,-3.73354827530243,-64.325
2023-07-18,196.5,-3.493959330191299,-60.825
2023-07-19,-565.5,-4.983131114296076,-92.7
2023-07-20,601.0,-4.063242296456207,-81.125
2023-07-21,-372.5,-3.862316692795416,-75.625
2023-07-24,-246.0,-6.9072540675760585,-117.925
2023-07-25,-51.0,-6.78619772738557,-116.0
2023-07-26,-430.0,-7.382908827971678,-130.15
2023-07-27,505.0,-4.463690693634475,-85.95
2023-07-28,-24.0,-4.6436402760961055,-89.125
2023-07-31,-278.5,-4.838986366825298,-93.5
2023-08-01,-172.5,-5.275194137679004,-101.85
2023-08-02,303.0,-4.477838695708095,-89.525
2023-08-03,-224.5,-3.781280301124223,-70.775
2023-08-04,-161.0,-4.4317084198755206,-82.575
2023-08-07,-369.5,-4.658023436804843,-88.025
2023-08-08,-14.0,-5.117163242495509,-95.475
2023-08-09,83.0,-4.465871367234479,-83.95
2023-08-10,374.0,-3.314612581973293,-65.625
2023-08-11,-322.5,-3.236946671246863,-63.75
2023-08-14,316.0,-2.095209758914872,-42.65
2023-08-15,36.5,-2.519912161448093,-50.65
2023-08-16,142.0,-0.8120739477658946,-15.275
2023-08-17,449.0,-1.276770450716914,-22.875
2023-08-18,-212.0,-0.8522926854417358,-14.85
2023-08-21,-353.5,-1.1384291513732825,-20.225
2023-08-22,-380.0,-1.9888618038047599,-36.675
2023-08-23,292.0,-0.03186547051281294,-0.575
2023-08-24,908.5,0.9373281815954262,19.6
2023-08-25,-438.5,-0.05152072490145584,-1.125
2023-08-28,-181.5,0.17220619298715834,3.725
2023-08-29,488.0,1.6370650937601277,36.75
2023-08-30,-344.0,0.19398315711950126,4.4
2023-08-31,-256.5,0.12307363928862985,2.8
2023-09-01,-4.0,0.47065358367933524,10.65
2023-09-04,88.5,1.5274013038374927,33.55
2023-09-05,-156.0,1.1961598639694464,26.45
2023-09-06,142.0,1.3268849837577508,29.4
2023-09-07,-8.5,0.4758720255583466,10.275
2023-09-08,-195.0,0.7827699168678612,16.65
2023-09-11,112.0,0.30888112937554324,6.45
2023-09-12,221.0,0.7433446161659294,15.675
2023-09-13,-332.0,-0.37285059489914596,-8.025
2023-09-14,135.5,-1.149720796219473,-23.7
2023-09-18,-491.5,-1.755586173797051,-37.675
2023-09-19,-68.5,-1.11658254094036,-23.425
2023-09-20,459.0,0.8693321006648111,18.525
2023-09-21,-88.5,-0.023834111693596383,-0.5
2023-09-22,-233.5,-3.4798739165798853,-57.6
2023-09-25,-223.0,-2.960525533178961,-46.825
2023-09-26,78.5,-2.1435418421939034,-33.825
2023-09-27,-221.0,-4.936348565401546,-69.275
2023-09-28,-139.5,-4.370693535055291,-59.05
2023-09-29,12.5,-3.4461056318392513,-45.6
2023-10-02,-785.0,-5.0845232486470895,-84.65
2023-10-03,263.5,-4.419282417065936,-75.9
2023-10-04,90.5,-3.679163556844986,-63.575
2023-10-05,-120.0,-4.501307584668445,-76.675
2023-10-06,455.5,-2.8861607311553152,-53.475
2023-10-09,229.5,-1.7154846871607852,-32.25
2023-10-10,-139.0,-2.3915092384685903,-44.8
2023-10-11,48.5,-2.9044883334073663,-53.425
2023-10-12,-572.5,-3.3761078183403157,-65.45
2023-10-13,118.0,-3.427348247802164,-66.325
2023-10-16,-90.0,-2.518903679034237,-46.25
2023-10-17,142.5,-1.9257636997535732,-35.7
2023-10-18,89.5,-3.144295355760853,-54.175
2023-10-19,74.0,-2.660367445332397,-46.05
2023-10-20,246.0,-1.2592836042018476,-22.075
2023-10-23,150.0,-0.1965087290451295,-3.425
2023-10-24,-282.0,-1.2055976741940542,-21.45
2023-10-25,274.0,0.18346265415609628,3.3
2023-10-26,-10.5,0.5455788120624105,9.75
2023-10-27,-950.5,-1.729237012889817,-38.4
2023-10-30,-283.0,-0.67184212421816,-13.3
2023-10-31,225.0,-0.772987365463496,-15.225
2023-11-01,191.5,-0.5125408762038939,-10.175
2023-11-02,76.5,-0.01765922581188151,-0.35
2023-11-03,-144.0,-1.6160568902721577,-30.325
2023-11-06,-704.0,-3.7566536349704966,-77.0
2023-11-07,272.5,-2.6841089804541287,-56.425
2023-11-08,-82.0,-3.002062034549522,-62.95
2023-11-09,-289.5,-2.4474500819647194,-48.8
2023-11-10,318.5,-1.8956016952704926,-38.775
2023-11-13,13.5,-1.64277666749456,-33.6
2023-11-14,97.5,-1.7586011424921029,-35.85
2023-11-15,-271.5,-2.6232607303535214,-53.9
2023-11-16,-148.0,-3.1709229661227463,-65.0
2023-11-17,-606.5,-5.062378687885223,-107.625
2023-11-20,231.0,-4.821379500901943,-103.575
2023-11-21,-127.0,-4.492102261322535,-95.825
2023-11-22,100.5,-5.008888419815789,-104.5
2023-11-23,-58.0,-5.130669156189846,-106.875
2023-11-24,-133.5,-3.9026232202992146,-66.025
2023-11-27,-220.0,-3.7471685281339715,-62.875
2023-11-28,-154.5,-5.024781334034065,-81.85
2023-11-29,370.0,-4.27708371633307,-72.925
2023-11-30,205.0,-3.830196685424007,-66.5
2023-12-01,-110.5,-3.738802622148722,-64.825
2023-12-04,-143.0,-2.4927114692944956,-36.775
2023-12-05,42.5,-3.418731991646034,-48.275
2023-12-06,248.5,-2.1625122328176882,-31.75
2023-12-07,139.5,-0.7169871196501012,-10.3
2023-12-08,-472.5,-3.352502614881876,-49.85
2023-12-11,-60.5,-3.6080973703041055,-53.55
2023-12-12,298.0,-2.810293194756091,-43.525
2023-12-13,-420.0,-3.175333150993216,-50.95
2023-12-14,60.0,-2.526470166951594,-40.55
2023-12-18,104.0,-0.36152882828426747,-5.025
2023-12-19,-236.5,-2.0571045841366917,-28.4
2023-12-20,-135.5,-2.085995126227783,-28.825
2023-12-21,-189.5,-3.1273951318701787,-43.325
2023-12-22,-273.0,-3.8058222973324525,-54.075
2023-12-26,-185.0,-3.9662508079744048,-56.65
2023-12-27,-129.5,-3.6887293461494797,-52.125
2023-12-28,75.0,-2.872333788306209,-40.65
2023-12-29,-115.0,-5.043440960026033,-64.9
2024-01-02,142.0,-5.386711456606488,-68.05
2024-01-03,-405.0,-6.154316816609061,-82.775
2024-01-04,-83.0,-5.94368904267792,-79.775
2024-01-05,-341.5,-7.193539599853582,-98.975
2024-01-08,563.5,-5.248474404209983,-83.225
2024-01-09,127.0,-5.299232786937004,-83.85
2024-01-10,114.5,-3.6350583117292934,-54.5
2024-01-11,-17.5,-3.489746817897226,-52.35
2024-01-12,-172.5,-5.347201353796043,-75.875
2024-01-15,-4.0,-4.137839865425584,-55.075
2024-01-16,-437.5,-5.637932021032333,-79.95
2024-01-17,214.0,-5.120456183882874,-74.45
2024-01-18,-355.0,-5.398424260824228,-80.375
2024-01-19,280.5,-3.8046305592483396,-59.575
2024-01-22,15.5,-3.1671844595793273,-49.325
2024-01-23,-306.0,-3.2521854872264657,-50.975
2024-01-24,-8.0,-2.706956767368015,-42.125
2024-01-25,-589.0,-3.771783690776068,-65.1
2024-01-26,-117.0,-4.355312307461535,-74.7
2024-01-29,-41.0,-4.140651796194884,-71.0
2024-01-30,82.5,-4.346512005964569,-73.975
2024-01-31,132.5,-2.8479587064389653,-47.1
2024-02-01,-321.0,-3.479156585591738,-59.0
2024-02-02,313.0,-1.5299163515736656,-26.275
2024-02-05,-174.5,-4.212674193016725,-63.175
2024-02-06,-4.5,-4.72159736768015,-69.75
2024-02-07,128.0,-4.665000075158419,-69.075
2024-02-08,-189.0,-5.219957902361647,-77.65
2024-02-09,259.0,-3.618585316167617,-56.075
2024-02-12,-385.5,-4.663403981081382,-75.15
2024-02-13,-418.5,-4.628252303833423,-74.2
2024-02-14,-39.5,-5.606058943662673,-86.875
2024-02-15,-277.0,-5.43595344560124,-82.975
2024-02-16,-28.5,-6.850588808590901,-98.425
2024-02-19,-32.5,-7.047325484400657,-100.825
2024-02-20,91.0,-5.696384591500195,-80.975
2024-02-21,-341.5,-6.684945108319593,-97.65
2024-02-22,165.0,-4.551036135032894,-59.95
2024-02-23,203.5,-3.2239498874956958,-43.925
2024-02-26,-281.0,-3.992524295336938,-55.925
2024-02-27,-194.0,-4.989397946786358,-69.75
2024-02-28,-173.5,-6.194329610267542,-85.05
2024-02-29,32.5,-5.036167898264098,-67.375
2024-03-01,170.5,-5.866046479444901,-74.5
2024-03-04,-327.5,-6.26790542470862,-82.15
2024-03-05,72.5,-5.914374948843583,-78.3
2024-03-06,-127.5,-7.054831758353695,-91.075
2024-03-07,199.5,-5.340322489723904,-71.65
2024-03-08,395.0,-4.570287997241319,-64.85
2024-03-11,-810.5,-5.060631562733111,-86.1
2024-03-12,297.0,-2.9471461705078754,-50.325
2024-03-13,-212.0,-3.4237850454489074,-58.95
2024-03-14,-268.5,-3.403247285053829,-58.525
2024-03-18,199.0,-2.685763821108024,-47.15
2024-03-19,248.0,-1.838412437874773,-33.125
2024-03-20,362.0,-1.04357451815365,-19.575
2024-03-21,-380.0,-1.1378258903595246,-21.5
2024-03-22,-113.5,-1.8906969208266724,-35.425
2024-03-25,35.5,-2.3751826370959437,-43.825
2024-03-26,-16.5,-1.6876990028665018,-30.6
2024-03-27,320.0,-0.2637266218317329,-4.9
2024-03-28,-236.0,-0.4288755593449791,-8.025
2024-04-01,-90.0,-0.7552849906539992,-14.15
2024-04-02,-53.0,-1.3653808545779564,-25.325
2024-04-03,195.0,0.04385078077998877,0.8
2024-04-04,849.5,1.8313788716395376,39.65
2024-04-05,216.0,2.626191526437895,56.825
2024-04-08,-344.0,1.3352307280011522,29.65
2024-04-09,149.5,0.8024143181671135,17.375
2024-04-10,-801.0,0.827093073178115,17.85
2024-04-11,12.5,0.17097775975870236,3.625
2024-04-12,150.5,1.0330718778799926,21.75
2024-04-15,786.0,3.2307211466533348,74.475
2024-04-16,-194.0,2.3569081019526124,54.825
2024-04-17,501.0,2.8199100987732635,67.475
2024-04-18,-322.0,1.3807207619800106,33.275
2024-04-19,410.0,3.05121776186564,72.775
2024-04-22,-420.5,2.326339157248646,57.425
2024-04-23,278.0,2.7970111951940946,69.55
2024-04-24,-60.5,2.7044555240705113,67.35
2024-04-25,-217.5,1.6245397818295217,40.475
2024-04-26,119.0,2.366104614078214,58.225
2024-04-29,-270.5,1.9722495479370317,49.2
2024-04-30,397.0,2.829268274572429,71.7
2024-05-01,-1641.0,-0.5832132939416541,-20.1
2024-05-02,394.0,-1.310905743219642,-42.875
2024-05-03,-149.0,-1.8798135112159495,-61.125
2024-05-06,70.5,-1.2508395088945607,-40.4
2024-05-07,-209.0,-1.8082419363068098,-58.325
2024-05-08,150.5,-0.35238826902433007,-10.75
2024-05-09,-41.5,-0.4408829081071605,-13.45
2024-05-10,-222.0,-1.0503164741012418,-32.075
2024-05-13,-258.5,-2.982027051913009,-84.3
2024-05-14,82.0,-2.490216993007996,-70.5
2024-05-15,240.5,-3.0393552026475374,-83.525
2024-05-16,23.5,-2.4271817368936697,-66.25
2024-05-17,-470.5,-4.096220219761573,-110.275
2024-05-20,246.5,-2.8539802440746196,-76.925
2024-05-21,87.0,-3.2534443074497696,-86.475
2024-05-22,-476.0,-3.956703696330294,-107.25
2024-05-23,-708.0,-4.654476846605707,-131.775
2024-05-24,-99.5,-5.0809191750034275,-142.7
2024-05-27,134.0,-4.332526579909917,-122.475
2024-05-28,-335.0,-5.811604131323948,-159.075
2024-05-29,-130.5,-4.897646736938932,-83.55
2024-05-30,204.5,-5.748480080266404,-93.025
2024-05-31,746.5,-2.4334601154968927,-48.25
2024-06-03,-113.0,-2.9047054777757504,-57.425
2024-06-04,-810.5,-3.931977606400987,-87.5
2024-06-05,250.5,-3.6656001128029643,-82.5
2024-06-06,-202.0,-4.013282248637617,-90.525
2024-06-07,-83.0,-3.71838049298908,-83.575
2024-06-10,7.0,-3.1437982394909643,-70.3
2024-06-11,292.0,-2.619784452621507,-59.8
2024-06-12,-83.0,-3.390201181800037,-75.975
2024-06-13,-114.0,-3.7038614982070364,-82.85
2024-06-14,8.0,-2.7182906627801486,-58.925
2024-06-17,452.0,-2.1696948568213497,-48.65
2024-06-18,-370.0,-3.1429399792491544,-71.5
2024-06-19,-64.0,-2.3150763790867708,-50.9
2024-06-20,35.5,-0.6916974260539986,-13.725
2024-06-24,186.5,0.028771314241258023,0.575
2024-06-25,228.0,0.26177772032245006,5.275
2024-06-26,-403.5,0.09068365557130857,1.85
2024-06-27,-220.0,-0.12772332483549825,-2.625
2024-06-28,666.0,0.9141206988465709,20.45
2024-07-01,-532.0,-2.0720746481438943,-43.475
2024-07-02,260.0,-1.1623427843450778,-24.825
2024-07-03,-62.5,0.6939085981632559,12.575
2024-07-04,9.0,0.02810060289642633,0.5
2024-07-05,32.5,0.6964484911960183,12.225
2024-07-08,-255.5,0.20116846831155105,3.6
2024-07-09,-334.0,-0.7276065265559286,-13.45
2024-07-10,-225.5,-2.1665497242600424,-39.325
2024-07-11,711.0,0.017989612455821542,0.375
2024-07-12,267.5,0.9223837111730934,19.45
2024-07-15,-167.5,0.5025265093670673,10.675
2024-07-16,-196.0,-1.0639854782103573,-21.725
2024-07-17,297.0,0.575106629472651,11.625
2024-07-18,291.5,1.4316030486102074,29.4
2024-07-19,-50.0,1.2217413919130107,25.125
2024-07-22,-607.0,-0.6567767096055109,-14.55
2024-07-23,-338.0,-1.9226826263869217,-42.85
2024-07-24,851.0,0.8022226654121168,19.875
2024-07-25,97.0,1.4553617477130714,35.725
2024-07-26,-1167.5,-2.006361167268035,-55.95
2024-07-29,-59.0,-1.1950974285514662,-32.3
2024-07-30,590.0,-0.5623995660793004,-15.8
2024-07-31,62.0,-0.34068866294346617,-9.575
2024-08-01,961.5,1.2230279763684064,38.05
2024-08-02,-546.0,0.2840118663055757,9.125
2024-08-05,123.5,0.8792584079543436,28.075
2024-08-06,-56.0,1.3312527277261808,41.975
2024-08-07,426.5,2.352284586099083,74.575
2024-08-08,506.0,2.074737723494851,64.325
2024-08-09,-212.5,1.2974547104084881,40.325
2024-08-12,151.5,1.8173616943621922,56.275
2024-08-13,354.5,2.703426696608119,83.8
2024-08-14,105.5,2.4061919439015265,74.225
2024-08-15,409.0,2.5794441493633786,80.1
2024-08-16,-426.0,1.9285109647206622,61.3
2024-08-19,283.5,3.4820002079414185,105.825
2024-08-20,-71.5,3.9936357195723904,119.15
2024-08-21,-647.5,1.4923554174325409,44.225
2024-08-22,718.0,2.4245816813064662,75.275
2024-08-23,-24.5,5.208342113154831,132.425
2024-08-26,259.5,5.8577091659147165,148.35
2024-08-27,347.0,5.5148995249683646,136.2
2024-08-28,35.0,5.456067613839254,134.85
2024-08-29,-926.0,1.5716508544399876,40.475
2024-08-30,-278.5,2.172397225441434,53.85
2024-09-02,52.0,2.0298490436956427,50.275
2024-09-03,774.5,3.4490061272943797,91.8
2024-09-04,-619.5,1.418208705267745,39.5
2024-09-05,238.0,0.9596741058156205,26.1
2024-09-06,759.5,2.5995937458425398,74.7
2024-09-09,-82.0,2.1891125342764792,63.025
2024-09-10,-273.0,1.0982460233588929,31.65
2024-09-11,-587.5,-0.09995943276764803,-3.0
2024-09-12,-63.0,-0.9041369065612186,-26.6
2024-09-13,-59.0,-0.28588388952610244,-8.25
2024-09-16,101.0,-0.6075301535941632,-17.375
2024-09-17,-182.0,-0.7984375084064371,-22.9
2024-09-18,-728.5,-0.9277045889273456,-26.95
2024-09-19,-283.0,-2.8365769797735356,-77.0
2024-09-23,-534.0,-3.6805629952620165,-102.475
2024-09-24,320.0,-3.5504981221316845,-99.45
2024-09-25,-86.0,-4.442137822315029,-121.1
2024-09-26,217.0,-4.060757343769142,-112.0
2024-09-27,-81.5,-2.79692031500342,-69.775
2024-09-30,-91.5,-2.4396284699479662,-60.425
2024-10-01,243.5,-2.0276586614753898,-50.85
2024-10-02,49.0,-3.9338492488181127,-87.125
2024-10-03,-130.5,-3.0144794365086955,-62.675
2024-10-04,-181.5,-4.104254676062254,-83.65
2024-10-07,-656.0,-8.639851934507575,-154.425
2024-10-08,211.0,-7.535426847200414,-139.775
2024-10-09,271.5,-5.842003789809497,-112.55
2024-10-10,-174.5,-5.093956874538558,-91.9
2024-10-11,56.0,-4.7349004855234345,-85.95
2024-10-14,46.5,-4.422707431735066,-80.675
2024-10-15,425.0,-3.325563079732293,-64.475
2024-10-16,89.5,-2.6210838412988697,-50.9
2024-10-17,-12.5,-0.9004347282909715,-15.1
2024-10-18,-130.5,-0.4554258116890481,-7.475
2024-10-21,100.5,1.662726262850472,24.25
2024-10-22,197.5,1.2779338436004692,18.125
2024-10-23,182.0,2.209230769192764,31.525
2024-10-24,-238.0,0.6067507389472153,8.775
2024-10-25,510.0,2.406690146713094,38.35
2024-10-28,-134.0,2.2620903269653456,36.225
2024-10-29,402.5,2.667298640342633,44.175
2024-10-30,2.5,2.525448518942989,41.85
2024-10-31,78.0,3.1899756002263033,52.275
2024-11-01,-22.0,3.74707084407559,60.25
2024-11-04,237.5,8.425968921512807,104.925
2024-11-05,201.5,8.398198589186782,104.45
2024-11-06,31.0,7.555453900758225,92.425
2024-11-07,380.5,9.84787296764087,120.175
2024-11-08,-401.5,6.879803634390673,97.3
2024-11-11,-175.0,5.897898958675955,86.225
2024-11-12,-382.5,3.0359270172138775,45.85
2024-11-13,-267.5,1.7854905965669625,28.0
2024-11-14,-159.5,1.2999005049931287,20.65
2024-11-15,411.5,2.878268822307008,47.75
2024-11-18,188.0,3.123457251122168,52.125
2024-11-19,-320.5,1.5161451749735022,26.225
2024-11-20,319.5,1.8761600358870294,33.1
2024-11-21,462.0,3.758415075064216,68.1
2024-11-22,-611.5,0.6262293448281223,12.025
2024-11-25,227.5,1.5597517910165501,30.1
2024-11-26,-384.0,-0.4777925514588339,-9.225
2024-11-27,67.5,-0.3090094693865701,-5.975
2024-11-28,-60.0,-0.6667575202276438,-12.875
2024-11-29,285.5,0.12666053470279773,2.5
2024-12-02,255.5,0.171875007238197,3.4
2024-12-03,11.0,-0.312897195189571,-6.125
2024-12-04,-20.5,-0.444591879216259,-8.7
2024-12-05,-324.5,-2.2918978466126774,-43.95
2024-12-06,138.5,-0.9111390437180413,-16.95
2024-12-09,120.0,-0.1186200975074828,-2.2
2024-12-10,112.5,1.26962185567273,22.55
2024-12-11,300.5,2.8895939128344055,50.95
2024-12-12,-363.5,2.2238347070268825,40.75
2024-12-13,99.0,1.4311467552360944,25.125
2024-12-16,157.0,1.3468450582085167,23.575
2024-12-17,-394.5,1.115374280605979,19.875
2024-12-18,147.5,0.6481092827563387,11.275
2024-12-19,-329.0,-1.6924600011197137,-28.275
2024-12-23,-104.5,-0.2017395463235318,-2.925
2024-12-24,398.5,0.36980533122246473,5.625
2024-12-26,-58.5,1.5446693132101728,21.9
2024-12-27,-63.5,1.0803591796574439,15.35
2024-12-30,-8.0,1.2666347315509703,17.95
2024-12-31,-65.0,0.031098012941679652,0.425
2025-01-02,-1024.0,-3.322514289995698,-63.55
2025-01-03,-339.5,-4.166563206658137,-81.075
2025-01-06,-493.5,-5.17557352239577,-104.725
2025-01-07,802.5,-2.0616772665432865,-48.375
2025-01-08,-894.0,-3.8491981064440517,-100.0
2025-01-10,-810.5,-5.325896471535901,-146.525
2025-01-13,-445.5,-6.334426711839724,-174.425
2025-01-14,159.0,-6.693180993817284,-181.5
2025-01-15,-100.0,-6.232563474046227,-168.325
2025-01-16,53.0,-6.337221156920497,-170.625
2025-01-17,-43.5,-6.796800712817895,-180.65
2025-01-20,132.0,-5.775478694291715,-154.325
2025-01-21,-528.0,-7.0144562911759225,-188.1
2025-01-22,-117.5,-6.635780499294542,-177.525
2025-01-23,-32.0,-6.486285628756412,-173.9
2025-01-24,170.0,-7.123998429282786,-185.325
2025-01-27,125.5,-6.693432524702588,-176.125
2025-01-28,811.5,-4.473048215977584,-132.375
2025-01-29,-431.5,-5.15075853427381,-153.55
2025-01-30,-617.5,-5.951118572423699,-181.175
2025-01-31,-348.5,-5.254531485202942,-147.4
2025-02-03,467.0,-3.676890314150767,-107.075
2025-02-04,488.0,-1.956165717170885,-58.0
2025-02-05,119.5,-3.4017365023798605,-92.15
2025-02-06,-465.0,-2.8122849786595445,-70.7
2025-02-07,744.0,0.27963132567388654,7.025
2025-02-10,-69.5,1.0629625875044975,25.825
2025-02-11,85.5,0.9139202413579719,22.15
2025-02-12,-518.5,0.04839612917769487,1.225
2025-02-13,342.0,0.6090536381515324,15.675
2025-02-14,-80.0,0.5376934687341643,13.85
2025-02-17,12.0,0.3054286417043926,7.85
2025-02-18,-257.5,0.8606334646950043,21.375
2025-02-19,16.5,1.1340823549839911,28.075
2025-02-20,-135.0,0.9227016579160443,22.925
2025-02-21,762.0,1.960337958746154,52.525
2025-02-24,529.0,2.636613811797448,72.7
2025-02-25,-159.0,0.9458286952141142,24.175
2025-02-26,-569.5,0.6615733620609263,17.275
2025-02-27,996.5,3.5392898216205384,97.975
2025-02-28,436.0,5.03232085805533,137.2
2025-03-03,231.5,4.664780277016447,125.425
2025-03-04,-1602.0,0.5928949055229371,20.925
2025-03-05,-1598.0,-1.559558580003191,-64.95
2025-03-06,243.0,-0.7132373480917826,-29.55
2025-03-07,-386.5,-2.144923754871305,-86.075
2025-03-10,192.0,-1.8109088939008846,-73.0
2025-03-11,-393.5,-2.395385121232522,-96.95
2025-03-12,-493.0,-2.36687819411898,-95.675
2025-03-13,189.0,-2.573641535629955,-103.325
2025-03-14,383.0,-1.9698924543941032,-80.175
2025-03-17,-1007.0,-3.077885403619103,-131.125
2025-03-18,-4.5,-2.7814300872415516,-118.475
2025-03-19,156.0,-2.6096790526229547,-111.5
2025-03-20,-31.0,-2.487243962859425,-106.3
2025-03-24,115.5,-3.379525100504597,-138.625
2025-03-25,-172.0,-4.356228543666384,-173.675
2025-03-26,523.5,-3.4034066820635203,-139.55
2025-03-27,36.0,-2.692574030009451,-109.275
2025-03-28,763.5,-3.0665155698008357,-120.925
2025-03-31,780.0,-2.550928436993573,-103.725
2025-04-01,134.0,-2.6798947504378483,-108.6
2025-04-02,-33.5,-0.8797725117255571,-30.175
2025-04-03,475.0,2.7836904651464858,73.475
2025-04-04,364.5,2.9904272749073657,79.55
2025-04-07,-443.5,2.8608322746502464,76.7
2025-04-08,1849.0,4.40459605706236,159.55
2025-04-09,2262.5,6.442908833276256,292.35
2025-04-10,-808.5,5.929000174659288,276.575
2025-04-11,-1139.0,4.158342425681752,210.175
2025-04-14,-69.0,3.705754435614373,187.575
2025-04-15,-300.0,4.627055611310496,222.925
2025-04-16,-1267.5,3.0546663703081554,159.775
2025-04-17,-592.0,2.295348726285614,122.375
2025-04-21,338.5,2.6403712097590444,140.85
2025-04-22,310.5,2.820565744513503,150.6
2025-04-23,-685.5,2.2937241565202107,124.925
2025-04-24,812.0,2.532536607620777,139.35
2025-04-25,-118.5,2.3878738184810766,131.625
2025-04-28,-26.5,1.6938596365216414,92.125
2025-04-29,107.0,1.0934815271662175,58.475
2025-04-30,818.0,1.7009978096456335,92.675
2025-05-01,-445.0,1.3118007792044657,72.1
2025-05-02,-21.0,0.8653140329137089,47.3
2025-05-05,-397.0,0.1683850936539969,9.225
2025-05-06,30.0,0.6048565000020734,32.9
2025-05-07,-552.0,-1.8113511854073239,-87.15
2025-05-08,-204.5,-6.175618273147756,-210.5
2025-05-09,-114.0,-5.32910591228,-175.775
2025-05-12,-439.5,-4.660312273847738,-140.8
2025-05-13,345.0,-3.8824809537279337,-120.1
2025-05-14,-574.5,-4.251732852775839,-133.825
2025-05-15,-384.5,-3.295561234330944,-89.675
2025-05-16,-536.5,-3.2164290033628213,-86.9
2025-05-19,538.5,-2.769038625817838,-76.9
2025-05-20,-824.0,-4.612014771962537,-133.625
2025-05-21,-199.5,-3.9206591120881433,-109.325
2025-05-22,-998.0,-7.3791443148044005,-199.825
2025-05-23,-549.5,-8.05978230810345,-221.375
2025-05-26,36.0,-7.916838378136401,-218.25
2025-05-27,297.0,-7.420830965010333,-208.75
2025-05-28,217.0,-9.633073661954098,-238.8
2025-05-29,-248.5,-9.30359658338821,-228.975
2025-05-30,-6.5,-9.264688721500871,-228.25
2025-06-02,572.5,-6.703509933323041,-179.775
2025-06-03,117.5,-6.501049928473381,-175.4
2025-06-04,-84.0,-5.748022744612173,-152.0
2025-06-05,-110.0,-5.570479575822969,-147.275
2025-06-06,-594.5,-6.313483397123878,-171.3
2025-06-09,-367.0,-6.208302583658694,-167.675
2025-06-10,-547.0,-8.03502732705407,-212.275
2025-06-11,-516.0,-7.968755072686277,-209.35
2025-06-12,-189.0,-7.632054914065371,-199.575
2025-06-13,-99.0,-6.909717157501581,-177.7
2025-06-16,-164.0,-9.035937103918698,-212.825
2025-06-17,-496.0,-8.82436102960092,-196.425
2025-06-18,-308.5,-9.047566312566797,-201.875
2025-06-19,-113.0,-8.240388175124156,-157.625
2025-06-23,462.0,-5.342813733361068,-107.05
2025-06-24,-57.0,-5.60040326227007,-111.7
2025-06-25,33.0,-6.5097688294516365,-124.9
2025-06-26,283.0,-6.25526266397873,-121.6
2025-06-27,-675.0,-6.86327904347942,-142.925
2025-06-30,-342.5,-7.642836896881241,-159.725
2025-07-01,-208.5,-11.029534138967282,-198.775
2025-07-02,308.5,-10.033938615880686,-189.225
2025-07-03,61.0,-9.516399516507628,-181.975
2025-07-04,-157.0,-9.651521661182088,-184.325
2025-07-07,-198.0,-9.057755424282243,-164.5
2025-07-08,-307.0,-8.948947936008409,-161.5
2025-07-09,168.5,-7.109467501963684,-125.725
2025-07-10,-50.5,-6.10642361329286,-102.45
2025-07-11,-163.5,-6.038513445081911,-101.175
2025-07-14,86.5,-5.42114906337739,-91.9
2025-07-15,-80.0,-5.1830808852309795,-87.7
2025-07-16,-491.5,-5.176344160991267,-87.475
2025-07-17,284.5,-3.339374325643265,-57.825
2025-07-18,-88.5,-3.2709405189932155,-56.6
2025-07-21,200.0,-4.335590214308618,-69.7
2025-07-22,-46.5,-4.302319952095559,-69.175
2025-07-23,172.0,-3.802437413227298,-62.225
2025-07-24,-97.0,-5.211042030459896,-81.225
2025-07-25,58.5,-3.4014623724875377,-44.55
2025-07-28,-185.5,-2.92318611088365,-36.7
2025-07-29,350.0,-0.6570827307096976,-8.775
2025-07-30,-135.0,-2.4500358288359023,-30.95
2025-07-31,476.0,-0.7086326566194578,-10.2
2025-08-01,-34.0,-0.28434441101522073,-4.05
2025-08-04,26.5,0.5136900935893528,7.175
2025-08-05,350.5,2.8709350312631488,40.05
2025-08-06,-74.0,2.008365675073059,27.925
2025-08-07,-48.5,2.015878270648219,28.025
2025-08-08,239.0,3.46398137683476,48.15
2025-08-11,-152.0,2.5595268792628647,36.225
2025-08-12,446.0,4.139011996251399,62.525
2025-08-13,-114.0,6.205490030403068,81.4
2025-08-14,-300.5,3.7890953985729436,52.15
2025-08-15,-225.0,3.200518393266916,45.325
2025-08-18,-397.0,1.0179759993204656,15.475
2025-08-19,256.0,1.9715224231176303,30.6
2025-08-20,566.5,2.9431719465595183,50.325
2025-08-21,-725.5,0.9408079506221986,18.9
2025-08-22,-189.5,0.3205166967159914,6.5
2025-08-25,60.5,0.935413243945384,18.8
2025-08-26,-19.5,0.016647973805903986,0.325
2025-08-27,-204.5,-0.160383341013632,-3.15
2025-08-28,-317.0,-2.276402723406242,-42.8
2025-08-29,284.0,-1.3915771830147199,-26.9
2025-09-01,82.0,-1.245099040011551,-24.125
2025-09-02,319.0,-1.334399128734336,-25.7
2025-09-03,-285.0,-1.8513982682822765,-36.25
2025-09-04,-21.5,-1.7824353213454625,-34.9
2025-09-05,-149.5,-2.8257583524809506,-54.325
2025-09-08,-290.5,-3.147938431220608,-61.25
2025-09-09,-280.5,-5.35648429194267,-97.575
2025-09-10,-4.5,-5.044188786808009,-92.1
2025-09-11,-121.0,-4.61373835857,-83.125
2025-09-12,16.5,-3.959439803550841,-71.05
2025-09-15,189.0,-2.3676739894821033,-41.75
2025-09-16,-75.0,-3.408967216283307,-58.3
2025-09-17,80.5,-5.613714746449526,-82.6
2025-09-18,40.0,-3.862950323316858,-44.325
2025-09-22,256.0,-1.841296246406086,-22.05
2025-09-23,-553.5,-3.7837765444826843,-52.75
2025-09-24,-77.0,-3.9913927168468737,-55.625
2025-09-25,244.0,-2.3151879616183866,-33.2
2025-09-26,-185.0,-1.9094896496668905,-26.6
2025-09-29,216.5,-2.1943614548725368,-29.975
2025-09-30,-211.5,-3.2410304333484894,-44.65
2025-10-01,148.0,-4.072750922815482,-53.2
2025-10-02,-245.0,-3.9590228237820466,-51.2
2025-10-03,-525.0,-5.281704706583117,-76.375
2025-10-06,-146.0,-5.270853706588404,-76.2
2025-10-07,191.5,-3.5799069195810813,-52.1
2025-10-08,460.0,-0.9571755343160582,-15.075
2025-10-09,-68.5,-1.1591811959010625,-18.275
2025-10-10,1476.5,2.389713002356713,61.6
2025-10-13,-365.5,1.6077233170490868,42.5
2025-10-14,300.5,1.8072424619929075,48.075
2025-10-15,-318.5,1.3280841228857865,35.9
2025-10-16,11.0,1.1997924166900629,32.425
2025-10-17,-960.0,-0.5807373904839894,-17.575
2025-10-20,203.5,-0.6693718629511262,-20.2
2025-10-21,-172.5,-0.03927371895868198,-1.15
2025-10-22,231.5,0.4850647296135522,14.275
2025-10-23,420.0,0.7743669200491566,23.075
2025-10-24,-372.5,0.45413531934089535,13.7
2025-10-27,-328.0,-0.44539171154644525,-13.525
2025-10-28,-721.0,-1.2265098058873212,-39.0
2025-10-29,-224.5,-1.8135813383173782,-57.625
2025-10-30,-84.0,-1.5657344946342964,-49.575
2025-10-31,-404.0,-1.3886254472211188,-43.525
2025-11-03,178.0,-0.8688604268699357,-27.325
2025-11-04,214.0,-0.8322267994208933,-26.2
2025-11-05,48.0,-1.5235254346642013,-46.8
2025-11-06,368.0,-0.7995267213935787,-24.975
2025-11-07,-413.0,-5.223620846735871,-119.45
2025-11-10,-260.0,-5.0325709536522565,-114.175
2025-11-11,-312.0,-6.5775084427108705,-144.8
2025-11-12,205.5,-5.30251492011473,-118.6
2025-11-13,578.0,-3.7154410840512138,-90.25
2025-11-14,745.5,-0.2121988438149352,-4.975
2025-11-17,90.5,-0.456077401605359,-10.625
2025-11-18,176.0,0.29175342898518597,6.8
2025-11-19,522.5,0.8826068421389024,21.35
2025-11-20,1824.0,2.666473560390432,91.55
2025-11-21,-490.0,2.4700922028940537,85.675
2025-11-24,103.5,3.1390968861586894,107.25
2025-11-25,182.5,4.76276580554882,152.425
2025-11-26,74.5,5.302546679858549,167.375
2025-11-27,-98.0,5.276575833209559,166.675
2025-11-28,-487.0,5.094155278386992,162.525
2025-12-01,-121.5,4.590924491947076,147.55
2025-12-02,-193.5,3.9181769128588164,127.175
2025-12-03,38.5,3.902958120865399,126.7
2025-12-04,-301.5,2.844396853324215,93.225
2025-12-05,110.0,3.7365045183053494,119.375
2025-12-08,272.0,4.630157804109973,145.975
2025-12-09,158.0,5.497992006739728,169.475
2025-12-10,119.0,5.357193463475117,165.15
2025-12-11,-469.0,3.593295296008689,112.8
2025-12-12,750.0,3.5983936042129923,113.025
2025-12-15,165.5,3.717048519466445,116.775
2025-12-16,-536.0,2.486488616152779,81.175
2025-12-17,696.0,2.7068055392095665,89.85
2025-12-18,-574.0,-1.2984962132150486,-30.05
2025-12-22,37.5,-0.16572741138977157,-3.675
2025-12-23,75.0,-0.23023711542168887,-5.1
2025-12-24,-119.5,-0.9168763820917779,-20.2
2025-12-26,-152.0,-1.429212857617152,-31.525
2025-12-29,-101.0,-1.435893961268177,-31.675
2025-12-30,-23.5,-0.40368079324845746,-8.5
2025-12-31,385.5,0.777992324985919,16.85
2026-01-02,523.5,2.3424893078539957,52.7
2026-01-05,-510.0,1.0624498334856298,25.275
2026-01-06,-213.5,1.2585206160339966,29.675
2026-01-07,-130.5,0.7463695632942188,17.65
2026-01-08,-390.5,-0.6453066056907221,-15.475
2026-01-09,-203.0,-1.3983389352747946,-33.525
2026-01-12,287.5,-1.0330487423682426,-25.1
2026-01-13,-205.5,-0.5052709396077755,-11.925
2026-01-14,175.5,-1.9258532913426998,-40.65
2026-01-15,-596.5,-3.5480221772138774,-78.75
2026-01-16,-5.0,-2.4622725209408034,-52.2
2026-01-19,300.5,-3.7855629637991304,-71.975
2026-01-20,-799.0,-4.081122439522869,-83.225
2026-01-21,172.5,-3.706253323941721,-76.475
2026-01-22,-145.0,-4.259918437426358,-87.475
2026-01-23,119.0,-3.6460853731928715,-75.55
2026-01-26,35.5,-3.1901581850593232,-66.175
2026-01-27,83.5,-2.733187429164191,-56.95
2026-01-28,-67.0,-2.8382932919446553,-59.125
2026-01-29,857.5,-1.5022651625150583,-35.525
2026-01-30,-279.5,-3.375464512348002,-75.675
2026-02-02,463.5,-1.191535558162928,-27.0
2026-02-03,722.5,0.8021166493997526,19.8
2026-02-04,-576.5,-0.09633724170738545,-2.5
2026-02-05,-157.5,0.3595050058955132,9.15
2026-02-06,-276.0,0.21491308548022764,5.5
2026-02-09,470.0,0.5601689681631365,14.625
2026-02-10,31.0,1.0206939703206412,26.45
2026-02-11,-723.0,-0.6655557085720122,-18.475
2026-02-12,1125.5,2.2121686200491024,67.625
2026-02-13,-1044.0,0.4586703204686732,15.675
2026-02-16,-56.5,-0.06409282300923787,-2.175
2026-02-17,-22.0,1.1485047279801557,36.675
2026-02-18,-194.5,0.5722896801469566,18.325
2026-02-19,-672.5,-0.24140895103167467,-8.05
2026-02-20,148.5,-0.1970293866066091,-6.575
2026-02-23,407.5,0.35523231688479856,12.025
2026-02-24,37.5,0.2874012947748265,9.725
2026-02-25,105.0,0.5414753678931901,18.325
2026-02-26,469.0,-0.03403751929074955,-1.1
2026-02-27,-437.0,-0.2748258839062293,-8.975
2026-03-02,-615.5,-1.9115364230308305,-62.925
2026-03-03,17.0,-3.173425091560739,-98.2
2026-03-04,131.5,-2.0730862316371415,-62.8
2026-03-05,-157.0,-2.0722821208815283,-62.775
2026-03-06,-541.5,-2.4629859849403273,-76.05
2026-03-09,318.0,-2.7506667598570194,-83.65
2026-03-10,-424.5,-3.4653033151653228,-106.425
2026-03-11,-279.5,-2.8534498041791525,-84.25
2026-03-12,53.5,-5.754985761491537,-137.85
2026-03-13,415.0,-3.0581906907718923,-64.9
2026-03-16,-624.0,-4.133635794817957,-93.275
2026-03-17,-144.5,-4.407829881836662,-99.4
2026-03-18,101.0,-3.7332108454502673,-84.625
2026-03-19,98.5,-2.181638956850418,-46.075
