session_date,daily_pnl_usd,daily_trade_count,equity,peak_equity,drawdown_usd,drawdown_pct
2019-05-07,230.0,1.0,50230.0,50230.0,0.0,0.0
2019-05-09,-544.0,1.0,49686.0,50230.0,-544.0,-0.010830181166633486
2019-05-13,207.0,1.0,49893.0,50230.0,-337.0,-0.006709137965359347
2019-05-20,-166.5,1.0,49726.5,50230.0,-503.5,-0.010023890105514632
2019-06-03,358.5,1.0,50085.0,50230.0,-145.0,-0.0028867210830181168
2019-06-18,0.0,0.0,50085.0,50230.0,-145.0,-0.0028867210830181168
2019-08-02,102.0,1.0,50187.0,50230.0,-43.0,-0.000856062114274338
2019-08-06,-374.0,1.0,49813.0,50230.0,-417.0,-0.00830181166633486
2019-08-07,792.0,1.0,50605.0,50605.0,0.0,0.0
2019-08-13,0.0,0.0,50605.0,50605.0,0.0,0.0
2019-08-14,603.0,1.0,51208.0,51208.0,0.0,0.0
2019-08-23,-500.0,1.0,50708.0,51208.0,-500.0,-0.009764099359475082
2019-09-03,-10.0,1.0,50698.0,51208.0,-510.0,-0.009959381346664584
2019-10-03,-460.5,1.0,50237.5,51208.0,-970.5,-0.018952116856741134
2019-10-04,276.0,1.0,50513.5,51208.0,-694.5,-0.013562334010310888
2019-12-12,-28.5,1.0,50485.0,51208.0,-723.0,-0.014118887673800968
2019-12-13,-22.5,1.0,50462.5,51208.0,-745.5,-0.014558272144977347
2020-01-31,774.0,1.0,51236.5,51236.5,0.0,0.0
2020-02-05,-94.0,1.0,51142.5,51236.5,-94.0,-0.0018346296097508613
2020-02-21,36.5,1.0,51179.0,51236.5,-57.5,-0.0011222468357518565
2020-02-25,405.0,1.0,51584.0,51584.0,0.0,0.0
2020-02-26,-277.0,1.0,51307.0,51584.0,-277.0,-0.005369882133995038
2020-02-27,-248.0,1.0,51059.0,51584.0,-525.0,-0.010177574441687345
2020-03-04,265.0,1.0,51324.0,51584.0,-260.0,-0.005040322580645161
2020-03-05,-337.0,1.0,50987.0,51584.0,-597.0,-0.011573356079404467
2020-03-06,-234.5,1.0,50752.5,51584.0,-831.5,-0.016119339330024813
2020-03-10,-230.5,1.0,50522.0,51584.0,-1062.0,-0.020587779156327545
2020-03-11,389.0,1.0,50911.0,51584.0,-673.0,-0.013046681141439207
2020-03-24,-233.5,1.0,50677.5,51584.0,-906.5,-0.01757327853598015
2020-03-27,-510.0,1.0,50167.5,51584.0,-1416.5,-0.027460065136476426
2020-03-30,1400.0,1.0,51567.5,51584.0,-16.5,-0.0003198666253101737
2020-03-31,-489.0,1.0,51078.5,51584.0,-505.5,-0.009799550248138958
2020-04-01,-307.0,1.0,50771.5,51584.0,-812.5,-0.01575100806451613
2020-04-02,176.0,1.0,50947.5,51584.0,-636.5,-0.012339097394540944
2020-04-03,94.0,1.0,51041.5,51584.0,-542.5,-0.010516826923076924
2020-04-06,874.0,1.0,51915.5,51915.5,0.0,0.0
2020-04-07,223.0,1.0,52138.5,52138.5,0.0,0.0
2020-04-08,-208.0,1.0,51930.5,52138.5,-208.0,-0.003989374454577711
2020-04-09,-54.0,1.0,51876.5,52138.5,-262.0,-0.005025077437977694
2020-04-13,-684.0,1.0,51192.5,52138.5,-946.0,-0.018143981894377475
2020-04-14,283.0,1.0,51475.5,52138.5,-663.0,-0.012716131073966455
2020-04-16,-487.5,1.0,50988.0,52138.5,-1150.5,-0.022066227451882966
2020-04-17,-301.5,1.0,50686.5,52138.5,-1452.0,-0.02784890244253287
2020-04-20,-635.0,1.0,50051.5,52138.5,-2087.0,-0.040028002339921556
2020-04-21,174.5,1.0,50226.0,52138.5,-1912.5,-0.036681147328749386
2020-04-22,165.0,1.0,50391.0,52138.5,-1747.5,-0.03351649932391611
2020-04-23,-349.0,1.0,50042.0,52138.5,-2096.5,-0.04021020934626044
2020-04-27,-309.0,1.0,49733.0,52138.5,-2405.5,-0.046136731973493675
2020-04-28,1162.0,1.0,50895.0,52138.5,-1243.5,-0.02384993814551627
2020-04-29,718.0,1.0,51613.0,52138.5,-525.5,-0.010078924403272054
2020-04-30,-178.5,1.0,51434.5,52138.5,-704.0,-0.013502498153955331
2020-05-01,-542.0,1.0,50892.5,52138.5,-1246.0,-0.02389788735771071
2020-05-04,688.0,1.0,51580.5,52138.5,-558.0,-0.010702264161799821
2020-05-06,-532.0,1.0,51048.5,52138.5,-1090.0,-0.02090585651677743
2020-05-07,-665.0,1.0,50383.5,52138.5,-1755.0,-0.03366034696049944
2020-05-13,-215.0,1.0,50168.5,52138.5,-1970.0,-0.037783979209221594
2020-05-14,-504.0,1.0,49664.5,52138.5,-2474.0,-0.047450540387621434
2020-05-15,203.0,1.0,49867.5,52138.5,-2271.0,-0.04355706435743261
2020-05-18,105.0,1.0,49972.5,52138.5,-2166.0,-0.041543197445265974
2020-05-19,-292.0,1.0,49680.5,52138.5,-2458.0,-0.04714366542957699
2020-05-21,846.0,1.0,50526.5,52138.5,-1612.0,-0.030917652022977263
2020-05-27,0.0,0.0,50526.5,52138.5,-1612.0,-0.030917652022977263
2020-05-28,0.0,0.0,50526.5,52138.5,-1612.0,-0.030917652022977263
2020-05-29,0.0,0.0,50526.5,52138.5,-1612.0,-0.030917652022977263
2020-06-01,0.0,0.0,50526.5,52138.5,-1612.0,-0.030917652022977263
2020-06-03,-107.0,1.0,50419.5,52138.5,-1719.0,-0.03296987830489945
2020-06-08,-128.0,1.0,50291.5,52138.5,-1847.0,-0.03542487796925497
2020-06-09,98.5,1.0,50390.0,52138.5,-1748.5,-0.03353567900879389
2020-06-10,-97.5,1.0,50292.5,52138.5,-1846.0,-0.03540569828437719
2020-06-12,0.0,0.0,50292.5,52138.5,-1846.0,-0.03540569828437719
2020-06-15,475.0,1.0,50767.5,52138.5,-1371.0,-0.026295347967432894
2020-06-16,-165.0,1.0,50602.5,52138.5,-1536.0,-0.029459995972266177
2020-06-17,-508.0,1.0,50094.5,52138.5,-2044.0,-0.03920327589017712
2020-06-18,-301.5,1.0,49793.0,52138.5,-2345.5,-0.044985950880827026
2020-06-22,950.0,1.0,50743.0,52138.5,-1395.5,-0.026765250246938443
2020-06-24,303.0,1.0,51046.0,52138.5,-1092.5,-0.02095380572897187
2020-06-26,237.5,1.0,51283.5,52138.5,-855.0,-0.016398630570499728
2020-06-29,212.0,1.0,51495.5,52138.5,-643.0,-0.012332537376410905
2020-06-30,520.5,1.0,52016.0,52138.5,-122.5,-0.0023495113975277385
2020-07-01,245.0,1.0,52261.0,52261.0,0.0,0.0
2020-07-02,18.0,1.0,52279.0,52279.0,0.0,0.0
2020-07-06,246.0,1.0,52525.0,52525.0,0.0,0.0
2020-07-07,0.0,0.0,52525.0,52525.0,0.0,0.0
2020-07-08,-432.0,1.0,52093.0,52525.0,-432.0,-0.008224654926225606
2020-07-09,0.0,0.0,52093.0,52525.0,-432.0,-0.008224654926225606
2020-07-10,0.0,0.0,52093.0,52525.0,-432.0,-0.008224654926225606
2020-07-13,0.0,0.0,52093.0,52525.0,-432.0,-0.008224654926225606
2020-07-15,0.0,0.0,52093.0,52525.0,-432.0,-0.008224654926225606
2020-07-16,-138.0,1.0,51955.0,52525.0,-570.0,-0.01085197524988101
2020-07-17,-188.5,1.0,51766.5,52525.0,-758.5,-0.014440742503569729
2020-07-20,730.0,1.0,52496.5,52525.0,-28.5,-0.0005425987624940505
2020-07-21,0.0,0.0,52496.5,52525.0,-28.5,-0.0005425987624940505
2020-07-22,-109.0,1.0,52387.5,52525.0,-137.5,-0.002617801047120419
2020-07-23,0.0,0.0,52387.5,52525.0,-137.5,-0.002617801047120419
2020-07-24,68.5,1.0,52456.0,52525.0,-69.0,-0.0013136601618277011
2020-07-27,-718.5,1.0,51737.5,52525.0,-787.5,-0.014992860542598763
2020-07-29,240.0,1.0,51977.5,52525.0,-547.5,-0.01042360780580676
2020-07-30,0.0,0.0,51977.5,52525.0,-547.5,-0.01042360780580676
2020-07-31,0.0,0.0,51977.5,52525.0,-547.5,-0.01042360780580676
2020-08-03,0.0,0.0,51977.5,52525.0,-547.5,-0.01042360780580676
2020-08-04,0.0,0.0,51977.5,52525.0,-547.5,-0.01042360780580676
2020-08-05,0.0,0.0,51977.5,52525.0,-547.5,-0.01042360780580676
2020-08-10,0.0,0.0,51977.5,52525.0,-547.5,-0.01042360780580676
2020-08-11,-565.5,1.0,51412.0,52525.0,-1113.0,-0.021189909566872916
2020-08-12,121.0,1.0,51533.0,52525.0,-992.0,-0.01888624464540695
2020-08-13,-280.0,1.0,51253.0,52525.0,-1272.0,-0.02421703950499762
2020-08-14,-217.5,1.0,51035.5,52525.0,-1489.5,-0.028357924797715373
2020-08-18,-126.0,1.0,50909.5,52525.0,-1615.5,-0.030756782484531175
2020-08-21,253.5,1.0,51163.0,52525.0,-1362.0,-0.02593050928129462
2020-08-24,-34.0,1.0,51129.0,52525.0,-1396.0,-0.026577820085673488
2020-08-25,0.0,0.0,51129.0,52525.0,-1396.0,-0.026577820085673488
2020-08-27,0.0,0.0,51129.0,52525.0,-1396.0,-0.026577820085673488
2020-08-28,-516.0,1.0,50613.0,52525.0,-1912.0,-0.036401713469776296
2020-08-31,180.0,1.0,50793.0,52525.0,-1732.0,-0.032974773917182294
2020-09-01,1158.0,1.0,51951.0,52525.0,-574.0,-0.010928129462160876
2020-09-02,-434.5,1.0,51516.5,52525.0,-1008.5,-0.0192003807710614
2020-09-03,1338.0,1.0,52854.5,52854.5,0.0,0.0
2020-09-09,134.0,1.0,52988.5,52988.5,0.0,0.0
2020-09-10,-601.5,1.0,52387.0,52988.5,-601.5,-0.01135151966936222
2020-09-14,-681.0,1.0,51706.0,52988.5,-1282.5,-0.0242033648810591
2020-09-15,0.0,0.0,51706.0,52988.5,-1282.5,-0.0242033648810591
2020-09-16,0.0,0.0,51706.0,52988.5,-1282.5,-0.0242033648810591
2020-09-17,0.0,0.0,51706.0,52988.5,-1282.5,-0.0242033648810591
2020-09-21,0.0,0.0,51706.0,52988.5,-1282.5,-0.0242033648810591
2020-09-22,0.0,0.0,51706.0,52988.5,-1282.5,-0.0242033648810591
2020-09-23,0.0,0.0,51706.0,52988.5,-1282.5,-0.0242033648810591
2020-09-25,0.0,0.0,51706.0,52988.5,-1282.5,-0.0242033648810591
2020-09-28,0.0,0.0,51706.0,52988.5,-1282.5,-0.0242033648810591
2020-09-29,0.0,0.0,51706.0,52988.5,-1282.5,-0.0242033648810591
2020-09-30,0.0,0.0,51706.0,52988.5,-1282.5,-0.0242033648810591
2020-10-01,-121.5,1.0,51584.5,52988.5,-1404.0,-0.026496315238212064
2020-10-02,0.0,0.0,51584.5,52988.5,-1404.0,-0.026496315238212064
2020-10-05,190.5,1.0,51775.0,52988.5,-1213.5,-0.022901195542429018
2020-10-06,0.0,0.0,51775.0,52988.5,-1213.5,-0.022901195542429018
2020-10-08,-139.0,1.0,51636.0,52988.5,-1352.5,-0.025524406239089612
2020-10-09,155.5,1.0,51791.5,52988.5,-1197.0,-0.022589807222321824
2020-10-13,-267.0,1.0,51524.5,52988.5,-1464.0,-0.02762863640223822
2020-10-14,1119.0,1.0,52643.5,52988.5,-345.0,-0.006510846693150401
2020-10-16,-477.5,1.0,52166.0,52988.5,-822.5,-0.015522235956858563
2020-10-19,978.0,1.0,53144.0,53144.0,0.0,0.0
2020-10-20,-708.0,1.0,52436.0,53144.0,-708.0,-0.013322294144211953
2020-10-21,-39.0,1.0,52397.0,53144.0,-747.0,-0.014056149330121934
2020-10-22,-25.0,1.0,52372.0,53144.0,-772.0,-0.01452656932108987
2020-10-23,-380.0,1.0,51992.0,53144.0,-1152.0,-0.0216769531838025
2020-10-26,-489.0,1.0,51503.0,53144.0,-1641.0,-0.03087836820713533
2020-10-27,-339.0,1.0,51164.0,53144.0,-1980.0,-0.037257263284660544
2020-10-28,205.0,1.0,51369.0,53144.0,-1775.0,-0.033399819358723465
2020-10-29,-697.5,1.0,50671.5,53144.0,-2472.5,-0.04652453710672889
2020-10-30,199.0,1.0,50870.5,53144.0,-2273.5,-0.042779993978624115
2020-11-02,130.5,1.0,51001.0,53144.0,-2143.0,-0.040324401625771486
2020-11-03,1272.0,1.0,52273.0,53144.0,-871.0,-0.016389432485322895
2020-11-05,-723.0,1.0,51550.0,53144.0,-1594.0,-0.02999397862411561
2020-11-06,56.5,1.0,51606.5,53144.0,-1537.5,-0.028930829444528076
2020-11-10,-92.0,1.0,51514.5,53144.0,-1629.5,-0.03066197501129008
2020-11-11,95.5,1.0,51610.0,53144.0,-1534.0,-0.028864970645792562
2020-11-12,-370.0,1.0,51240.0,53144.0,-1904.0,-0.03582718651211802
2020-11-13,-562.5,1.0,50677.5,53144.0,-2466.5,-0.04641163630889658
2020-11-16,44.0,1.0,50721.5,53144.0,-2422.5,-0.045583697124793016
2020-11-19,265.5,1.0,50987.0,53144.0,-2157.0,-0.040587836820713534
2020-11-23,1434.0,1.0,52421.0,53144.0,-723.0,-0.013604546138792714
2020-11-24,1424.0,1.0,53845.0,53845.0,0.0,0.0
2020-11-25,-110.5,1.0,53734.5,53845.0,-110.5,-0.002052186832574984
2020-11-27,73.0,1.0,53807.5,53845.0,-37.5,-0.0006964434952177546
2020-11-30,0.0,0.0,53807.5,53845.0,-37.5,-0.0006964434952177546
2020-12-01,454.0,1.0,54261.5,54261.5,0.0,0.0
2020-12-02,247.0,1.0,54508.5,54508.5,0.0,0.0
2020-12-03,-515.0,1.0,53993.5,54508.5,-515.0,-0.009448067732555474
2020-12-07,-3.5,1.0,53990.0,54508.5,-518.5,-0.009512277901611675
2020-12-10,0.5,1.0,53990.5,54508.5,-518.0,-0.009503105020317933
2020-12-11,-339.0,1.0,53651.5,54508.5,-857.0,-0.015722318537475806
2020-12-14,-211.0,1.0,53440.5,54508.5,-1068.0,-0.019593274443435428
2020-12-21,-397.0,1.0,53043.5,54508.5,-1465.0,-0.02687654219066751
2020-12-22,-290.0,1.0,52753.5,54508.5,-1755.0,-0.032196813341038556
2020-12-29,7.5,1.0,52761.0,54508.5,-1747.5,-0.032059220121632405
2020-12-30,65.0,1.0,52826.0,54508.5,-1682.5,-0.030866745553445794
2021-01-04,1392.0,1.0,54218.0,54508.5,-290.5,-0.005329444031664786
2021-01-05,-498.0,1.0,53720.0,54508.5,-788.5,-0.014465633800232991
2021-01-06,-168.0,1.0,53552.0,54508.5,-956.5,-0.0175477219149307
2021-01-07,490.5,1.0,54042.5,54508.5,-466.0,-0.008549125365768642
2021-01-08,0.0,0.0,54042.5,54508.5,-466.0,-0.008549125365768642
2021-01-11,-197.0,1.0,53845.5,54508.5,-663.0,-0.012163240595503454
2021-01-13,70.0,1.0,53915.5,54508.5,-593.0,-0.01087903721437941
2021-01-15,1386.0,1.0,55301.5,55301.5,0.0,0.0
2021-01-20,1292.0,1.0,56593.5,56593.5,0.0,0.0
2021-01-21,184.0,1.0,56777.5,56777.5,0.0,0.0
2021-01-25,714.0,1.0,57491.5,57491.5,0.0,0.0
2021-01-26,-100.0,1.0,57391.5,57491.5,-100.0,-0.0017393875616395467
2021-01-27,0.0,0.0,57391.5,57491.5,-100.0,-0.0017393875616395467
2021-01-28,-520.0,1.0,56871.5,57491.5,-620.0,-0.01078420288216519
2021-01-29,-302.5,1.0,56569.0,57491.5,-922.5,-0.01604585025612482
2021-02-01,236.5,1.0,56805.5,57491.5,-686.0,-0.01193219867284729
2021-02-02,27.0,1.0,56832.5,57491.5,-659.0,-0.011462564031204613
2021-02-03,436.0,1.0,57268.5,57491.5,-223.0,-0.003878834262456189
2021-02-04,0.0,0.0,57268.5,57491.5,-223.0,-0.003878834262456189
2021-02-05,-130.0,1.0,57138.5,57491.5,-353.0,-0.0061400380925875995
2021-02-08,-178.0,1.0,56960.5,57491.5,-531.0,-0.009236147952305993
2021-02-09,-53.5,1.0,56907.0,57491.5,-584.5,-0.010166720297783151
2021-02-10,196.0,1.0,57103.0,57491.5,-388.5,-0.006757520676969639
2021-02-16,-367.5,1.0,56735.5,57491.5,-756.0,-0.013149769965994974
2021-02-18,-433.5,1.0,56302.0,57491.5,-1189.5,-0.02069001504570241
2021-02-19,504.0,1.0,56806.0,57491.5,-685.5,-0.011923501735039093
2021-02-22,932.0,1.0,57738.0,57738.0,0.0,0.0
2021-02-23,0.0,0.0,57738.0,57738.0,0.0,0.0
2021-02-25,0.0,0.0,57738.0,57738.0,0.0,0.0
2021-03-01,622.0,1.0,58360.0,58360.0,0.0,0.0
2021-03-02,187.5,1.0,58547.5,58547.5,0.0,0.0
2021-03-03,644.0,1.0,59191.5,59191.5,0.0,0.0
2021-03-09,112.5,1.0,59304.0,59304.0,0.0,0.0
2021-03-10,0.0,0.0,59304.0,59304.0,0.0,0.0
2021-03-11,-694.0,1.0,58610.0,59304.0,-694.0,-0.011702414676918927
2021-03-12,-230.5,1.0,58379.5,59304.0,-924.5,-0.015589167678402805
2021-03-15,-179.0,1.0,58200.5,59304.0,-1103.5,-0.01860751382706057
2021-03-16,0.0,0.0,58200.5,59304.0,-1103.5,-0.01860751382706057
2021-03-17,884.0,1.0,59084.5,59304.0,-219.5,-0.003701268042627816
2021-03-18,0.0,0.0,59084.5,59304.0,-219.5,-0.003701268042627816
2021-03-22,108.0,1.0,59192.5,59304.0,-111.5,-0.001880142992041009
2021-03-23,-155.5,1.0,59037.0,59304.0,-267.0,-0.004502225819506273
2021-03-24,0.0,0.0,59037.0,59304.0,-267.0,-0.004502225819506273
2021-03-25,0.0,0.0,59037.0,59304.0,-267.0,-0.004502225819506273
2021-03-26,0.0,0.0,59037.0,59304.0,-267.0,-0.004502225819506273
2021-03-29,0.0,0.0,59037.0,59304.0,-267.0,-0.004502225819506273
2021-03-30,0.0,0.0,59037.0,59304.0,-267.0,-0.004502225819506273
2021-03-31,0.0,0.0,59037.0,59304.0,-267.0,-0.004502225819506273
2021-04-01,22.5,1.0,59059.5,59304.0,-244.5,-0.004122824767300688
2021-04-05,182.5,1.0,59242.0,59304.0,-62.0,-0.0010454606771887224
2021-04-06,0.0,0.0,59242.0,59304.0,-62.0,-0.0010454606771887224
2021-04-07,0.0,0.0,59242.0,59304.0,-62.0,-0.0010454606771887224
2021-04-08,0.0,0.0,59242.0,59304.0,-62.0,-0.0010454606771887224
2021-04-09,0.0,0.0,59242.0,59304.0,-62.0,-0.0010454606771887224
2021-04-14,0.0,0.0,59242.0,59304.0,-62.0,-0.0010454606771887224
2021-04-15,63.5,1.0,59305.5,59305.5,0.0,0.0
2021-04-19,0.0,0.0,59305.5,59305.5,0.0,0.0
2021-04-20,806.0,1.0,60111.5,60111.5,0.0,0.0
2021-04-21,532.5,1.0,60644.0,60644.0,0.0,0.0
2021-04-22,-262.0,1.0,60382.0,60644.0,-262.0,-0.004320295495020118
2021-04-23,1270.0,1.0,61652.0,61652.0,0.0,0.0
2021-04-27,0.0,0.0,61652.0,61652.0,0.0,0.0
2021-04-29,0.0,0.0,61652.0,61652.0,0.0,0.0
2021-04-30,-144.5,1.0,61507.5,61652.0,-144.5,-0.002343800687731136
2021-05-03,-454.5,1.0,61053.0,61652.0,-599.0,-0.009715824304158826
2021-05-04,-18.5,1.0,61034.5,61652.0,-617.5,-0.010015895672484267
2021-05-06,-376.0,1.0,60658.5,61652.0,-993.5,-0.01611464348277428
2021-05-07,-90.0,1.0,60568.5,61652.0,-1083.5,-0.017574450139492635
2021-05-10,1194.0,1.0,61762.5,61762.5,0.0,0.0
2021-05-12,212.0,1.0,61974.5,61974.5,0.0,0.0
2021-05-13,-568.5,1.0,61406.0,61974.5,-568.5,-0.00917312765734294
2021-05-14,502.0,1.0,61908.0,61974.5,-66.5,-0.0010730219687129384
2021-05-17,-750.0,1.0,61158.0,61974.5,-816.5,-0.01317477349555059
2021-05-18,-270.0,1.0,60888.0,61974.5,-1086.5,-0.017531404045212143
2021-05-19,302.0,1.0,61190.0,61974.5,-784.5,-0.012658432097072183
2021-05-21,480.0,1.0,61670.0,61974.5,-304.5,-0.004913311119896086
2021-05-24,280.5,1.0,61950.5,61974.5,-24.0,-0.00038725604885880485
2021-05-26,-310.5,1.0,61640.0,61974.5,-334.5,-0.005397381180969592
2021-05-27,-225.0,1.0,61415.0,61974.5,-559.5,-0.009027906639020887
2021-06-01,0.0,0.0,61415.0,61974.5,-559.5,-0.009027906639020887
2021-06-03,-330.0,1.0,61085.0,61974.5,-889.5,-0.014352677310829454
2021-06-04,112.5,1.0,61197.5,61974.5,-777.0,-0.012537414581803807
2021-06-07,-312.0,1.0,60885.5,61974.5,-1089.0,-0.01757174321696827
2021-06-08,66.0,1.0,60951.5,61974.5,-1023.0,-0.016506789082606554
2021-06-09,87.0,1.0,61038.5,61974.5,-936.0,-0.015102985905493388
2021-06-15,423.0,1.0,61461.5,61974.5,-513.0,-0.008277598044356953
2021-06-17,246.0,1.0,61707.5,61974.5,-267.0,-0.004308223543554204
2021-06-21,116.0,1.0,61823.5,61974.5,-151.0,-0.0024364859740699804
2021-06-22,301.0,1.0,62124.5,62124.5,0.0,0.0
2021-06-25,-136.0,1.0,61988.5,62124.5,-136.0,-0.002189152427786139
2021-06-28,442.5,1.0,62431.0,62431.0,0.0,0.0
2021-07-07,87.5,1.0,62518.5,62518.5,0.0,0.0
2021-07-08,385.5,1.0,62904.0,62904.0,0.0,0.0
2021-07-09,472.5,1.0,63376.5,63376.5,0.0,0.0
2021-07-12,-406.5,1.0,62970.0,63376.5,-406.5,-0.006414049371612506
2021-07-13,-549.0,1.0,62421.0,63376.5,-955.5,-0.015076566235118695
2021-07-14,-478.0,1.0,61943.0,63376.5,-1433.5,-0.022618794032488385
2021-07-15,-7.5,1.0,61935.5,63376.5,-1441.0,-0.022737134426798578
2021-07-16,1165.0,1.0,63100.5,63376.5,-276.0,-0.004354926510615134
2021-07-19,-472.0,1.0,62628.5,63376.5,-748.0,-0.011802481992536666
2021-07-20,163.5,1.0,62792.0,63376.5,-584.5,-0.00922266139657444
2021-07-22,440.0,1.0,63232.0,63376.5,-144.5,-0.002280024930376401
2021-07-26,48.0,1.0,63280.0,63376.5,-96.5,-0.0015226464067911608
2021-07-27,1086.0,1.0,64366.0,64366.0,0.0,0.0
2021-07-28,-65.5,1.0,64300.5,64366.0,-65.5,-0.0010176179970792032
2021-07-30,8.0,1.0,64308.5,64366.0,-57.5,-0.000893328776061896
2021-08-03,-488.0,1.0,63820.5,64366.0,-545.5,-0.00847497125811764
2021-08-04,-254.0,1.0,63566.5,64366.0,-799.5,-0.012421154025417146
2021-08-06,15.0,1.0,63581.5,64366.0,-784.5,-0.012188111736009694
2021-08-11,112.5,1.0,63694.0,64366.0,-672.0,-0.010440294565453812
2021-08-12,261.0,1.0,63955.0,64366.0,-411.0,-0.006385358729764161
2021-08-16,-394.0,1.0,63561.0,64366.0,-805.0,-0.012506602864866545
2021-08-17,-191.0,1.0,63370.0,64366.0,-996.0,-0.015474008016654755
2021-08-19,514.5,1.0,63884.5,64366.0,-481.5,-0.007480657489979181
2021-08-20,274.0,1.0,64158.5,64366.0,-207.5,-0.0032237516701364073
2021-08-23,588.0,1.0,64746.5,64746.5,0.0,0.0
2021-08-24,28.0,1.0,64774.5,64774.5,0.0,0.0
2021-08-27,361.5,1.0,65136.0,65136.0,0.0,0.0
2021-09-03,0.0,0.0,65136.0,65136.0,0.0,0.0
2021-09-07,-120.0,1.0,65016.0,65136.0,-120.0,-0.0018422991893883567
2021-09-13,-65.0,1.0,64951.0,65136.0,-185.0,-0.00284021125030705
2021-09-14,51.0,1.0,65002.0,65136.0,-134.0,-0.0020572340948169982
2021-09-15,-709.5,1.0,64292.5,65136.0,-843.5,-0.012949828052075656
2021-09-16,-354.0,1.0,63938.5,65136.0,-1197.5,-0.01838461066077131
2021-09-20,52.5,1.0,63991.0,65136.0,-1145.0,-0.017578604765413904
2021-09-21,-33.0,1.0,63958.0,65136.0,-1178.0,-0.018085237042495702
2021-09-22,524.0,1.0,64482.0,65136.0,-654.0,-0.010040530582166543
2021-09-23,-3.0,1.0,64479.0,65136.0,-657.0,-0.010086588061901252
2021-09-24,119.0,1.0,64598.0,65136.0,-538.0,-0.008259641365757799
2021-09-27,0.0,0.0,64598.0,65136.0,-538.0,-0.008259641365757799
2021-09-28,0.0,0.0,64598.0,65136.0,-538.0,-0.008259641365757799
2021-09-29,57.0,1.0,64655.0,65136.0,-481.0,-0.00738454925079833
2021-09-30,918.0,1.0,65573.0,65573.0,0.0,0.0
2021-10-01,-331.0,1.0,65242.0,65573.0,-331.0,-0.005047809311759413
2021-10-04,129.5,1.0,65371.5,65573.0,-201.5,-0.0030729111067055036
2021-10-05,114.5,1.0,65486.0,65573.0,-87.0,-0.0013267655894956766
2021-10-06,0.0,0.0,65486.0,65573.0,-87.0,-0.0013267655894956766
2021-10-07,0.0,0.0,65486.0,65573.0,-87.0,-0.0013267655894956766
2021-10-08,0.0,0.0,65486.0,65573.0,-87.0,-0.0013267655894956766
2021-10-11,0.0,0.0,65486.0,65573.0,-87.0,-0.0013267655894956766
2021-10-12,0.0,0.0,65486.0,65573.0,-87.0,-0.0013267655894956766
2021-10-13,0.0,0.0,65486.0,65573.0,-87.0,-0.0013267655894956766
2021-10-14,145.0,1.0,65631.0,65631.0,0.0,0.0
2021-10-18,0.0,0.0,65631.0,65631.0,0.0,0.0
2021-10-20,-104.0,1.0,65527.0,65631.0,-104.0,-0.0015846170254910027
2021-10-22,0.0,0.0,65527.0,65631.0,-104.0,-0.0015846170254910027
2021-10-26,0.0,0.0,65527.0,65631.0,-104.0,-0.0015846170254910027
2021-10-27,0.0,0.0,65527.0,65631.0,-104.0,-0.0015846170254910027
2021-10-28,-494.0,1.0,65033.0,65631.0,-598.0,-0.009111547896573266
2021-10-29,270.0,1.0,65303.0,65631.0,-328.0,-0.004997638311163932
2021-11-01,0.0,0.0,65303.0,65631.0,-328.0,-0.004997638311163932
2021-11-03,-121.0,1.0,65182.0,65631.0,-449.0,-0.006841279273514041
2021-11-04,0.0,0.0,65182.0,65631.0,-449.0,-0.006841279273514041
2021-11-08,-120.0,1.0,65062.0,65631.0,-569.0,-0.008669683533695967
2021-11-09,0.0,0.0,65062.0,65631.0,-569.0,-0.008669683533695967
2021-11-10,-573.0,1.0,64489.0,65631.0,-1142.0,-0.017400313876064666
2021-11-11,186.0,1.0,64675.0,65631.0,-956.0,-0.014566287272782679
2021-11-12,423.0,1.0,65098.0,65631.0,-533.0,-0.00812116225564139
2021-11-15,-25.0,1.0,65073.0,65631.0,-558.0,-0.008502079809845957
2021-11-16,77.0,1.0,65150.0,65631.0,-481.0,-0.007328853742895888
2021-11-17,-118.5,1.0,65031.5,65631.0,-599.5,-0.00913440294982554
2021-11-18,-448.5,1.0,64583.0,65631.0,-1048.0,-0.015968063872255488
2021-11-22,-436.0,1.0,64147.0,65631.0,-1484.0,-0.022611266017583155
2021-11-23,-42.5,1.0,64104.5,65631.0,-1526.5,-0.02325882585973092
2021-11-24,488.0,1.0,64592.5,65631.0,-1038.5,-0.015823315201657754
2021-11-29,492.0,1.0,65084.5,65631.0,-546.5,-0.008326857734911855
2021-11-30,-664.5,1.0,64420.0,65631.0,-1211.0,-0.01845164632566927
2021-12-01,-534.0,1.0,63886.0,65631.0,-1745.0,-0.026588045283478842
2021-12-07,185.0,1.0,64071.0,65631.0,-1560.0,-0.023769255382365042
2021-12-09,754.0,1.0,64825.0,65631.0,-806.0,-0.012280781947555271
2021-12-10,-291.0,1.0,64534.0,65631.0,-1097.0,-0.016714662278496443
2021-12-13,957.0,1.0,65491.0,65631.0,-140.0,-0.0021331383035455807
2021-12-14,-145.5,1.0,65345.5,65631.0,-285.5,-0.0043500784690161665
2021-12-15,-222.5,1.0,65123.0,65631.0,-508.0,-0.007740244701436821
2021-12-16,710.0,1.0,65833.0,65833.0,0.0,0.0
2021-12-20,-254.5,1.0,65578.5,65833.0,-254.5,-0.003865842358695487
2021-12-21,-561.0,1.0,65017.5,65833.0,-815.5,-0.012387404493187308
2021-12-22,400.0,1.0,65417.5,65833.0,-415.5,-0.006311424361642337
2021-12-23,324.0,1.0,65741.5,65833.0,-91.5,-0.0013898804550909118
2021-12-27,654.0,1.0,66395.5,66395.5,0.0,0.0
2021-12-28,27.0,1.0,66422.5,66422.5,0.0,0.0
2021-12-29,-162.5,1.0,66260.0,66422.5,-162.5,-0.002446460160337235
2021-12-30,-311.0,1.0,65949.0,66422.5,-473.5,-0.007128608528736497
2021-12-31,41.0,1.0,65990.0,66422.5,-432.5,-0.006511347811359103
2022-01-04,1352.0,1.0,67342.0,67342.0,0.0,0.0
2022-01-07,313.0,1.0,67655.0,67655.0,0.0,0.0
2022-01-12,-236.5,1.0,67418.5,67655.0,-236.5,-0.0034956765944867342
2022-01-13,1320.0,1.0,68738.5,68738.5,0.0,0.0
2022-01-14,0.0,0.0,68738.5,68738.5,0.0,0.0
2022-01-19,378.5,1.0,69117.0,69117.0,0.0,0.0
2022-01-20,-516.0,1.0,68601.0,69117.0,-516.0,-0.007465601805633925
2022-01-31,468.5,1.0,69069.5,69117.0,-47.5,-0.0006872404762938207
2022-02-02,-345.0,1.0,68724.5,69117.0,-392.5,-0.005678776567269991
2022-02-07,297.0,1.0,69021.5,69117.0,-95.5,-0.0013817150628644183
2022-02-09,-564.0,1.0,68457.5,69117.0,-659.5,-0.009541791455068942
2022-02-10,-442.0,1.0,68015.5,69117.0,-1101.5,-0.01593674493973986
2022-02-14,-631.0,1.0,67384.5,69117.0,-1732.5,-0.02506619210903251
2022-02-15,-331.0,1.0,67053.5,69117.0,-2063.5,-0.029855173112258923
2022-02-17,404.5,1.0,67458.0,69117.0,-1659.0,-0.024002777898346282
2022-02-18,230.0,1.0,67688.0,69117.0,-1429.0,-0.020675087171028835
2022-02-22,0.0,0.0,67688.0,69117.0,-1429.0,-0.020675087171028835
2022-02-28,0.0,0.0,67688.0,69117.0,-1429.0,-0.020675087171028835
2022-03-02,-282.5,1.0,67405.5,69117.0,-1711.5,-0.024762359477407875
2022-03-03,1052.0,1.0,68457.5,69117.0,-659.5,-0.009541791455068942
2022-03-04,5.0,1.0,68462.5,69117.0,-654.5,-0.00946945035230117
2022-03-10,-705.0,1.0,67757.5,69117.0,-1359.5,-0.019669545842556823
2022-03-11,448.0,1.0,68205.5,69117.0,-911.5,-0.013187783034564578
2022-03-15,1034.0,1.0,69239.5,69239.5,0.0,0.0
2022-03-16,-566.0,1.0,68673.5,69239.5,-566.0,-0.008174524657168235
2022-03-17,0.0,0.0,68673.5,69239.5,-566.0,-0.008174524657168235
2022-03-21,0.0,0.0,68673.5,69239.5,-566.0,-0.008174524657168235
2022-03-22,0.0,0.0,68673.5,69239.5,-566.0,-0.008174524657168235
2022-03-23,0.0,0.0,68673.5,69239.5,-566.0,-0.008174524657168235
2022-03-24,0.0,0.0,68673.5,69239.5,-566.0,-0.008174524657168235
2022-03-25,-171.5,1.0,68502.0,69239.5,-737.5,-0.010651434513536348
2022-03-28,0.0,0.0,68502.0,69239.5,-737.5,-0.010651434513536348
2022-03-29,0.0,0.0,68502.0,69239.5,-737.5,-0.010651434513536348
2022-03-30,0.0,0.0,68502.0,69239.5,-737.5,-0.010651434513536348
2022-03-31,0.0,0.0,68502.0,69239.5,-737.5,-0.010651434513536348
2022-04-01,0.0,0.0,68502.0,69239.5,-737.5,-0.010651434513536348
2022-04-04,0.0,0.0,68502.0,69239.5,-737.5,-0.010651434513536348
2022-04-05,0.0,0.0,68502.0,69239.5,-737.5,-0.010651434513536348
2022-04-06,-310.0,1.0,68192.0,69239.5,-1047.5,-0.015128647664988915
2022-04-08,0.0,0.0,68192.0,69239.5,-1047.5,-0.015128647664988915
2022-04-11,0.0,0.0,68192.0,69239.5,-1047.5,-0.015128647664988915
2022-04-12,-314.5,1.0,67877.5,69239.5,-1362.0,-0.01967085262025289
2022-04-13,259.5,1.0,68137.0,69239.5,-1102.5,-0.015922991933795014
2022-04-14,0.0,0.0,68137.0,69239.5,-1102.5,-0.015922991933795014
2022-04-18,0.0,0.0,68137.0,69239.5,-1102.5,-0.015922991933795014
2022-04-20,0.0,0.0,68137.0,69239.5,-1102.5,-0.015922991933795014
2022-04-21,0.0,0.0,68137.0,69239.5,-1102.5,-0.015922991933795014
2022-04-26,860.0,1.0,68997.0,69239.5,-242.5,-0.0035023360942814433
2022-05-04,-445.0,1.0,68552.0,69239.5,-687.5,-0.009929303360076257
2022-05-05,0.0,0.0,68552.0,69239.5,-687.5,-0.009929303360076257
2022-05-11,0.0,0.0,68552.0,69239.5,-687.5,-0.009929303360076257
2022-05-17,0.0,0.0,68552.0,69239.5,-687.5,-0.009929303360076257
2022-05-18,0.0,0.0,68552.0,69239.5,-687.5,-0.009929303360076257
2022-05-24,0.0,0.0,68552.0,69239.5,-687.5,-0.009929303360076257
2022-05-25,0.0,0.0,68552.0,69239.5,-687.5,-0.009929303360076257
2022-05-26,0.0,0.0,68552.0,69239.5,-687.5,-0.009929303360076257
2022-05-27,0.0,0.0,68552.0,69239.5,-687.5,-0.009929303360076257
2022-06-03,0.0,0.0,68552.0,69239.5,-687.5,-0.009929303360076257
2022-06-06,0.0,0.0,68552.0,69239.5,-687.5,-0.009929303360076257
2022-06-07,0.0,0.0,68552.0,69239.5,-687.5,-0.009929303360076257
2022-06-08,0.0,0.0,68552.0,69239.5,-687.5,-0.009929303360076257
2022-06-09,0.0,0.0,68552.0,69239.5,-687.5,-0.009929303360076257
2022-06-14,-333.5,1.0,68218.5,69239.5,-1021.0,-0.014745918153655066
2022-06-15,-750.0,1.0,67468.5,69239.5,-1771.0,-0.025577885455556438
2022-06-21,-328.5,1.0,67140.0,69239.5,-2099.5,-0.03032228713378924
2022-06-22,-247.0,1.0,66893.0,69239.5,-2346.5,-0.03388961503188209
2022-06-23,0.0,0.0,66893.0,69239.5,-2346.5,-0.03388961503188209
2022-06-24,0.0,0.0,66893.0,69239.5,-2346.5,-0.03388961503188209
2022-06-27,0.0,0.0,66893.0,69239.5,-2346.5,-0.03388961503188209
2022-06-28,0.0,0.0,66893.0,69239.5,-2346.5,-0.03388961503188209
2022-06-30,0.0,0.0,66893.0,69239.5,-2346.5,-0.03388961503188209
2022-07-01,0.0,0.0,66893.0,69239.5,-2346.5,-0.03388961503188209
2022-07-05,0.0,0.0,66893.0,69239.5,-2346.5,-0.03388961503188209
2022-07-06,0.0,0.0,66893.0,69239.5,-2346.5,-0.03388961503188209
2022-07-07,0.0,0.0,66893.0,69239.5,-2346.5,-0.03388961503188209
2022-07-08,0.0,0.0,66893.0,69239.5,-2346.5,-0.03388961503188209
2022-07-12,0.0,0.0,66893.0,69239.5,-2346.5,-0.03388961503188209
2022-07-14,0.0,0.0,66893.0,69239.5,-2346.5,-0.03388961503188209
2022-07-15,0.0,0.0,66893.0,69239.5,-2346.5,-0.03388961503188209
2022-07-19,1444.0,1.0,68337.0,69239.5,-902.5,-0.01303446731995465
2022-07-20,0.0,0.0,68337.0,69239.5,-902.5,-0.01303446731995465
2022-07-22,0.0,0.0,68337.0,69239.5,-902.5,-0.01303446731995465
2022-07-25,0.0,0.0,68337.0,69239.5,-902.5,-0.01303446731995465
2022-07-26,0.0,0.0,68337.0,69239.5,-902.5,-0.01303446731995465
2022-07-27,0.0,0.0,68337.0,69239.5,-902.5,-0.01303446731995465
2022-07-28,0.0,0.0,68337.0,69239.5,-902.5,-0.01303446731995465
2022-07-29,0.0,0.0,68337.0,69239.5,-902.5,-0.01303446731995465
2022-08-01,0.0,0.0,68337.0,69239.5,-902.5,-0.01303446731995465
2022-08-02,0.0,0.0,68337.0,69239.5,-902.5,-0.01303446731995465
2022-08-03,239.0,1.0,68576.0,69239.5,-663.5,-0.009582680406415413
2022-08-04,0.0,0.0,68576.0,69239.5,-663.5,-0.009582680406415413
2022-08-05,0.0,0.0,68576.0,69239.5,-663.5,-0.009582680406415413
2022-08-08,0.0,0.0,68576.0,69239.5,-663.5,-0.009582680406415413
2022-08-09,0.0,0.0,68576.0,69239.5,-663.5,-0.009582680406415413
2022-08-10,123.0,1.0,68699.0,69239.5,-540.5,-0.007806237768903588
2022-08-11,-524.0,1.0,68175.0,69239.5,-1064.5,-0.015374172257165346
2022-08-12,775.5,1.0,68950.5,69239.5,-289.0,-0.004173918066999328
2022-08-16,-529.5,1.0,68421.0,69239.5,-818.5,-0.011821286982141696
2022-08-17,-342.0,1.0,68079.0,69239.5,-1160.5,-0.01676066407180872
2022-08-18,-454.5,1.0,67624.5,69239.5,-1615.0,-0.023324836256760954
2022-08-19,0.0,0.0,67624.5,69239.5,-1615.0,-0.023324836256760954
2022-08-22,348.0,1.0,67972.5,69239.5,-1267.0,-0.018298803428678716
2022-08-23,-522.0,1.0,67450.5,69239.5,-1789.0,-0.02583785267080207
2022-08-24,55.5,1.0,67506.0,69239.5,-1733.5,-0.02503628709046137
2022-08-25,0.0,0.0,67506.0,69239.5,-1733.5,-0.02503628709046137
2022-08-26,0.0,0.0,67506.0,69239.5,-1733.5,-0.02503628709046137
2022-08-29,-57.0,1.0,67449.0,69239.5,-1790.5,-0.025859516605405874
2022-08-30,153.0,1.0,67602.0,69239.5,-1637.5,-0.023649795275817995
2022-08-31,1024.0,1.0,68626.0,69239.5,-613.5,-0.008860549252955322
2022-09-01,-417.0,1.0,68209.0,69239.5,-1030.5,-0.014883123072812485
2022-09-02,-515.0,1.0,67694.0,69239.5,-1545.5,-0.022321073953451426
2022-09-06,-69.0,1.0,67625.0,69239.5,-1614.5,-0.023317614945226352
2022-09-07,700.5,1.0,68325.5,69239.5,-914.0,-0.013200557485250472
2022-09-08,102.0,1.0,68427.5,69239.5,-812.0,-0.011727409932191884
2022-09-09,0.0,0.0,68427.5,69239.5,-812.0,-0.011727409932191884
2022-09-12,0.0,0.0,68427.5,69239.5,-812.0,-0.011727409932191884
2022-09-13,0.0,0.0,68427.5,69239.5,-812.0,-0.011727409932191884
2022-09-14,-254.0,1.0,68173.5,69239.5,-1066.0,-0.015395836191769149
2022-09-15,-469.0,1.0,67704.5,69239.5,-1535.0,-0.022169426411224807
2022-09-19,372.0,1.0,68076.5,69239.5,-1163.0,-0.016796770629481726
2022-09-20,-295.0,1.0,67781.5,69239.5,-1458.0,-0.021057344434896267
2022-09-22,-231.5,1.0,67550.0,69239.5,-1689.5,-0.024400811675416488
2022-09-23,-69.5,1.0,67480.5,69239.5,-1759.0,-0.025404573978726017
2022-09-26,-680.0,1.0,66800.5,69239.5,-2439.0,-0.03522555766578326
2022-09-27,956.0,1.0,67756.5,69239.5,-1483.0,-0.02141841001162631
2022-09-29,-51.0,1.0,67705.5,69239.5,-1534.0,-0.022154983788155606
2022-09-30,-257.5,1.0,67448.0,69239.5,-1791.5,-0.025873959228475074
2022-10-03,758.0,1.0,68206.0,69239.5,-1033.5,-0.01492645094202009
2022-10-04,7.0,1.0,68213.0,69239.5,-1026.5,-0.014825352580535677
2022-10-05,-507.0,1.0,67706.0,69239.5,-1533.5,-0.022147762476621004
2022-10-06,60.0,1.0,67766.0,69239.5,-1473.5,-0.021281205092468895
2022-10-07,224.5,1.0,67990.5,69239.5,-1249.0,-0.018038836213433083
2022-10-10,52.0,1.0,68042.5,69239.5,-1197.0,-0.01728781981383459
2022-10-11,-527.0,1.0,67515.5,69239.5,-1724.0,-0.024899082171303953
2022-10-13,751.0,1.0,68266.5,69239.5,-973.0,-0.01405267224633338
2022-10-17,-49.0,1.0,68217.5,69239.5,-1022.0,-0.014760360776724268
2022-10-18,147.5,1.0,68365.0,69239.5,-874.5,-0.012630073874017
2022-10-19,-236.0,1.0,68129.0,69239.5,-1110.5,-0.01603853291834863
2022-10-20,-603.0,1.0,67526.0,69239.5,-1713.5,-0.024747434629077334
2022-10-25,0.0,0.0,67526.0,69239.5,-1713.5,-0.024747434629077334
2022-10-26,0.0,0.0,67526.0,69239.5,-1713.5,-0.024747434629077334
2022-10-27,0.0,0.0,67526.0,69239.5,-1713.5,-0.024747434629077334
2022-10-28,0.0,0.0,67526.0,69239.5,-1713.5,-0.024747434629077334
2022-10-31,0.0,0.0,67526.0,69239.5,-1713.5,-0.024747434629077334
2022-11-01,0.0,0.0,67526.0,69239.5,-1713.5,-0.024747434629077334
2022-11-02,0.0,0.0,67526.0,69239.5,-1713.5,-0.024747434629077334
2022-11-03,0.0,0.0,67526.0,69239.5,-1713.5,-0.024747434629077334
2022-11-04,0.0,0.0,67526.0,69239.5,-1713.5,-0.024747434629077334
2022-11-08,-164.5,1.0,67361.5,69239.5,-1878.0,-0.027123246123961033
2022-11-09,0.0,0.0,67361.5,69239.5,-1878.0,-0.027123246123961033
2022-11-10,0.0,0.0,67361.5,69239.5,-1878.0,-0.027123246123961033
2022-11-14,0.0,0.0,67361.5,69239.5,-1878.0,-0.027123246123961033
2022-11-15,0.0,0.0,67361.5,69239.5,-1878.0,-0.027123246123961033
2022-11-16,-7.5,1.0,67354.0,69239.5,-1885.5,-0.027231565796980047
2022-11-17,0.0,0.0,67354.0,69239.5,-1885.5,-0.027231565796980047
2022-11-18,0.0,0.0,67354.0,69239.5,-1885.5,-0.027231565796980047
2022-11-21,0.0,0.0,67354.0,69239.5,-1885.5,-0.027231565796980047
2022-11-22,0.0,0.0,67354.0,69239.5,-1885.5,-0.027231565796980047
2022-11-23,0.0,0.0,67354.0,69239.5,-1885.5,-0.027231565796980047
2022-11-28,0.0,0.0,67354.0,69239.5,-1885.5,-0.027231565796980047
2022-11-29,-264.0,1.0,67090.0,69239.5,-2149.5,-0.03104441828724933
2022-11-30,-278.0,1.0,66812.0,69239.5,-2427.5,-0.03505946750048744
2022-12-01,0.0,0.0,66812.0,69239.5,-2427.5,-0.03505946750048744
2022-12-02,154.5,1.0,66966.5,69239.5,-2273.0,-0.032828082236295755
2022-12-05,0.0,0.0,66966.5,69239.5,-2273.0,-0.032828082236295755
2022-12-06,183.0,1.0,67149.5,69239.5,-2090.0,-0.03018508221463182
2022-12-07,-132.5,1.0,67017.0,69239.5,-2222.5,-0.032098729771301064
2022-12-08,65.0,1.0,67082.0,69239.5,-2157.5,-0.031159959271802946
2022-12-09,-194.5,1.0,66887.5,69239.5,-2352.0,-0.0339690494587627
2022-12-12,-424.5,1.0,66463.0,69239.5,-2776.5,-0.04009994295163888
2022-12-13,289.5,1.0,66752.5,69239.5,-2487.0,-0.035918803573104945
2022-12-14,-196.0,1.0,66556.5,69239.5,-2683.0,-0.03874955769466851
2022-12-15,331.0,1.0,66887.5,69239.5,-2352.0,-0.0339690494587627
2022-12-19,277.5,1.0,67165.0,69239.5,-2074.5,-0.029961221557059194
2022-12-20,-24.0,1.0,67141.0,69239.5,-2098.5,-0.030307844510720036
2022-12-21,196.0,1.0,67337.0,69239.5,-1902.5,-0.027477090389156477
2022-12-22,0.0,0.0,67337.0,69239.5,-1902.5,-0.027477090389156477
2022-12-23,20.0,1.0,67357.0,69239.5,-1882.5,-0.027188237927772443
2022-12-27,0.0,0.0,67357.0,69239.5,-1882.5,-0.027188237927772443
2022-12-28,0.0,0.0,67357.0,69239.5,-1882.5,-0.027188237927772443
2022-12-29,0.0,0.0,67357.0,69239.5,-1882.5,-0.027188237927772443
2022-12-30,0.0,0.0,67357.0,69239.5,-1882.5,-0.027188237927772443
2023-01-03,0.0,0.0,67357.0,69239.5,-1882.5,-0.027188237927772443
2023-01-04,0.0,0.0,67357.0,69239.5,-1882.5,-0.027188237927772443
2023-01-06,0.0,0.0,67357.0,69239.5,-1882.5,-0.027188237927772443
2023-01-09,0.0,0.0,67357.0,69239.5,-1882.5,-0.027188237927772443
2023-01-10,0.0,0.0,67357.0,69239.5,-1882.5,-0.027188237927772443
2023-01-11,0.0,0.0,67357.0,69239.5,-1882.5,-0.027188237927772443
2023-01-12,0.0,0.0,67357.0,69239.5,-1882.5,-0.027188237927772443
2023-01-13,207.0,1.0,67564.0,69239.5,-1675.5,-0.024198614952447663
2023-01-17,-24.0,1.0,67540.0,69239.5,-1699.5,-0.02454523790610851
2023-01-18,-662.5,1.0,66877.5,69239.5,-2362.0,-0.03411347568945472
2023-01-19,-606.0,1.0,66271.5,69239.5,-2968.0,-0.04286570526939103
2023-01-20,770.0,1.0,67041.5,69239.5,-2198.0,-0.031744885506105616
2023-01-23,368.0,1.0,67409.5,69239.5,-1830.0,-0.026430000216639347
2023-01-24,0.0,0.0,67409.5,69239.5,-1830.0,-0.026430000216639347
2023-01-25,-208.5,1.0,67201.0,69239.5,-2038.5,-0.029441287126567926
2023-01-26,-565.0,1.0,66636.0,69239.5,-2603.5,-0.03760136916066696
2023-01-27,273.0,1.0,66909.0,69239.5,-2330.5,-0.03365853306277486
2023-01-30,-472.5,1.0,66436.5,69239.5,-2803.0,-0.04048267246297273
2023-01-31,334.0,1.0,66770.5,69239.5,-2469.0,-0.03565883635785931
2023-02-01,-370.5,1.0,66400.0,69239.5,-2839.5,-0.04100982820499859
2023-02-02,-600.0,1.0,65800.0,69239.5,-3439.5,-0.04967540204651969
2023-02-06,-426.0,1.0,65374.0,69239.5,-3865.5,-0.05582795947399967
2023-02-07,-556.0,1.0,64818.0,69239.5,-4421.5,-0.06385805790047588
2023-02-08,543.0,1.0,65361.0,69239.5,-3878.5,-0.05601571357389929
2023-02-09,1218.0,1.0,66579.0,69239.5,-2660.5,-0.03842459867561147
2023-02-10,-523.5,1.0,66055.5,69239.5,-3184.0,-0.045985311852338624
2023-02-13,463.5,1.0,66519.0,69239.5,-2720.5,-0.03929115605976358
2023-02-15,-750.0,1.0,65769.0,69239.5,-3470.5,-0.05012312336166495
2023-02-16,-254.0,1.0,65515.0,69239.5,-3724.5,-0.05379154962124221
2023-02-17,-189.5,1.0,65325.5,69239.5,-3914.0,-0.05652842669285596
2023-02-21,636.0,1.0,65961.5,69239.5,-3278.0,-0.047342918420843594
2023-02-22,-665.0,1.0,65296.5,69239.5,-3943.0,-0.05694726276186281
2023-02-23,903.0,1.0,66199.5,69239.5,-3040.0,-0.043905574130373555
2023-02-24,-279.0,1.0,65920.5,69239.5,-3319.0,-0.047935065966680866
2023-02-27,-731.5,1.0,65189.0,69239.5,-4050.5,-0.058499844741802004
2023-02-28,-447.0,1.0,64742.0,69239.5,-4497.5,-0.06495569725373522
2023-03-01,284.0,1.0,65026.0,69239.5,-4213.5,-0.060853992302081904
2023-03-02,0.0,0.0,65026.0,69239.5,-4213.5,-0.060853992302081904
2023-03-03,0.0,0.0,65026.0,69239.5,-4213.5,-0.060853992302081904
2023-03-06,-109.5,1.0,64916.5,69239.5,-4323.0,-0.0624354595281595
2023-03-07,0.0,0.0,64916.5,69239.5,-4323.0,-0.0624354595281595
2023-03-08,0.0,0.0,64916.5,69239.5,-4323.0,-0.0624354595281595
2023-03-09,0.0,0.0,64916.5,69239.5,-4323.0,-0.0624354595281595
2023-03-10,-354.5,1.0,64562.0,69239.5,-4677.5,-0.06755536940619156
2023-03-14,-750.0,1.0,63812.0,69239.5,-5427.5,-0.07838733670809292
2023-03-15,-609.0,1.0,63203.0,69239.5,-6036.5,-0.08718289415723683
2023-03-16,422.0,1.0,63625.0,69239.5,-5614.5,-0.08108810722203366
2023-03-20,304.5,1.0,63929.5,69239.5,-5310.0,-0.07669032849746171
2023-03-21,-498.0,1.0,63431.5,69239.5,-5808.0,-0.08388275478592422
2023-03-23,-508.0,1.0,62923.5,69239.5,-6316.0,-0.09121960730507875
2023-03-24,-688.5,1.0,62235.0,69239.5,-7004.5,-0.1011633532882242
2023-03-27,307.0,1.0,62542.0,69239.5,-6697.5,-0.09672946800597924
2023-03-28,-206.5,1.0,62335.5,69239.5,-6904.0,-0.09971186966976943
2023-03-29,-492.5,1.0,61843.0,69239.5,-7396.5,-0.10682486153135132
2023-03-30,-710.5,1.0,61132.5,69239.5,-8107.0,-0.11708634522201922
2023-04-03,-695.0,1.0,60437.5,69239.5,-8802.0,-0.1271239682551145
2023-04-04,-514.5,1.0,59923.0,69239.5,-9316.5,-0.13455469782421883
2023-04-05,288.0,1.0,60211.0,69239.5,-9028.5,-0.1303952223802887
2023-04-06,1270.0,1.0,61481.0,69239.5,-7758.5,-0.11205309108240238
2023-04-11,8.0,1.0,61489.0,69239.5,-7750.5,-0.11193755009784877
2023-04-12,224.0,1.0,61713.0,69239.5,-7526.5,-0.10870240253034756
2023-04-13,984.0,1.0,62697.0,69239.5,-6542.5,-0.09449086143025297
2023-04-14,-313.5,1.0,62383.5,69239.5,-6856.0,-0.09901862376244773
2023-04-17,-550.0,1.0,61833.5,69239.5,-7406.0,-0.10696206645050874
2023-04-18,162.5,1.0,61996.0,69239.5,-7243.5,-0.10461514020176345
2023-04-20,-666.0,1.0,61330.0,69239.5,-7909.5,-0.11423392716585186
2023-04-21,-507.0,1.0,60823.0,69239.5,-8416.5,-0.12155633706193719
2023-04-24,-106.0,1.0,60717.0,69239.5,-8522.5,-0.12308725510727259
2023-04-25,872.0,1.0,61589.0,69239.5,-7650.5,-0.11049328779092858
2023-04-26,-692.5,1.0,60896.5,69239.5,-8343.0,-0.12049480426635086
2023-04-27,1236.0,1.0,62132.5,69239.5,-7107.0,-0.10264372215281739
2023-04-28,316.0,1.0,62448.5,69239.5,-6791.0,-0.09807985326294962
2023-05-01,-740.0,1.0,61708.5,69239.5,-7531.0,-0.10876739433415897
2023-05-02,1358.0,1.0,63066.5,69239.5,-6173.0,-0.08915431220618289
2023-05-04,-675.0,1.0,62391.5,69239.5,-6848.0,-0.09890308277789413
2023-05-05,1405.0,1.0,63796.5,69239.5,-5443.0,-0.07861119736566555
2023-05-10,-204.0,1.0,63592.5,69239.5,-5647.0,-0.08155749247178272
2023-05-11,-259.0,1.0,63333.5,69239.5,-5906.0,-0.085298131846706
2023-05-12,244.0,1.0,63577.5,69239.5,-5662.0,-0.08177413181782076
2023-05-15,-738.0,1.0,62839.5,69239.5,-6400.0,-0.0924327876428917
2023-05-18,912.0,1.0,63751.5,69239.5,-5488.0,-0.07926111540377963
2023-05-19,165.0,1.0,63916.5,69239.5,-5323.0,-0.07687808259736133
2023-05-24,-480.0,1.0,63436.5,69239.5,-5803.0,-0.0838105416705782
2023-05-26,797.0,1.0,64233.5,69239.5,-5006.0,-0.07229977108442436
2023-05-30,34.5,1.0,64268.0,69239.5,-4971.5,-0.07180150058853689
2023-05-31,98.0,1.0,64366.0,69239.5,-4873.5,-0.07038612352775511
2023-06-01,1216.0,1.0,65582.0,69239.5,-3657.5,-0.05282389387560569
2023-06-05,-174.5,1.0,65407.5,69239.5,-3832.0,-0.05534413160118141
2023-06-06,0.0,0.0,65407.5,69239.5,-3832.0,-0.05534413160118141
2023-06-07,0.0,0.0,65407.5,69239.5,-3832.0,-0.05534413160118141
2023-06-08,181.0,1.0,65588.5,69239.5,-3651.0,-0.052730016825655875
2023-06-09,-468.0,1.0,65120.5,69239.5,-4119.0,-0.05948916442204233
2023-06-12,-510.0,1.0,64610.5,69239.5,-4629.0,-0.06685490218733527
2023-06-13,-495.0,1.0,64115.5,69239.5,-5124.0,-0.07400400060659017
2023-06-14,-300.0,1.0,63815.5,69239.5,-5424.0,-0.07833678752735072
2023-06-15,559.0,1.0,64374.5,69239.5,-4865.0,-0.07026336123166689
2023-06-20,-282.0,1.0,64092.5,69239.5,-5147.0,-0.0743361809371818
2023-06-21,295.5,1.0,64388.0,69239.5,-4851.5,-0.07006838582023267
2023-06-22,202.5,1.0,64590.5,69239.5,-4649.0,-0.0671437546487193
2023-06-23,-237.0,1.0,64353.5,69239.5,-4886.0,-0.07056665631612014
2023-06-26,-251.0,1.0,64102.5,69239.5,-5137.0,-0.0741917547064898
2023-06-27,-640.0,1.0,63462.5,69239.5,-5777.0,-0.08343503347077896
2023-06-28,350.0,1.0,63812.5,69239.5,-5427.0,-0.07838011539655833
2023-06-29,0.0,0.0,63812.5,69239.5,-5427.0,-0.07838011539655833
2023-06-30,0.0,0.0,63812.5,69239.5,-5427.0,-0.07838011539655833
2023-07-03,-26.5,1.0,63786.0,69239.5,-5453.5,-0.07876284490789218
2023-07-05,0.0,0.0,63786.0,69239.5,-5453.5,-0.07876284490789218
2023-07-06,-704.0,1.0,63082.0,69239.5,-6157.5,-0.08893045154861026
2023-07-07,-375.0,1.0,62707.0,69239.5,-6532.5,-0.09434643519956094
2023-07-10,-561.0,1.0,62146.0,69239.5,-7093.5,-0.10244874674138317
2023-07-11,-412.0,1.0,61734.0,69239.5,-7505.5,-0.10839910744589433
2023-07-12,-267.0,1.0,61467.0,69239.5,-7772.5,-0.11225528780537121
2023-07-14,-561.0,1.0,60906.0,69239.5,-8333.5,-0.12035759934719344
2023-07-19,-670.0,1.0,60236.0,69239.5,-9003.5,-0.13003415680355868
2023-07-20,1385.0,1.0,61621.0,69239.5,-7618.5,-0.11003112385271413
2023-07-21,439.5,1.0,62060.5,69239.5,-7179.0,-0.10368359101379993
2023-07-26,0.0,0.0,62060.5,69239.5,-7179.0,-0.10368359101379993
2023-07-27,0.0,0.0,62060.5,69239.5,-7179.0,-0.10368359101379993
2023-07-28,81.0,1.0,62141.5,69239.5,-7098.0,-0.10251373854519458
2023-08-01,-111.0,1.0,62030.5,69239.5,-7209.0,-0.10411686970587598
2023-08-02,0.0,0.0,62030.5,69239.5,-7209.0,-0.10411686970587598
2023-08-03,-119.0,1.0,61911.5,69239.5,-7328.0,-0.10583554185111099
2023-08-04,-318.5,1.0,61593.0,69239.5,-7646.5,-0.11043551729865178
2023-08-07,-423.0,1.0,61170.0,69239.5,-8069.5,-0.11654474685692416
2023-08-08,-457.0,1.0,60713.0,69239.5,-8526.5,-0.12314502559954939
2023-08-09,259.0,1.0,60972.0,69239.5,-8267.5,-0.11940438622462611
2023-08-10,-319.5,1.0,60652.5,69239.5,-8587.0,-0.1240188042952361
2023-08-11,-579.0,1.0,60073.5,69239.5,-9166.0,-0.13238108305230395
2023-08-14,1128.0,1.0,61201.5,69239.5,-8038.0,-0.1160898042302443
2023-08-15,526.0,1.0,61727.5,69239.5,-7512.0,-0.10849298449584413
2023-08-16,-680.0,1.0,61047.5,69239.5,-8192.0,-0.11831396818290138
2023-08-17,784.5,1.0,61832.0,69239.5,-7407.5,-0.10698373038511254
2023-08-18,-648.0,1.0,61184.0,69239.5,-8055.5,-0.11634255013395534
2023-08-21,-675.0,1.0,60509.0,69239.5,-8730.5,-0.12609132070566656
2023-08-22,150.0,1.0,60659.0,69239.5,-8580.5,-0.1239249272452863
2023-08-23,854.0,1.0,61513.0,69239.5,-7726.5,-0.11159092714418793
2023-08-24,0.0,0.0,61513.0,69239.5,-7726.5,-0.11159092714418793
2023-08-25,-542.0,1.0,60971.0,69239.5,-8268.5,-0.11941882884769532
2023-08-28,0.0,0.0,60971.0,69239.5,-8268.5,-0.11941882884769532
2023-08-29,0.0,0.0,60971.0,69239.5,-8268.5,-0.11941882884769532
2023-08-30,0.0,0.0,60971.0,69239.5,-8268.5,-0.11941882884769532
2023-08-31,-64.5,1.0,60906.5,69239.5,-8333.0,-0.12035037803565883
2023-09-01,0.0,0.0,60906.5,69239.5,-8333.0,-0.12035037803565883
2023-09-05,0.0,0.0,60906.5,69239.5,-8333.0,-0.12035037803565883
2023-09-06,245.0,1.0,61151.5,69239.5,-8088.0,-0.1168119353837044
2023-09-07,26.0,1.0,61177.5,69239.5,-8062.0,-0.11643642718390514
2023-09-08,0.0,0.0,61177.5,69239.5,-8062.0,-0.11643642718390514
2023-09-11,0.0,0.0,61177.5,69239.5,-8062.0,-0.11643642718390514
2023-09-12,0.0,0.0,61177.5,69239.5,-8062.0,-0.11643642718390514
2023-09-13,0.0,0.0,61177.5,69239.5,-8062.0,-0.11643642718390514
2023-09-14,0.0,0.0,61177.5,69239.5,-8062.0,-0.11643642718390514
2023-09-18,0.0,0.0,61177.5,69239.5,-8062.0,-0.11643642718390514
2023-09-19,0.0,0.0,61177.5,69239.5,-8062.0,-0.11643642718390514
2023-09-20,249.0,1.0,61426.5,69239.5,-7813.0,-0.11284021403967388
2023-09-21,122.0,1.0,61548.5,69239.5,-7691.0,-0.11107821402523126
2023-09-22,-454.5,1.0,61094.0,69239.5,-8145.5,-0.1176423862101835
2023-09-25,241.5,1.0,61335.5,69239.5,-7904.0,-0.11415449273897126
2023-09-26,378.0,1.0,61713.5,69239.5,-7526.0,-0.10869518121881296
2023-09-27,1398.0,1.0,63111.5,69239.5,-6128.0,-0.08850439416806881
2023-09-28,541.5,1.0,63653.0,69239.5,-5586.5,-0.08068371377609601
2023-09-29,-438.0,1.0,63215.0,69239.5,-6024.5,-0.08700958268040641
2023-10-02,67.0,1.0,63282.0,69239.5,-5957.5,-0.08604192693476989
2023-10-03,824.0,1.0,64106.0,69239.5,-5133.5,-0.07414120552574759
2023-10-04,363.0,1.0,64469.0,69239.5,-4770.5,-0.06889853335162732
2023-10-05,-224.0,1.0,64245.0,69239.5,-4994.5,-0.07213368091912853
2023-10-06,417.0,1.0,64662.0,69239.5,-4577.5,-0.06611110709927137
2023-10-10,148.0,1.0,64810.0,69239.5,-4429.5,-0.0639735988850295
2023-10-11,-462.0,1.0,64348.0,69239.5,-4891.5,-0.07064609074300074
2023-10-12,-482.0,1.0,63866.0,69239.5,-5373.5,-0.07760743506235603
2023-10-13,900.0,1.0,64766.0,69239.5,-4473.5,-0.06460907430007438
2023-10-16,138.0,1.0,64904.0,69239.5,-4335.5,-0.06261599231652452
2023-10-17,114.0,1.0,65018.0,69239.5,-4221.5,-0.06096953328663552
2023-10-18,-648.0,1.0,64370.0,69239.5,-4869.5,-0.0703283530354783
2023-10-19,-648.0,1.0,63722.0,69239.5,-5517.5,-0.0796871727843211
2023-10-20,808.5,1.0,64530.5,69239.5,-4709.0,-0.0680103120328714
2023-10-23,147.0,1.0,64677.5,69239.5,-4562.0,-0.06588724644169874
2023-10-24,-326.0,1.0,64351.5,69239.5,-4888.0,-0.07059554156225854
2023-10-25,588.0,1.0,64939.5,69239.5,-4300.0,-0.06210327919756786
2023-10-26,240.0,1.0,65179.5,69239.5,-4060.0,-0.05863704966095942
2023-10-27,-279.0,1.0,64900.5,69239.5,-4339.0,-0.06266654149726673
2023-10-30,-173.0,1.0,64727.5,69239.5,-4512.0,-0.06516511528823865
2023-10-31,88.0,1.0,64815.5,69239.5,-4424.0,-0.06389416445814888
2023-11-01,1224.0,1.0,66039.5,69239.5,-3200.0,-0.04621639382144585
2023-11-02,-144.5,1.0,65895.0,69239.5,-3344.5,-0.04830335285494552
2023-11-06,-68.5,1.0,65826.5,69239.5,-3413.0,-0.04929267253518584
2023-11-07,0.0,0.0,65826.5,69239.5,-3413.0,-0.04929267253518584
2023-11-08,-41.5,1.0,65785.0,69239.5,-3454.5,-0.049892041392557714
2023-11-09,-139.5,1.0,65645.5,69239.5,-3594.0,-0.05190678731071137
2023-11-10,718.0,1.0,66363.5,69239.5,-2876.0,-0.04153698394702446
2023-11-13,21.0,1.0,66384.5,69239.5,-2855.0,-0.04123368886257122
2023-11-14,115.5,1.0,66500.0,69239.5,-2739.5,-0.03956556589807841
2023-11-15,0.0,0.0,66500.0,69239.5,-2739.5,-0.03956556589807841
2023-11-16,0.0,0.0,66500.0,69239.5,-2739.5,-0.03956556589807841
2023-11-17,-112.5,1.0,66387.5,69239.5,-2852.0,-0.041190360993363616
2023-11-20,0.0,0.0,66387.5,69239.5,-2852.0,-0.041190360993363616
2023-11-21,-17.0,1.0,66370.5,69239.5,-2869.0,-0.041435885585540046
2023-11-22,0.0,0.0,66370.5,69239.5,-2869.0,-0.041435885585540046
2023-11-27,0.0,0.0,66370.5,69239.5,-2869.0,-0.041435885585540046
2023-11-29,577.5,1.0,66948.0,69239.5,-2291.5,-0.03309527076307599
2023-11-30,-297.0,1.0,66651.0,69239.5,-2588.5,-0.03738472981462893
2023-12-01,-457.5,1.0,66193.5,69239.5,-3046.0,-0.04399222986878877
2023-12-04,-375.0,1.0,65818.5,69239.5,-3421.0,-0.04940821351973945
2023-12-05,89.0,1.0,65907.5,69239.5,-3332.0,-0.048122820066580495
2023-12-06,676.5,1.0,66584.0,69239.5,-2655.5,-0.038352385560265455
2023-12-07,77.5,1.0,66661.5,69239.5,-2578.0,-0.03723308227240232
2023-12-08,379.5,1.0,67041.0,69239.5,-2198.5,-0.03175210681764022
2023-12-11,0.0,0.0,67041.0,69239.5,-2198.5,-0.03175210681764022
2023-12-12,210.5,1.0,67251.5,69239.5,-1988.0,-0.028711934661573235
2023-12-14,0.0,0.0,67251.5,69239.5,-1988.0,-0.028711934661573235
2023-12-18,202.5,1.0,67454.0,69239.5,-1785.5,-0.025787303490059865
2023-12-21,-682.0,1.0,66772.0,69239.5,-2467.5,-0.03563717242325551
2023-12-22,-77.5,1.0,66694.5,69239.5,-2545.0,-0.036756475711118654
2024-01-02,-14.5,1.0,66680.0,69239.5,-2559.5,-0.03696589374562208
2024-01-03,204.0,1.0,66884.0,69239.5,-2355.5,-0.034019598639504905
2024-01-04,-528.0,1.0,66356.0,69239.5,-2883.5,-0.04164530362004347
2024-01-05,-506.0,1.0,65850.0,69239.5,-3389.5,-0.0489532708930596
2024-01-08,0.0,0.0,65850.0,69239.5,-3389.5,-0.0489532708930596
2024-01-09,0.0,0.0,65850.0,69239.5,-3389.5,-0.0489532708930596
2024-01-10,-131.0,1.0,65719.0,69239.5,-3520.5,-0.05084525451512504
2024-01-11,0.0,0.0,65719.0,69239.5,-3520.5,-0.05084525451512504
2024-01-12,0.0,0.0,65719.0,69239.5,-3520.5,-0.05084525451512504
2024-01-16,126.0,1.0,65845.0,69239.5,-3394.5,-0.049025484008405604
2024-01-17,-616.0,1.0,65229.0,69239.5,-4010.5,-0.057922139819033935
2024-01-18,-672.5,1.0,64556.5,69239.5,-4683.0,-0.06763480383307216
2024-01-19,1015.0,1.0,65571.5,69239.5,-3668.0,-0.052975541417832304
2024-01-22,0.0,0.0,65571.5,69239.5,-3668.0,-0.052975541417832304
2024-01-24,-136.0,1.0,65435.5,69239.5,-3804.0,-0.05493973815524376
2024-01-25,0.0,0.0,65435.5,69239.5,-3804.0,-0.05493973815524376
2024-01-26,-126.0,1.0,65309.5,69239.5,-3930.0,-0.056759508661963186
2024-01-29,0.0,0.0,65309.5,69239.5,-3930.0,-0.056759508661963186
2024-01-30,960.0,1.0,66269.5,69239.5,-2970.0,-0.04289459051552943
2024-01-31,0.0,0.0,66269.5,69239.5,-2970.0,-0.04289459051552943
2024-02-01,-666.0,1.0,65603.5,69239.5,-3636.0,-0.052513377479617845
2024-02-02,161.0,1.0,65764.5,69239.5,-3475.0,-0.05018811516547635
2024-02-05,-506.0,1.0,65258.5,69239.5,-3981.0,-0.05749608243849248
2024-02-06,0.0,0.0,65258.5,69239.5,-3981.0,-0.05749608243849248
2024-02-07,0.0,0.0,65258.5,69239.5,-3981.0,-0.05749608243849248
2024-02-08,6.0,1.0,65264.5,69239.5,-3975.0,-0.057409426700077267
2024-02-09,652.0,1.0,65916.5,69239.5,-3323.0,-0.047992836458957674
2024-02-13,-315.5,1.0,65601.0,69239.5,-3638.5,-0.05254948403729085
2024-02-14,-680.0,1.0,64921.0,69239.5,-4318.5,-0.062370467724348094
2024-02-15,-419.0,1.0,64502.0,69239.5,-4737.5,-0.06842192679034366
2024-02-16,16.0,1.0,64518.0,69239.5,-4721.5,-0.06819084482123643
2024-02-20,-138.0,1.0,64380.0,69239.5,-4859.5,-0.07018392680478629
2024-02-21,-457.5,1.0,63922.5,69239.5,-5317.0,-0.07679142685894612
2024-02-22,357.0,1.0,64279.5,69239.5,-4960.0,-0.07163541042324106
2024-02-23,0.0,0.0,64279.5,69239.5,-4960.0,-0.07163541042324106
2024-02-27,0.0,0.0,64279.5,69239.5,-4960.0,-0.07163541042324106
2024-02-29,0.0,0.0,64279.5,69239.5,-4960.0,-0.07163541042324106
2024-03-01,217.0,1.0,64496.5,69239.5,-4743.0,-0.06850136121722428
2024-03-04,-104.0,1.0,64392.5,69239.5,-4847.0,-0.07000339401642126
2024-03-05,0.0,0.0,64392.5,69239.5,-4847.0,-0.07000339401642126
2024-03-06,-381.0,1.0,64011.5,69239.5,-5228.0,-0.07550603340578715
2024-03-07,154.5,1.0,64166.0,69239.5,-5073.5,-0.07327464814159548
2024-03-08,-217.0,1.0,63949.0,69239.5,-5290.5,-0.07640869734761227
2024-03-11,-433.0,1.0,63516.0,69239.5,-5723.5,-0.08266235313657666
2024-03-12,504.0,1.0,64020.0,69239.5,-5219.5,-0.07538327110969895
2024-03-13,-48.0,1.0,63972.0,69239.5,-5267.5,-0.07607651701702063
2024-03-14,-135.5,1.0,63836.5,69239.5,-5403.0,-0.07803349244289748
2024-03-18,-375.0,1.0,63461.5,69239.5,-5778.0,-0.08344947609384816
2024-03-19,457.0,1.0,63918.5,69239.5,-5321.0,-0.07684919735122293
2024-03-20,868.0,1.0,64786.5,69239.5,-4453.0,-0.06431300052715574
2024-03-21,0.0,0.0,64786.5,69239.5,-4453.0,-0.06431300052715574
2024-03-22,0.0,0.0,64786.5,69239.5,-4453.0,-0.06431300052715574
2024-03-25,0.0,0.0,64786.5,69239.5,-4453.0,-0.06431300052715574
2024-03-26,-111.0,1.0,64675.5,69239.5,-4564.0,-0.06591613168783715
2024-03-27,0.0,0.0,64675.5,69239.5,-4564.0,-0.06591613168783715
2024-04-01,0.0,0.0,64675.5,69239.5,-4564.0,-0.06591613168783715
2024-04-02,0.0,0.0,64675.5,69239.5,-4564.0,-0.06591613168783715
2024-04-03,972.0,1.0,65647.5,69239.5,-3592.0,-0.05187790206457297
2024-04-05,68.0,1.0,65715.5,69239.5,-3524.0,-0.05089580369586724
2024-04-08,-77.0,1.0,65638.5,69239.5,-3601.0,-0.05200788567219578
2024-04-09,566.0,1.0,66204.5,69239.5,-3035.0,-0.04383336101502755
2024-04-10,-95.0,1.0,66109.5,69239.5,-3130.0,-0.04520541020660172
2024-04-11,-645.0,1.0,65464.5,69239.5,-3775.0,-0.0545209020862369
2024-04-12,825.0,1.0,66289.5,69239.5,-2950.0,-0.042605738054145394
2024-04-15,1412.0,1.0,67701.5,69239.5,-1538.0,-0.02221275428043241
2024-04-16,-742.0,1.0,66959.5,69239.5,-2280.0,-0.03292918059778017
2024-04-17,1134.0,1.0,68093.5,69239.5,-1146.0,-0.016551246037305296
2024-04-18,-272.0,1.0,67821.5,69239.5,-1418.0,-0.02047963951212819
2024-04-19,460.0,1.0,68281.5,69239.5,-958.0,-0.013836032900295352
2024-04-22,-287.0,1.0,67994.5,69239.5,-1245.0,-0.017981065721156278
2024-04-23,128.0,1.0,68122.5,69239.5,-1117.0,-0.016132409968298442
2024-04-24,682.0,1.0,68804.5,69239.5,-435.0,-0.006282541035102796
2024-04-25,394.0,1.0,69198.5,69239.5,-41.0,-0.000592147545837275
2024-04-26,136.0,1.0,69334.5,69334.5,0.0,0.0
2024-04-29,0.0,0.0,69334.5,69334.5,0.0,0.0
2024-04-30,0.0,0.0,69334.5,69334.5,0.0,0.0
2024-05-01,-528.0,1.0,68806.5,69334.5,-528.0,-0.007615256474049715
2024-05-02,-305.0,1.0,68501.5,69334.5,-833.0,-0.01201422091455192
2024-05-06,0.0,0.0,68501.5,69334.5,-833.0,-0.01201422091455192
2024-05-08,0.0,0.0,68501.5,69334.5,-833.0,-0.01201422091455192
2024-05-09,0.0,0.0,68501.5,69334.5,-833.0,-0.01201422091455192
2024-05-10,0.0,0.0,68501.5,69334.5,-833.0,-0.01201422091455192
2024-05-14,161.0,1.0,68662.5,69334.5,-672.0,-0.009692144603336
2024-05-15,0.0,0.0,68662.5,69334.5,-672.0,-0.009692144603336
2024-05-21,708.0,1.0,69370.5,69370.5,0.0,0.0
2024-05-23,283.0,1.0,69653.5,69653.5,0.0,0.0
2024-05-24,980.0,1.0,70633.5,70633.5,0.0,0.0
2024-05-29,-586.5,1.0,70047.0,70633.5,-586.5,-0.00830342542844401
2024-05-30,600.0,1.0,70647.0,70647.0,0.0,0.0
2024-05-31,896.0,1.0,71543.0,71543.0,0.0,0.0
2024-06-03,416.0,1.0,71959.0,71959.0,0.0,0.0
2024-06-04,-496.5,1.0,71462.5,71959.0,-496.5,-0.006899762364679887
2024-06-05,0.0,0.0,71462.5,71959.0,-496.5,-0.006899762364679887
2024-06-07,-110.0,1.0,71352.5,71959.0,-606.5,-0.008428410622715713
2024-06-10,139.5,1.0,71492.0,71959.0,-467.0,-0.00648980669547937
2024-06-11,280.0,1.0,71772.0,71959.0,-187.0,-0.002598702038660904
2024-06-12,-46.0,1.0,71726.0,71959.0,-233.0,-0.003237954946566795
2024-06-13,204.0,1.0,71930.0,71959.0,-29.0,-0.0004030072680276268
2024-06-17,1445.0,1.0,73375.0,73375.0,0.0,0.0
2024-06-18,-369.0,1.0,73006.0,73375.0,-369.0,-0.005028960817717206
2024-06-20,560.0,1.0,73566.0,73566.0,0.0,0.0
2024-06-24,-486.0,1.0,73080.0,73566.0,-486.0,-0.0066063126988010765
2024-06-25,1048.0,1.0,74128.0,74128.0,0.0,0.0
2024-06-26,-700.0,1.0,73428.0,74128.0,-700.0,-0.009443125404705375
2024-06-27,-739.5,1.0,72688.5,74128.0,-1439.5,-0.019419112885819125
2024-06-28,-527.0,1.0,72161.5,74128.0,-1966.5,-0.02652843729764731
2024-07-01,-307.0,1.0,71854.5,74128.0,-2273.5,-0.0306699222965681
2024-07-02,0.0,0.0,71854.5,74128.0,-2273.5,-0.0306699222965681
2024-07-03,288.0,1.0,72142.5,74128.0,-1985.5,-0.026784750701489314
2024-07-05,492.0,1.0,72634.5,74128.0,-1493.5,-0.020147582559896394
2024-07-08,-360.0,1.0,72274.5,74128.0,-1853.5,-0.025004047053744875
2024-07-09,1288.0,1.0,73562.5,74128.0,-565.5,-0.007628696309086985
2024-07-10,-714.0,1.0,72848.5,74128.0,-1279.5,-0.017260684221886466
2024-07-11,1053.0,1.0,73901.5,74128.0,-226.5,-0.0030555255773796674
2024-07-12,-99.0,1.0,73802.5,74128.0,-325.5,-0.004391053313187999
2024-07-15,-356.0,1.0,73446.5,74128.0,-681.5,-0.00919355709043816
2024-07-16,-149.0,1.0,73297.5,74128.0,-830.5,-0.011203593783725449
2024-07-17,808.0,1.0,74105.5,74128.0,-22.5,-0.0003035290308655299
2024-07-18,220.0,1.0,74325.5,74325.5,0.0,0.0
2024-07-19,173.5,1.0,74499.0,74499.0,0.0,0.0
2024-07-22,-296.5,1.0,74202.5,74499.0,-296.5,-0.003979919193546222
2024-07-23,-222.5,1.0,73980.0,74499.0,-519.0,-0.006966536463576692
2024-07-24,638.0,1.0,74618.0,74618.0,0.0,0.0
2024-07-30,1102.0,1.0,75720.0,75720.0,0.0,0.0
2024-08-07,675.0,1.0,76395.0,76395.0,0.0,0.0
2024-08-12,-43.5,1.0,76351.5,76395.0,-43.5,-0.0005694089927351266
2024-08-13,808.0,1.0,77159.5,77159.5,0.0,0.0
2024-08-14,-699.0,1.0,76460.5,77159.5,-699.0,-0.009059156681938064
2024-08-15,221.5,1.0,76682.0,77159.5,-477.5,-0.006188479707618634
2024-08-16,276.0,1.0,76958.0,77159.5,-201.5,-0.0026114736357804287
2024-08-19,-553.5,1.0,76404.5,77159.5,-755.0,-0.009784926029847265
2024-08-20,-32.5,1.0,76372.0,77159.5,-787.5,-0.01020613145497314
2024-08-21,-516.0,1.0,75856.0,77159.5,-1303.5,-0.01689357758927935
2024-08-22,1396.0,1.0,77252.0,77252.0,0.0,0.0
2024-08-23,-456.0,1.0,76796.0,77252.0,-456.0,-0.005902759799099052
2024-08-26,1131.0,1.0,77927.0,77927.0,0.0,0.0
2024-08-27,146.0,1.0,78073.0,78073.0,0.0,0.0
2024-08-28,522.0,1.0,78595.0,78595.0,0.0,0.0
2024-08-30,-410.0,1.0,78185.0,78595.0,-410.0,-0.005216616833131879
2024-09-09,-441.0,1.0,77744.0,78595.0,-851.0,-0.010827660792671289
2024-09-13,81.0,1.0,77825.0,78595.0,-770.0,-0.00979706088173548
2024-09-16,-309.0,1.0,77516.0,78595.0,-1079.0,-0.013728608690120237
2024-09-17,-529.0,1.0,76987.0,78595.0,-1608.0,-0.020459316750429418
2024-09-18,-460.5,1.0,76526.5,78595.0,-2068.5,-0.026318468095934855
2024-09-19,15.0,1.0,76541.5,78595.0,-2053.5,-0.026127616260576372
2024-09-23,-642.0,1.0,75899.5,78595.0,-2695.5,-0.03429607481391946
2024-09-24,-471.0,1.0,75428.5,78595.0,-3166.5,-0.04028882244417584
2024-09-25,0.0,0.0,75428.5,78595.0,-3166.5,-0.04028882244417584
2024-09-26,0.0,0.0,75428.5,78595.0,-3166.5,-0.04028882244417584
2024-09-27,0.0,0.0,75428.5,78595.0,-3166.5,-0.04028882244417584
2024-09-30,-196.0,1.0,75232.5,78595.0,-3362.5,-0.042782619759526685
2024-10-02,81.5,1.0,75314.0,78595.0,-3281.0,-0.04174565812074559
2024-10-03,-323.5,1.0,74990.5,78595.0,-3604.5,-0.04586169603664355
2024-10-07,-658.0,1.0,74332.5,78595.0,-4262.5,-0.05423372988103569
2024-10-08,371.0,1.0,74703.5,78595.0,-3891.5,-0.04951332781983587
2024-10-09,1270.0,1.0,75973.5,78595.0,-2621.5,-0.03335453909281761
2024-10-10,116.0,1.0,76089.5,78595.0,-2505.5,-0.03187861823271201
2024-10-11,349.5,1.0,76439.0,78595.0,-2156.0,-0.02743177046885934
2024-10-14,-314.0,1.0,76125.0,78595.0,-2470.0,-0.03142693555569693
2024-10-15,1280.0,1.0,77405.0,78595.0,-1190.0,-0.015140912271773013
2024-10-18,-128.0,1.0,77277.0,78595.0,-1318.0,-0.016769514600165406
2024-10-21,-708.0,1.0,76569.0,78595.0,-2026.0,-0.02577772122908582
2024-10-22,77.0,1.0,76646.0,78595.0,-1949.0,-0.02479801514091227
2024-10-23,237.0,1.0,76883.0,78595.0,-1712.0,-0.021782556142248236
2024-10-24,-525.0,1.0,76358.0,78595.0,-2237.0,-0.02846237037979515
2024-10-25,-711.0,1.0,75647.0,78595.0,-2948.0,-0.037508747375787264
2024-10-28,174.0,1.0,75821.0,78595.0,-2774.0,-0.03529486608562886
2024-10-29,398.0,1.0,76219.0,78595.0,-2376.0,-0.030230930720783766
2024-10-30,-277.0,1.0,75942.0,78595.0,-2653.0,-0.033755327947070424
2024-10-31,218.5,1.0,76160.5,78595.0,-2434.5,-0.03097525287868185
2024-11-01,-77.0,1.0,76083.5,78595.0,-2511.5,-0.0319549589668554
2024-11-04,-234.0,1.0,75849.5,78595.0,-2745.5,-0.034932247598447735
2024-11-05,624.0,1.0,76473.5,78595.0,-2121.5,-0.02699281124753483
2024-11-06,187.5,1.0,76661.0,78595.0,-1934.0,-0.02460716330555379
2024-11-07,0.0,0.0,76661.0,78595.0,-1934.0,-0.02460716330555379
2024-11-08,-117.0,1.0,76544.0,78595.0,-2051.0,-0.02609580762134996
2024-11-11,0.0,0.0,76544.0,78595.0,-2051.0,-0.02609580762134996
2024-11-12,0.0,0.0,76544.0,78595.0,-2051.0,-0.02609580762134996
2024-11-13,0.0,0.0,76544.0,78595.0,-2051.0,-0.02609580762134996
2024-11-14,0.0,0.0,76544.0,78595.0,-2051.0,-0.02609580762134996
2024-11-15,0.0,0.0,76544.0,78595.0,-2051.0,-0.02609580762134996
2024-11-18,0.0,0.0,76544.0,78595.0,-2051.0,-0.02609580762134996
2024-11-19,0.0,0.0,76544.0,78595.0,-2051.0,-0.02609580762134996
2024-11-20,0.0,0.0,76544.0,78595.0,-2051.0,-0.02609580762134996
2024-11-26,0.0,0.0,76544.0,78595.0,-2051.0,-0.02609580762134996
2024-11-27,0.0,0.0,76544.0,78595.0,-2051.0,-0.02609580762134996
2024-11-29,0.0,0.0,76544.0,78595.0,-2051.0,-0.02609580762134996
2024-12-02,0.0,0.0,76544.0,78595.0,-2051.0,-0.02609580762134996
2024-12-03,0.0,0.0,76544.0,78595.0,-2051.0,-0.02609580762134996
2024-12-04,157.0,1.0,76701.0,78595.0,-1894.0,-0.024098225077931166
2024-12-06,0.0,0.0,76701.0,78595.0,-1894.0,-0.024098225077931166
2024-12-09,0.0,0.0,76701.0,78595.0,-1894.0,-0.024098225077931166
2024-12-10,-378.0,1.0,76323.0,78595.0,-2272.0,-0.02890769132896495
2024-12-11,319.0,1.0,76642.0,78595.0,-1953.0,-0.024848908963674535
2024-12-12,-289.5,1.0,76352.5,78595.0,-2242.5,-0.028532349386093264
2024-12-13,-66.5,1.0,76286.0,78595.0,-2309.0,-0.02937845918951587
2024-12-16,530.0,1.0,76816.0,78595.0,-1779.0,-0.022635027673516127
2024-12-17,-562.5,1.0,76253.5,78595.0,-2341.5,-0.029791971499459252
2024-12-18,-193.0,1.0,76060.5,78595.0,-2534.5,-0.032247598447738404
2024-12-24,258.0,1.0,76318.5,78595.0,-2276.5,-0.028964946879572493
2024-12-26,0.0,0.0,76318.5,78595.0,-2276.5,-0.028964946879572493
2024-12-31,515.0,1.0,76833.5,78595.0,-1761.5,-0.022412367198931228
2025-01-06,-262.0,1.0,76571.5,78595.0,-2023.5,-0.025745912589859407
2025-01-14,12.0,1.0,76583.5,78595.0,-2011.5,-0.025593231121572618
2025-01-15,168.0,1.0,76751.5,78595.0,-1843.5,-0.023455690565557605
2025-01-16,216.5,1.0,76968.0,78595.0,-1627.0,-0.02070106240855016
2025-01-22,-67.0,1.0,76901.0,78595.0,-1694.0,-0.021553533939818053
2025-01-23,1314.0,1.0,78215.0,78595.0,-380.0,-0.004834913162414912
2025-01-24,682.0,1.0,78897.0,78897.0,0.0,0.0
2025-01-29,-232.5,1.0,78664.5,78897.0,-232.5,-0.002946880109509867
2025-01-31,-239.5,1.0,78425.0,78897.0,-472.0,-0.0059824834911340104
2025-02-04,346.0,1.0,78771.0,78897.0,-126.0,-0.0015970188980569604
2025-02-05,-459.0,1.0,78312.0,78897.0,-585.0,-0.007414730598121601
2025-02-06,-744.0,1.0,77568.0,78897.0,-1329.0,-0.016844746948553178
2025-02-07,1024.0,1.0,78592.0,78897.0,-305.0,-0.0038657997135505785
2025-02-10,106.5,1.0,78698.5,78897.0,-198.5,-0.0025159385020976717
2025-02-11,-121.0,1.0,78577.5,78897.0,-319.5,-0.004049583634358721
2025-02-12,212.5,1.0,78790.0,78897.0,-107.0,-0.001356198588032498
2025-02-13,279.5,1.0,79069.5,79069.5,0.0,0.0
2025-02-14,237.0,1.0,79306.5,79306.5,0.0,0.0
2025-02-18,-456.0,1.0,78850.5,79306.5,-456.0,-0.005749843959826748
2025-02-19,-291.0,1.0,78559.5,79306.5,-747.0,-0.009419152276295133
2025-02-20,-315.5,1.0,78244.0,79306.5,-1062.5,-0.013397388612534911
2025-02-21,0.0,0.0,78244.0,79306.5,-1062.5,-0.013397388612534911
2025-03-13,134.0,1.0,78378.0,79306.5,-928.5,-0.011707741483989332
2025-03-14,105.5,1.0,78483.5,79306.5,-823.0,-0.010377459602932924
2025-03-17,0.0,0.0,78483.5,79306.5,-823.0,-0.010377459602932924
2025-03-19,234.0,1.0,78717.5,79306.5,-589.0,-0.007426881781442883
2025-03-20,0.0,0.0,78717.5,79306.5,-589.0,-0.007426881781442883
2025-03-24,0.0,0.0,78717.5,79306.5,-589.0,-0.007426881781442883
2025-03-25,128.0,1.0,78845.5,79306.5,-461.0,-0.0058128904944739716
2025-03-26,0.0,0.0,78845.5,79306.5,-461.0,-0.0058128904944739716
2025-03-31,0.0,0.0,78845.5,79306.5,-461.0,-0.0058128904944739716
2025-04-14,0.0,0.0,78845.5,79306.5,-461.0,-0.0058128904944739716
2025-04-16,-368.5,1.0,78477.0,79306.5,-829.5,-0.010459420097974315
2025-04-22,1286.0,1.0,79763.0,79763.0,0.0,0.0
2025-04-24,0.0,0.0,79763.0,79763.0,0.0,0.0
2025-05-01,-294.5,1.0,79468.5,79763.0,-294.5,-0.003692188107267781
2025-05-05,0.0,0.0,79468.5,79763.0,-294.5,-0.003692188107267781
2025-05-06,484.0,1.0,79952.5,79952.5,0.0,0.0
2025-05-07,-711.0,1.0,79241.5,79952.5,-711.0,-0.008892780088177355
2025-05-08,-531.0,1.0,78710.5,79952.5,-1242.0,-0.01553422344517057
2025-05-09,112.0,1.0,78822.5,79952.5,-1130.0,-0.01413339170132266
2025-05-12,0.0,0.0,78822.5,79952.5,-1130.0,-0.01413339170132266
2025-05-13,0.0,0.0,78822.5,79952.5,-1130.0,-0.01413339170132266
2025-05-14,0.0,0.0,78822.5,79952.5,-1130.0,-0.01413339170132266
2025-05-15,0.0,0.0,78822.5,79952.5,-1130.0,-0.01413339170132266
2025-05-16,0.0,0.0,78822.5,79952.5,-1130.0,-0.01413339170132266
2025-05-19,0.0,0.0,78822.5,79952.5,-1130.0,-0.01413339170132266
2025-05-20,0.0,0.0,78822.5,79952.5,-1130.0,-0.01413339170132266
2025-05-21,0.0,0.0,78822.5,79952.5,-1130.0,-0.01413339170132266
2025-05-27,257.0,1.0,79079.5,79952.5,-873.0,-0.010918983146243082
2025-05-28,0.0,0.0,79079.5,79952.5,-873.0,-0.010918983146243082
2025-05-30,0.0,0.0,79079.5,79952.5,-873.0,-0.010918983146243082
2025-06-03,0.0,0.0,79079.5,79952.5,-873.0,-0.010918983146243082
2025-06-04,0.0,0.0,79079.5,79952.5,-873.0,-0.010918983146243082
2025-06-06,0.0,0.0,79079.5,79952.5,-873.0,-0.010918983146243082
2025-06-09,288.0,1.0,79367.5,79952.5,-585.0,-0.007316844376348457
2025-06-10,0.0,0.0,79367.5,79952.5,-585.0,-0.007316844376348457
2025-06-11,0.0,0.0,79367.5,79952.5,-585.0,-0.007316844376348457
2025-06-12,-478.5,1.0,78889.0,79952.5,-1063.5,-0.013301647853412963
2025-06-13,-295.5,1.0,78593.5,79952.5,-1359.0,-0.01699759232044026
2025-06-16,-320.0,1.0,78273.5,79952.5,-1679.0,-0.02099996873143429
2025-06-17,-356.0,1.0,77917.5,79952.5,-2035.0,-0.025452612488665146
2025-06-18,-445.0,1.0,77472.5,79952.5,-2480.0,-0.031018417185203713
2025-06-23,-350.0,1.0,77122.5,79952.5,-2830.0,-0.03539601638472843
2025-06-24,237.0,1.0,77359.5,79952.5,-2593.0,-0.03243175635533598
2025-06-25,36.5,1.0,77396.0,79952.5,-2556.5,-0.03197523529595697
2025-06-26,0.0,0.0,77396.0,79952.5,-2556.5,-0.03197523529595697
2025-06-27,0.0,0.0,77396.0,79952.5,-2556.5,-0.03197523529595697
2025-07-01,-133.0,1.0,77263.0,79952.5,-2689.5,-0.033638722991776365
2025-07-02,202.0,1.0,77465.0,79952.5,-2487.5,-0.031112222882336386
2025-07-03,0.0,0.0,77465.0,79952.5,-2487.5,-0.031112222882336386
2025-07-07,0.0,0.0,77465.0,79952.5,-2487.5,-0.031112222882336386
2025-07-08,-562.0,1.0,76903.0,79952.5,-3049.5,-0.038141396454144647
2025-07-09,0.0,0.0,76903.0,79952.5,-3049.5,-0.038141396454144647
2025-07-10,0.0,0.0,76903.0,79952.5,-3049.5,-0.038141396454144647
2025-07-11,0.0,0.0,76903.0,79952.5,-3049.5,-0.038141396454144647
2025-07-14,84.0,1.0,76987.0,79952.5,-2965.5,-0.037090772646258714
2025-07-15,259.0,1.0,77246.0,79952.5,-2706.5,-0.033851349238610426
2025-07-16,-560.0,1.0,76686.0,79952.5,-3266.5,-0.04085550795784997
2025-07-17,179.5,1.0,76865.5,79952.5,-3087.0,-0.038610424939808013
2025-07-18,197.5,1.0,77063.0,79952.5,-2889.5,-0.03614020824864764
2025-07-21,-114.0,1.0,76949.0,79952.5,-3003.5,-0.037566054845064256
2025-07-23,0.0,0.0,76949.0,79952.5,-3003.5,-0.037566054845064256
2025-07-24,-147.5,1.0,76801.5,79952.5,-3151.0,-0.039410900222006814
2025-07-25,19.0,1.0,76820.5,79952.5,-3132.0,-0.03917325912260405
2025-07-29,0.0,0.0,76820.5,79952.5,-3132.0,-0.03917325912260405
2025-07-31,585.0,1.0,77405.5,79952.5,-2547.0,-0.03185641474625559
2025-08-04,143.0,1.0,77548.5,79952.5,-2404.0,-0.030067852787592633
2025-08-05,1203.0,1.0,78751.5,79952.5,-1201.0,-0.01502141896751196
2025-08-07,1140.0,1.0,79891.5,79952.5,-61.0,-0.0007629530033457366
2025-08-08,284.0,1.0,80175.5,80175.5,0.0,0.0
2025-08-11,-287.0,1.0,79888.5,80175.5,-287.0,-0.0035796471490667347
2025-08-13,303.0,1.0,80191.5,80191.5,0.0,0.0
2025-08-14,-92.0,1.0,80099.5,80191.5,-92.0,-0.0011472537613088668
2025-08-15,-71.5,1.0,80028.0,80191.5,-163.5,-0.0020388694562391277
2025-08-18,-346.0,1.0,79682.0,80191.5,-509.5,-0.006353541210726823
2025-08-19,548.0,1.0,80230.0,80230.0,0.0,0.0
2025-08-25,0.0,0.0,80230.0,80230.0,0.0,0.0
2025-08-26,136.5,1.0,80366.5,80366.5,0.0,0.0
2025-08-27,-321.0,1.0,80045.5,80366.5,-321.0,-0.003994201564084538
2025-08-28,9.5,1.0,80055.0,80366.5,-311.5,-0.0038759931065804783
2025-08-29,60.0,1.0,80115.0,80366.5,-251.5,-0.0031294133749758916
2025-09-03,-546.0,1.0,79569.0,80366.5,-797.5,-0.009923288932577629
2025-09-04,-379.0,1.0,79190.0,80366.5,-1176.5,-0.014639184237213266
2025-09-08,-219.5,1.0,78970.5,80366.5,-1396.0,-0.01737042175533338
2025-09-09,-442.5,1.0,78528.0,80366.5,-1838.5,-0.022876447275917203
2025-09-11,52.0,1.0,78580.0,80366.5,-1786.5,-0.022229411508526562
2025-09-12,282.5,1.0,78862.5,80366.5,-1504.0,-0.018714265272221635
2025-09-17,981.0,1.0,79843.5,80366.5,-523.0,-0.006507686660486646
2025-09-18,-64.0,1.0,79779.5,80366.5,-587.0,-0.007304038374198204
2025-09-22,1370.0,1.0,81149.5,81149.5,0.0,0.0
2025-09-24,70.0,1.0,81219.5,81219.5,0.0,0.0
2025-09-25,68.0,1.0,81287.5,81287.5,0.0,0.0
2025-09-26,-255.5,1.0,81032.0,81287.5,-255.5,-0.0031431646932185146
2025-09-29,-439.0,1.0,80593.0,81287.5,-694.5,-0.00854374903890512
2025-09-30,285.0,1.0,80878.0,81287.5,-409.5,-0.00503767491926803
2025-10-01,302.5,1.0,81180.5,81287.5,-107.0,-0.0013163155466707674
2025-10-02,-322.0,1.0,80858.5,81287.5,-429.0,-0.005277564201137936
2025-10-03,490.5,1.0,81349.0,81349.0,0.0,0.0
2025-10-07,1230.0,1.0,82579.0,82579.0,0.0,0.0
2025-10-08,532.0,1.0,83111.0,83111.0,0.0,0.0
2025-10-09,-372.0,1.0,82739.0,83111.0,-372.0,-0.004475941812756434
2025-10-10,990.0,1.0,83729.0,83729.0,0.0,0.0
2025-10-14,0.0,0.0,83729.0,83729.0,0.0,0.0
2025-10-20,115.0,1.0,83844.0,83844.0,0.0,0.0
2025-10-21,-588.0,1.0,83256.0,83844.0,-588.0,-0.0070130241877773
2025-10-22,1108.0,1.0,84364.0,84364.0,0.0,0.0
2025-10-23,133.0,1.0,84497.0,84497.0,0.0,0.0
2025-10-27,596.0,1.0,85093.0,85093.0,0.0,0.0
2025-10-28,-290.0,1.0,84803.0,85093.0,-290.0,-0.003408035913647421
2025-10-29,1330.0,1.0,86133.0,86133.0,0.0,0.0
2025-10-30,0.0,0.0,86133.0,86133.0,0.0,0.0
2025-10-31,313.0,1.0,86446.0,86446.0,0.0,0.0
2025-11-03,20.5,1.0,86466.5,86466.5,0.0,0.0
2025-11-04,0.0,0.0,86466.5,86466.5,0.0,0.0
2025-11-10,-278.0,1.0,86188.5,86466.5,-278.0,-0.0032151179936738506
2025-11-11,-402.0,1.0,85786.5,86466.5,-680.0,-0.007864317394597907
2025-11-12,0.0,0.0,85786.5,86466.5,-680.0,-0.007864317394597907
2025-11-17,0.0,0.0,85786.5,86466.5,-680.0,-0.007864317394597907
2025-11-25,0.0,0.0,85786.5,86466.5,-680.0,-0.007864317394597907
2025-11-28,0.0,0.0,85786.5,86466.5,-680.0,-0.007864317394597907
2025-12-01,0.0,0.0,85786.5,86466.5,-680.0,-0.007864317394597907
2025-12-02,0.0,0.0,85786.5,86466.5,-680.0,-0.007864317394597907
2025-12-04,0.0,0.0,85786.5,86466.5,-680.0,-0.007864317394597907
2025-12-05,0.0,0.0,85786.5,86466.5,-680.0,-0.007864317394597907
2025-12-08,0.0,0.0,85786.5,86466.5,-680.0,-0.007864317394597907
2025-12-09,153.0,1.0,85939.5,86466.5,-527.0,-0.006094845980813378
2025-12-10,-488.0,1.0,85451.5,86466.5,-1015.0,-0.011738650228701289
2025-12-11,119.5,1.0,85571.0,86466.5,-895.5,-0.010356612098327098
2025-12-17,599.0,1.0,86170.0,86466.5,-296.5,-0.00342907368749747
2025-12-18,-181.5,1.0,85988.5,86466.5,-478.0,-0.005528152521496765
2025-12-22,0.0,0.0,85988.5,86466.5,-478.0,-0.005528152521496765
2025-12-23,0.0,0.0,85988.5,86466.5,-478.0,-0.005528152521496765
2025-12-26,-44.0,1.0,85944.5,86466.5,-522.0,-0.006037020117617806
2025-12-31,0.0,0.0,85944.5,86466.5,-522.0,-0.006037020117617806
2026-01-05,0.0,0.0,85944.5,86466.5,-522.0,-0.006037020117617806
2026-01-06,0.0,0.0,85944.5,86466.5,-522.0,-0.006037020117617806
2026-01-07,0.0,0.0,85944.5,86466.5,-522.0,-0.006037020117617806
2026-01-12,0.0,0.0,85944.5,86466.5,-522.0,-0.006037020117617806
2026-01-15,182.5,1.0,86127.0,86466.5,-339.5,-0.003926376110979396
2026-01-16,42.0,1.0,86169.0,86466.5,-297.5,-0.0034406388601365846
2026-01-21,0.0,0.0,86169.0,86466.5,-297.5,-0.0034406388601365846
2026-01-26,-29.5,1.0,86139.5,86466.5,-327.0,-0.0037818114529904645
2026-01-27,15.0,1.0,86154.5,86466.5,-312.0,-0.003608333863403746
2026-01-28,374.0,1.0,86528.5,86528.5,0.0,0.0
