session_date,daily_return,daily_pnl_usd
2021-12-02,0.0,0.0
2021-12-03,0.0,0.0
2021-12-06,-8.192771423197535e-05,-4.096385711598767
2021-12-07,0.0,0.0
2021-12-08,0.0,0.0
2021-12-09,0.0,0.0
2021-12-15,0.0,0.0
2021-12-16,0.0,0.0
2021-12-17,0.0,0.0
2021-12-22,0.0,0.0
2021-12-23,0.0003214087250639936,16.07043625319968
2021-12-27,0.0,0.0
2021-12-28,0.0,0.0
2021-12-30,0.0008381835379119638,41.90917689559819
2021-12-31,-0.0008759963290958687,-43.79981645479344
2022-01-03,-1.8906395591952423e-05,-0.9453197795976211
2022-01-04,0.0003718257799760005,18.591288998800025
2022-01-05,0.0010335496256958828,51.67748128479414
2022-01-06,-1.8906395591981083e-05,-0.9453197795990541
2022-01-07,-0.0007877664829998996,-39.38832414999498
2022-01-10,0.0002583874064239994,12.919370321199969
2022-01-11,0.000976830438919911,48.84152194599555
2022-01-12,0.00028359593388000283,14.17979669400014
2022-01-13,-0.0006491195819919237,-32.455979099596185
2022-01-14,0.00020797035151199253,10.398517575599627
2022-01-17,-0.00029620019760796156,-14.810009880398077
2022-01-18,-0.0010020389663758858,-50.10194831879429
2022-01-19,0.0015440223066798594,77.20111533399297
2022-01-20,-0.0008507878016398939,-42.539390081994696
2022-01-21,0.00076886008740789,38.4430043703945
2022-01-24,-0.0012037071860238559,-60.18535930119279
2022-01-25,-0.0008381835379119065,-41.90917689559532
2022-01-26,-0.0009768304389198824,-48.84152194599412
2022-01-27,0.00028359593388000283,14.17979669400014
2022-01-28,-0.0011406858673838616,-57.03429336919308
2022-01-31,-0.0004852641535279444,-24.26320767639722
2022-02-01,0.0,0.0
2022-02-02,0.0,0.0
2022-02-03,0.0,0.0
2022-02-07,0.0,0.0
2022-02-09,0.0,0.0
2022-02-10,0.0,0.0
2022-02-11,0.0,0.0
2022-02-14,0.0,0.0
2022-02-17,0.0,0.0
2022-02-22,0.0,0.0
2022-02-23,-0.0002583874064239707,-12.919370321198535
2022-02-25,-0.0006743281094479271,-33.71640547239636
2022-02-28,0.0016952734714158228,84.76367357079114
2022-03-01,0.0018843374273358054,94.21687136679027
2022-03-02,-0.0012667285046638502,-63.33642523319251
2022-03-03,-0.0008129750104559031,-40.648750522795154
2022-03-04,-0.0017078777351438102,-85.39388675719051
2022-03-07,0.000875996329095926,43.7998164547963
2022-03-08,0.0010902688124719122,54.513440623595606
2022-03-09,-0.0017204819988718262,-86.02409994359131
2022-03-10,-0.00034661725251996844,-17.33086262599842
2022-03-11,0.00040963857115999136,20.481928557999566
2022-03-14,0.0,0.0
2022-03-15,-0.0013423540870318605,-67.11770435159302
2022-03-16,0.0016952734714158228,84.76367357079114
2022-03-17,-0.0010398517575598766,-51.992587877993834
2022-03-18,-0.0015188137792238273,-75.94068896119137
2022-03-21,-5.67191867759719e-05,-2.8359593387985953
2022-03-22,-0.0008381835379119065,-41.90917689559532
2022-03-23,-0.0009264133840078756,-46.32066920039378
2022-03-24,0.0002583874064239994,12.919370321199969
2022-03-25,0.00020797035151199253,10.398517575599627
2022-03-28,-0.0011658943948398364,-58.29471974199182
2022-03-29,0.0011154773399279156,55.77386699639578
2022-03-30,0.00014494903287199827,7.247451643599914
2022-03-31,0.0,0.0
2022-04-01,0.0,0.0
2022-04-04,0.0,0.0
2022-04-05,0.0,0.0
2022-04-06,0.0,0.0
2022-04-07,0.0,0.0
2022-04-11,-0.00017015756032797303,-8.507878016398651
2022-04-12,0.0,0.0
2022-04-14,0.0,0.0
2022-04-19,0.0,0.0
2022-04-21,0.0,0.0
2022-04-22,0.0,0.0
2022-04-25,0.0,0.0
2022-04-26,0.0,0.0
2022-04-27,-5.67191867759719e-05,-2.8359593387985953
2022-04-28,-0.0011280816036558744,-56.40408018279372
2022-04-29,-0.0014683967243118204,-73.41983621559102
2022-05-02,-0.00017015756032797303,-8.507878016398651
2022-05-03,-0.0009264133840078756,-46.32066920039378
2022-05-04,0.0012037071860239133,60.18535930119567
2022-05-05,0.0023191845259517715,115.95922629758857
2022-05-06,-0.0006995366369039306,-34.97683184519653
2022-05-09,0.0006239110545359776,31.19555272679888
2022-05-10,0.0019032438229278153,95.16219114639077
2022-05-11,0.0,0.0
2022-05-12,0.0016070436253198537,80.35218126599268
2022-05-13,-0.0003340129887919524,-16.70064943959762
2022-05-16,0.0012793327683918664,63.96663841959332
2022-05-17,0.0007499536918159661,37.49768459079831
2022-05-18,-6.302131863965035e-06,-0.31510659319825174
2022-05-19,-0.000157553296599957,-7.87766482999785
2022-05-20,-0.001317145559575857,-65.85727797879285
2022-05-23,-0.0007247451643599053,-36.23725821799526
2022-05-24,-0.0003340129887919524,-16.70064943959762
2022-05-25,-0.0007877664829998996,-39.38832414999498
2022-05-26,6.932345050401662e-05,3.466172525200831
2022-05-27,0.0008822984609598624,44.11492304799312
2022-05-30,5.6719186776029224e-05,2.835959338801461
2022-05-31,0.0,0.0
2022-06-01,-0.0004978684172559031,-24.893420862795153
2022-06-02,0.0,0.0
2022-06-03,0.0,0.0
2022-06-07,0.0,0.0
2022-06-08,0.0,0.0
2022-06-10,0.0,0.0
2022-06-13,0.0,0.0
2022-06-14,0.0,0.0
2022-06-16,0.0,0.0
2022-06-24,0.0,0.0
2022-06-27,0.0,0.0
2022-06-29,-0.0005230769447119351,-26.153847235596757
2022-06-30,0.0009516219114639364,47.58109557319682
2022-07-01,0.0007751622192719409,38.75811096359705
2022-07-04,-0.00028359593387994553,-14.179796693997277
2022-07-05,0.0012667285046639076,63.33642523319538
2022-07-06,0.002186839756807761,109.34198784038804
2022-07-07,1.890639559200974e-05,0.945319779600487
2022-07-08,-0.00029620019760796156,-14.810009880398077
2022-07-11,0.0003718257799760005,18.591288998800025
2022-07-12,-0.0008381835379118777,-41.90917689559389
2022-07-13,0.00028359593388000283,14.17979669400014
2022-07-14,9.453197796002005e-05,4.7265988980010025
2022-07-15,-0.0011911029222958687,-59.55514611479343
2022-07-18,0.0009642261751919236,48.21130875959618
2022-07-19,-0.0006239110545358916,-31.19555272679458
2022-07-20,0.0014053754056718834,70.26877028359416
2022-07-21,0.0009516219114639364,47.58109557319682
2022-07-22,-0.0002457831426959547,-12.289157134797733
2022-07-25,-0.00018276182405596044,-9.138091202798021
2022-07-26,5.671918677600057e-05,2.8359593388000284
2022-07-27,0.0015629287022718118,78.14643511359058
2022-07-28,-6.932345050398796e-05,-3.466172525199398
2022-07-29,-0.0007373494280879214,-36.86747140439607
2022-08-01,-0.0003592215162479272,-17.96107581239636
2022-08-02,0.0008255792741839191,41.278963709195956
2022-08-03,0.0,0.0
2022-08-05,0.0,0.0
2022-08-08,0.0,0.0
2022-08-09,0.0,0.0
2022-08-10,0.0,0.0
2022-08-12,0.0,0.0
2022-08-15,0.0,0.0
2022-08-23,0.0,0.0
2022-08-25,0.0,0.0
2022-08-26,0.0,0.0
2022-08-29,0.0,0.0
2022-08-30,0.0006932345050399369,34.66172525199684
2022-08-31,-0.0011658943948398652,-58.29471974199326
2022-09-01,-0.00029620019760796156,-14.810009880398077
2022-09-02,-0.0005230769447119351,-26.153847235596757
2022-09-05,-0.00022057461523995126,-11.028730761997563
2022-09-06,0.00029620019760801886,14.810009880400942
2022-09-07,0.001657460680231832,82.8730340115916
2022-09-08,5.671918677600057e-05,2.8359593388000284
2022-09-09,-9.453197795996273e-05,-4.726598897998136
2022-09-12,-0.0006869323731759146,-34.34661865879573
2022-09-13,-0.00013234476914395356,-6.6172384571976774
2022-09-14,-0.0004978684172559031,-24.893420862795153
2022-09-15,0.0014557924605838905,72.78962302919453
2022-09-16,0.0017519926581918233,87.59963290959116
2022-09-19,0.0005987025270799741,29.935126353998704
2022-09-20,-0.0002583874064239707,-12.919370321198535
2022-09-21,0.0006743281094478984,33.71640547239492
2022-09-22,-0.0002457831426959547,-12.289157134797733
2022-09-23,-6.302131863965035e-06,-0.31510659319825174
2022-09-26,-0.0006743281094478984,-33.71640547239492
2022-09-27,0.0008255792741839191,41.278963709195956
2022-09-28,0.0008003707467279442,40.01853733639721
2022-09-29,-0.0009516219114638789,-47.58109557319395
2022-09-30,0.0,0.0
2022-10-03,0.0,0.0
2022-10-07,0.0,0.0
2022-10-26,0.0,0.0
2022-10-28,-0.00046005562607191226,-23.00278130359561
2022-10-31,-0.0008381835379118777,-41.90917689559389
2022-11-01,-0.0005104726809839478,-25.52363404919739
2022-11-02,-0.0006365153182639077,-31.825765913195383
2022-11-03,0.0008255792741839478,41.27896370919739
2022-11-04,0.0013927711419438962,69.6385570971948
2022-11-07,0.00014494903287202694,7.247451643601347
2022-11-08,0.0023128823940878067,115.64411970439033
2022-11-09,-0.0015818350978638216,-79.09175489319108
2022-11-10,0.000875996329095926,43.7998164547963
2022-11-11,0.0005987025270799741,29.935126353998704
2022-11-14,0.00010713624168800744,5.356812084400372
2022-11-15,-6.932345050395929e-05,-3.4661725251979645
2022-11-16,-0.0009012048565519008,-45.06024282759504
2022-11-17,-0.0005356812084399225,-26.784060421996127
2022-11-18,-0.0011784986585678526,-58.92493292839263
2022-11-21,-0.00010713624168797878,-5.356812084398939
2022-11-22,0.00019536608778400512,9.768304389200257
2022-11-23,-0.00010713624168795013,-5.3568120843975064
2022-11-24,-0.00023317887896793864,-11.658943948396931
2022-11-25,4.411492304801318e-05,2.2057461524006587
2022-11-28,0.0005356812084399512,26.78406042199756
2022-11-29,-0.0007625579555439248,-38.12789777719624
2022-11-30,-0.0010776645487438675,-53.883227437193376
2022-12-01,0.0,0.0
2022-12-02,-0.00018276182405593176,-9.138091202796588
2022-12-05,0.0010146432301039305,50.73216150519652
2022-12-06,0.0,0.0
2022-12-07,0.0,0.0
2022-12-08,0.0,0.0
2022-12-09,0.0,0.0
2022-12-13,0.0,0.0
2022-12-14,0.0,0.0
2022-12-22,0.0007373494280879501,36.867471404397506
2022-12-23,-0.0005860982633519294,-29.30491316759647
2022-12-27,0.0,0.0
2022-12-29,-0.0004222428348879501,-21.112141744397505
2022-12-30,-0.0009768304389198824,-48.84152194599412
2023-01-03,8.192771423200401e-05,4.096385711600201
2023-01-04,-0.0007247451643599053,-36.23725821799526
2023-01-05,0.0009768304389198537,48.84152194599269
2023-01-06,0.0017961075812398652,89.80537906199326
2023-01-09,0.0002205746152400086,11.02873076200043
2023-01-10,-0.0005987025270799168,-29.93512635399584
2023-01-11,-0.0008886005928238846,-44.43002964119423
2023-01-12,0.0003088044613360062,15.44022306680031
2023-01-13,0.0008886005928239421,44.4300296411971
2023-01-16,-0.0004852641535279157,-24.263207676395787
2023-01-17,0.00010713624168800744,5.356812084400372
2023-01-18,0.0014873031199038014,74.36515599519008
2023-01-19,0.000806672878591938,40.333643929596896
2023-01-20,-0.00020797035151196388,-10.398517575598195
2023-01-23,-0.0011658943948398652,-58.29471974199326
2023-01-24,-0.0013171455595758286,-65.85727797879143
2023-01-25,0.00150620951549584,75.310475774792
2023-01-26,-0.000560889735895926,-28.0444867947963
2023-01-27,-0.001090268812471855,-54.51344062359274
2023-01-30,0.0003214087250639936,16.07043625319968
2023-01-31,0.0006491195819919523,32.45597909959761
2023-02-01,-0.0004978684172559317,-24.893420862796585
2023-02-02,0.0015062095154958688,75.31047577479343
2023-02-03,0.0006995366369039592,34.976831845197964
2023-02-06,0.0,0.0
2023-02-07,0.0,0.0
2023-02-09,0.0,0.0
2023-02-13,0.0,0.0
2023-02-14,0.0,0.0
2023-02-15,0.0,0.0
2023-02-16,0.0,0.0
2023-02-22,0.0,0.0
2023-02-23,0.0,0.0
2023-02-27,-0.0007499536918159088,-37.497684590795444
2023-02-28,0.00033401298879198103,16.70064943959905
2023-03-01,-0.00022057461523995126,-11.028730761997563
2023-03-02,-0.0007751622192719122,-38.75811096359561
2023-03-03,-0.0005734939996239134,-28.67469998119567
2023-03-06,-0.0004726598897999283,-23.632994489996413
2023-03-07,0.0013423540870318893,67.11770435159447
2023-03-08,-0.0011658943948398652,-58.29471974199326
2023-03-09,-0.0003718257799759432,-18.59128899879716
2023-03-10,0.000649119581991981,32.45597909959905
2023-03-13,0.00010713624168800744,5.356812084400372
2023-03-14,-0.0008507878016398939,-42.539390081994696
2023-03-15,-0.0014179796693998136,-70.89898346999068
2023-03-16,-0.0011280816036558744,-56.40408018279372
2023-03-17,0.0015818350978638502,79.09175489319252
2023-03-20,-0.0007499536918159088,-37.497684590795444
2023-03-21,0.0013927711419438962,69.6385570971948
2023-03-22,0.0011091752080638934,55.45876040319467
2023-03-23,0.002073401383255788,103.6700691627894
2023-03-24,0.0013549583507599054,67.74791753799526
2023-03-27,0.0005987025270799454,29.935126353997273
2023-03-28,-0.0008381835379119065,-41.90917689559532
2023-03-29,-0.0010020389663758858,-50.10194831879429
2023-03-30,-0.0005734939996239134,-28.67469998119567
2023-03-31,0.0,0.0
2023-04-03,-0.00034661725251993976,-17.33086262599699
2023-04-04,6.932345050401662e-05,3.466172525200831
2023-04-05,0.0,0.0
2023-04-06,0.0,0.0
2023-04-10,0.0,0.0
2023-04-11,0.0,0.0
2023-04-13,0.0,0.0
2023-04-14,0.0,0.0
2023-04-17,0.0,0.0
2023-04-19,0.0,0.0
2023-04-20,0.0,0.0
2023-04-21,-0.0003718257799759432,-18.59128899879716
2023-04-24,0.0002709916701519868,13.54958350759934
2023-04-25,0.0,0.0
2023-04-27,0.0002205746152400086,11.02873076200043
2023-04-28,-0.0001953660877839478,-9.76830438919739
2023-05-01,0.0012037071860239133,60.18535930119567
2023-05-02,0.0016763670758238416,83.81835379119208
2023-05-03,-0.001052456021287864,-52.6228010643932
2023-05-04,0.00015755329660004298,7.877664830002149
2023-05-05,0.0007373494280879501,36.867471404397506
2023-05-08,-0.0007247451643599053,-36.23725821799526
2023-05-09,0.00040963857115999136,20.481928557999566
2023-05-10,-5.67191867759719e-05,-2.8359593387985953
2023-05-11,0.0,0.0
2023-05-12,0.0006239110545359489,31.195552726797445
2023-05-15,-0.000157553296599957,-7.87766482999785
2023-05-16,0.0007499536918159088,37.497684590795444
2023-05-17,-0.0011406858673838616,-57.03429336919308
2023-05-18,-0.0002457831426959547,-12.289157134797733
2023-05-19,0.0018843374273358054,94.21687136679027
2023-05-22,-0.0009138091202798882,-45.69045601399441
2023-05-23,4.411492304801318e-05,2.2057461524006587
2023-05-24,0.0012226135816158657,61.130679080793286
2023-05-25,0.0003844300437039879,19.221502185199395
2023-05-26,-0.0006743281094478984,-33.71640547239492
2023-05-29,0.00015755329659998565,7.877664829999282
2023-05-30,-0.0005608897358958973,-28.044486794794867
2023-05-31,-0.0015566265704078468,-77.83132852039233
2023-06-01,0.00020797035151199253,10.398517575599627
2023-06-02,0.0015440223066798594,77.20111533399297
2023-06-05,0.0,0.0
2023-06-06,0.0,0.0
2023-06-07,0.0,0.0
2023-06-08,0.0,0.0
2023-06-09,0.0,0.0
2023-06-14,0.0,0.0
2023-06-15,0.0,0.0
2023-06-16,0.0,0.0
2023-06-20,0.0,0.0
2023-06-23,0.0,0.0
2023-06-27,0.0,0.0
2023-06-29,0.0008381835379119352,41.90917689559676
2023-06-30,0.00040963857115999136,20.481928557999566
2023-07-03,-0.0008886005928238846,-44.43002964119423
2023-07-04,-0.0002709916701519295,-13.549583507596475
2023-07-05,0.0007247451643599627,36.23725821799813
2023-07-06,-0.0004978684172559317,-24.893420862796585
2023-07-07,-0.000560889735895926,-28.0444867947963
2023-07-10,6.932345050401662e-05,3.466172525200831
2023-07-11,-0.0003592215162479558,-17.96107581239779
2023-07-12,6.932345050401662e-05,3.466172525200831
2023-07-13,-0.0006869323731759146,-34.34661865879573
2023-07-14,-0.0010650602850158515,-53.253014250792575
2023-07-17,0.0004726598897999856,23.63299448999928
2023-07-18,0.00044745136234398215,22.37256811719911
2023-07-19,-0.0005987025270799454,-29.935126353997273
2023-07-20,0.00034661725251999706,17.330862625999853
2023-07-21,-0.0007751622192718837,-38.758110963594184
2023-07-24,0.00044745136234398215,22.37256811719911
2023-07-25,0.00028359593388000283,14.17979669400014
2023-07-26,0.0009201112521439104,46.00556260719552
2023-07-27,-0.0002079703515119352,-10.39851757559676
2023-07-28,-0.00017015756032797303,-8.507878016398651
2023-07-31,-0.0003718257799759432,-18.59128899879716
2023-08-01,0.0,0.0
2023-08-02,0.0,0.0
2023-08-03,-0.00017015756032797303,-8.507878016398651
2023-08-04,0.0,0.0
2023-08-07,0.0,0.0
2023-08-09,-0.00018276182405596044,-9.138091202798021
2023-08-11,0.0,0.0
2023-08-15,0.0,0.0
2023-08-16,0.0,0.0
2023-08-17,0.0,0.0
2023-08-25,0.0,0.0
2023-08-28,0.0,0.0
2023-08-30,-0.00010713624168797878,-5.356812084398939
2023-08-31,-0.0005860982633519008,-29.30491316759504
2023-09-01,-0.00023317887896793864,-11.658943948396931
2023-09-04,-0.00028359593387994553,-14.179796693997277
2023-09-05,1.890639559200974e-05,0.945319779600487
2023-09-06,0.0003718257799760005,18.591288998800025
2023-09-07,-0.00011974050541596616,-5.987025270798308
2023-09-08,-0.0009642261751918951,-48.21130875959475
2023-09-11,-0.00014494903287196962,-7.247451643598481
2023-09-12,-0.00018276182405596044,-9.138091202798021
2023-09-13,0.00013234476914401088,6.6172384572005445
2023-09-14,-0.0008381835379118777,-41.90917689559389
2023-09-15,-0.0006869323731759146,-34.34661865879573
2023-09-18,-0.0005356812084399225,-26.784060421996127
2023-09-19,-5.67191867759719e-05,-2.8359593387985953
2023-09-20,-0.0014683967243118204,-73.41983621559102
2023-09-21,-8.192771423197535e-05,-4.096385711598767
2023-09-22,-0.0004348470986159375,-21.742354930796875
2023-09-25,0.0006743281094478984,33.71640547239492
2023-09-26,-0.00034661725251993976,-17.33086262599699
2023-09-27,0.001071362416879874,53.5681208439937
2023-09-28,0.00014494903287199827,7.247451643599914
2023-09-29,0.0003907321755679243,19.536608778396214
2023-10-02,0.00015755329660001433,7.877664830000716
2023-10-04,0.0,0.0
2023-10-05,0.0,0.0
2023-10-06,0.0,0.0
2023-10-10,0.0,0.0
2023-10-20,0.0,0.0
2023-10-30,-0.00039703430743194665,-19.851715371597333
2023-10-31,-0.0015314180429518434,-76.57090214759216
2023-11-01,-0.0009768304389198824,-48.84152194599412
2023-11-02,-0.0006491195819918951,-32.45597909959476
2023-11-03,0.0,0.0
2023-11-06,0.0006176089226718979,30.880446133594898
2023-11-07,8.192771423200401e-05,4.096385711600201
2023-11-08,0.0008633920653678813,43.16960326839406
2023-11-09,-0.00030880446133594897,-15.440223066797449
2023-11-10,0.00044745136234398215,22.37256811719911
2023-11-13,0.0008444856697759002,42.22428348879501
2023-11-14,0.0,0.0
2023-11-15,0.0,0.0
2023-11-16,-0.0004474513623439249,-22.372568117196245
2023-11-17,-0.00028359593387994553,-14.179796693997277
2023-11-20,0.0005734939996239707,28.674699981198536
2023-11-21,0.00017015756032800168,8.507878016400085
2023-11-22,0.000800370746727973,40.01853733639865
2023-11-23,-9.453197795999138e-05,-4.726598897999569
2023-11-24,-0.0006869323731759146,-34.34661865879573
2023-11-27,-0.0003718257799759432,-18.59128899879716
2023-11-28,0.0012982391639838763,64.91195819919382
2023-11-29,-0.0008507878016398652,-42.539390081993254
2023-11-30,-0.00020797035151196388,-10.398517575598195
2023-12-01,0.0,0.0
2023-12-04,-0.0006113067908079042,-30.56533954039521
2023-12-05,0.0,0.0
2023-12-06,0.0,0.0
2023-12-07,0.0,0.0
2023-12-08,0.0,0.0
2023-12-11,0.0,0.0
2023-12-12,0.0,0.0
2023-12-13,0.0,0.0
2023-12-14,0.0,0.0
2023-12-20,0.0,0.0
2023-12-21,0.0,0.0
2023-12-22,0.0,0.0
2023-12-26,-0.0002583874064239994,-12.919370321199969
2023-12-28,-0.0010146432301038732,-50.73216150519366
2023-12-29,-0.0003214087250639363,-16.070436253196817
2024-01-02,-0.0001953660877839478,-9.76830438919739
2024-01-03,-0.0020481928557998133,-102.40964278999067
2024-01-04,0.00017015756032797303,8.507878016398651
2024-01-05,-0.002098609910711763,-104.93049553558815
2024-01-08,-0.0002079703515119352,-10.39851757559676
2024-01-09,0.0008822984609599197,44.11492304799598
2024-01-10,0.00011974050541602349,5.987025270801174
2024-01-11,0.0015251159110878211,76.25579555439106
2024-01-12,0.0015629287022718692,78.14643511359345
2024-01-15,-0.0003844300437039306,-19.22150218519653
2024-01-16,0.0012604263727998852,63.021318639994256
2024-01-17,0.0005356812084399512,26.78406042199756
2024-01-18,0.0006176089226718979,30.880446133594898
2024-01-19,-0.0005230769447119351,-26.153847235596757
2024-01-22,-0.000573493999623942,-28.6746999811971
2024-01-23,0.0003088044613360062,15.44022306680031
2024-01-24,0.001128081603655903,56.40408018279515
2024-01-25,-0.0003214087250639363,-16.070436253196817
2024-01-26,-0.00010713624168795013,-5.3568120843975064
2024-01-29,-0.0015440223066798308,-77.20111533399154
2024-01-30,0.0010335496256958828,51.67748128479414
2024-01-31,0.0009579240433278726,47.89620216639363
2024-02-01,-0.0004348470986159375,-21.742354930796875
2024-02-02,0.00044745136234398215,22.37256811719911
2024-02-05,0.000239481010831961,11.97405054159805
2024-02-06,0.0,0.0
2024-02-07,0.0,0.0
2024-02-09,0.0,0.0
2024-02-12,0.0,0.0
2024-02-13,-5.67191867759719e-05,-2.8359593387985953
2024-02-14,0.0,0.0
2024-02-15,0.0,0.0
2024-02-21,0.0,0.0
2024-02-22,0.0,0.0
2024-02-23,0.000917071297728142,45.8535648864071
2024-02-26,-0.0011392028804721702,-56.96014402360851
2024-02-27,-0.0013645133421842114,-68.22566710921058
2024-02-28,-0.001019267824431984,-50.963391221599196
2024-02-29,-0.001159721869640232,-57.986093482011604
2024-03-01,0.0037072057039640007,185.36028519820005
2024-03-04,0.0007559593387996735,37.797966939983674
2024-03-05,-0.0003269510089516602,-16.34755044758301
2024-03-06,-0.0037870712977281307,-189.35356488640653
2024-03-07,0.0013445689682561694,67.22844841280848
2024-03-08,0.000253577579359553,12.678878967977651
2024-03-11,-0.0017501575603279269,-87.50787801639635
2024-03-12,0.0001896012996084372,9.48006498042186
2024-03-13,-0.0001397405054159547,-6.987025270797735
2024-03-14,-0.0019502038685120181,-97.5101934256009
2024-03-15,-0.0008255792741838903,-41.278963709194514
2024-03-18,-0.0019452455177521415,-97.26227588760707
2024-03-19,0.001779249188656267,88.96245943281335
2024-03-20,0.004339527319016023,216.97636595080115
2024-03-21,0.0016031695610801001,80.158478054005
2024-03-22,0.0016228730761998307,81.14365380999153
2024-03-25,0.00023202964848804183,11.601482424402091
2024-03-26,-0.0010480629678800944,-52.403148394004724
2024-03-27,-0.0019902964848801203,-99.51482424400602
2024-03-28,0.0009645412958478927,48.227064792394636
2024-04-01,-0.0015202131863999197,-76.01065931999598
2024-04-02,-0.0023085356488640133,-115.42678244320066
2024-04-03,0.0002477571651120384,12.38785825560192
2024-04-04,0.00154755781491624,77.377890745812
2024-04-05,0.000769156572288119,38.457828614405955
2024-04-08,-0.0006545226600721014,-32.72613300360507
2024-04-09,-0.0012622241991121586,-63.111209955607926
2024-04-10,-0.00046593138513607217,-23.296569256803608
2024-04-11,-0.0009466542428161466,-47.33271214080733
2024-04-12,0.0014532621774482253,72.66310887241126
2024-04-15,0.0021743464639683366,108.71732319841684
2024-04-16,-0.001368211210320212,-68.4105605160106
2024-04-17,0.0025071545962083884,125.35772981041941
2024-04-18,-0.001974661584624306,-98.7330792312153
2024-04-19,0.0023019229146603562,115.0961457330178
2024-04-22,0.0015863854303442458,79.31927151721229
2024-04-23,0.0011352455177521758,56.76227588760879
2024-04-24,0.0018803659471562913,94.01829735781456
2024-04-25,0.002263850628892372,113.19253144461861
2024-04-26,0.00043265057191206705,21.632528595603354
2024-04-29,-0.0015198794299681822,-75.99397149840911
2024-04-30,0.002962516165676139,148.12580828380695
2024-05-01,-0.0017245226600720327,-86.22613300360163
2024-05-02,-0.001317469716864323,-65.87348584321616
2024-05-03,-0.001497636595080232,-74.88182975401159
2024-05-06,0.0008476365950802894,42.38182975401447
2024-05-07,-0.001057488352640126,-52.8744176320063
2024-05-08,-0.0008592215162479558,-42.96107581239779
2024-05-09,0.001676728504663873,83.83642523319365
2024-05-10,-0.0011057368345118864,-55.28684172559432
2024-05-13,-8.192771423200401e-05,-4.096385711600201
2024-05-14,0.000978841451632173,48.94207258160864
2024-05-15,0.003451626429780213,172.58132148901063
2024-05-16,-0.001035097275312047,-51.75486376560235
2024-05-17,0.0004184060421997908,20.920302109989542
2024-05-20,0.0007822428348879729,39.11214174439865
2024-05-21,-0.00015486573439175175,-7.743286719587587
2024-05-22,0.001733725821799636,86.6862910899818
2024-05-23,0.003933790484504194,196.6895242252097
2024-05-24,0.0015563391221602005,77.81695610801002
2024-05-27,-0.00038131610869583416,-19.06580543479171
2024-05-28,-0.0026109267261921042,-130.5463363096052
2024-05-29,-0.0002892585065441455,-14.462925327207277
2024-05-30,0.0009983038266884057,49.915191334420285
2024-05-31,0.005186172243944314,259.30861219721567
2024-06-03,-0.0001358201329921101,-6.791006649605505
2024-06-04,0.000587961033624091,29.398051681204553
2024-06-05,0.0013756069465922132,68.78034732961066
2024-06-06,-0.0006212418468480962,-31.06209234240481
2024-06-07,-0.000510305802768079,-25.515290138403948
2024-06-10,0.0012702177047161968,63.51088523580984
2024-06-11,0.002152159255152333,107.60796275761666
2024-06-12,-0.0002847358464720441,-14.236792323602204
2024-06-13,-0.0001220296484880189,-6.101482424400945
2024-06-14,0.0005029100664960779,25.145503324803897
2024-06-17,0.001619666243568251,80.98331217841255
2024-06-18,-0.0008357181987361294,-41.78590993680647
2024-06-19,8.505096712801318e-05,4.252548356400659
2024-06-20,0.0015420110127122388,77.10055063561194
2024-06-21,0.0,0.0
2024-06-24,-0.0016381555842482536,-81.90777921241268
2024-06-25,0.0013460240015042086,67.30120007521043
2024-06-26,-0.0012683687706481965,-63.41843853240982
2024-06-27,-0.002254198221528219,-112.70991107641096
2024-06-28,-0.003616950727696278,-180.8475363848139
2024-07-01,-0.0037369044195122328,-186.84522097561162
2024-07-02,0.0012348098270644006,61.74049135322003
2024-07-03,0.0006902083868283297,34.51041934141649
2024-07-04,-0.0004807321755679301,-24.036608778396506
2024-07-05,0.0017304540452081965,86.52270226040983
2024-07-08,-0.0009726135816158084,-48.630679080790415
2024-07-09,0.002421195538664005,121.05977693320025
2024-07-10,-0.00042425384760015465,-21.21269238000773
2024-07-11,0.0022572426942602934,112.86213471301467
2024-07-12,0.0004006858673838848,20.034293369194238
2024-07-15,0.0007417517993835751,37.08758996917875
2024-07-16,0.0011222707885516314,56.11353942758157
2024-07-17,0.003568832133744237,178.44160668721184
2024-07-18,-0.0002741891848957109,-13.709459244785545
2024-07-19,0.00016617224394432613,8.308612197216307
2024-07-22,-0.003481074968632221,-174.05374843161107
2024-07-23,-0.0017493511229122933,-87.46755614561467
2024-07-24,0.0013227753790048262,66.13876895024131
2024-07-25,-0.0037949024434324906,-189.74512217162453
2024-07-26,-0.001614874771024214,-80.7437385512107
2024-07-29,0.0015969879992478266,79.84939996239133
2024-07-30,0.0017925345201965034,89.62672600982518
2024-07-31,0.0016244763518880562,81.2238175944028
2024-08-01,0.003916042356024606,195.8021178012303
2024-08-02,-0.0012868581113281994,-64.34290556640997
2024-08-05,-0.0003475996047840538,-17.37998023920269
2024-08-06,-0.0008318257799759661,-41.591288998798305
2024-08-07,0.002756760695388427,137.83803476942134
2024-08-08,0.003572140619376553,178.60703096882767
2024-08-09,0.0009096755614561409,45.48377807280704
2024-08-12,-0.000458535648864071,-22.92678244320355
2024-08-13,0.0022630952992323504,113.15476496161752
2024-08-14,-0.002836264860312439,-141.81324301562196
2024-08-15,0.00180825751850428,90.412875925214
2024-08-16,0.0008209267261921272,41.04633630960636
2024-08-19,-0.0013608154740482109,-68.04077370241055
2024-08-20,-0.0007506672316081163,-37.53336158040581
2024-08-21,-0.0013090453201442028,-65.45226600721014
2024-08-22,0.002601450233676403,130.07251168382015
2024-08-23,-0.0020892954968403234,-104.46477484201617
2024-08-26,0.000917071297728142,45.8535648864071
2024-08-27,0.0011463391221601775,57.316956108008874
2024-08-28,0.0012018071442001861,60.09035721000931
2024-08-29,-0.0028331879156004635,-141.65939578002317
2024-08-30,0.00036159423905563664,18.07971195278183
2024-09-02,-0.0009486932091920325,-47.43466045960162
2024-09-03,0.004215569675040653,210.77848375203266
2024-09-04,-0.0006670249895440509,-33.35124947720254
2024-09-05,-0.0042672102222803005,-213.36051111401503
2024-09-06,0.0025732155880087643,128.6607794004382
2024-09-09,-0.0020075902868961063,-100.37951434480532
2024-09-10,-0.0028551435834961265,-142.75717917480634
2024-09-11,0.0031054307504884715,155.27153752442356
2024-09-12,0.0024997681778243003,124.98840889121502
2024-09-13,-0.0007573031199038761,-37.8651559951938
2024-09-16,-0.002277738529336224,-113.88692646681119
2024-09-17,-0.003011649583872167,-150.58247919360835
2024-09-18,-0.0024606209234239902,-123.0310461711995
2024-09-19,0.0004914643511359289,24.573217556796443
2024-09-20,0.0017141798670078326,85.70899335039164
2024-09-23,-0.0022950972753120694,-114.75486376560347
2024-09-24,-0.0011276179593044753,-56.38089796522377
2024-09-25,-0.002299202880472107,-114.96014402360534
2024-09-26,0.0030287208816003664,151.43604408001832
2024-09-27,0.0017007228576800056,85.03614288400028
2024-09-30,-0.001445866441176224,-72.2933220588112
2024-10-01,-0.00026624650579204126,-13.312325289602063
2024-10-02,0.00015900832984802463,7.9504164924012315
2024-10-03,-0.002932409431848454,-146.62047159242272
2024-10-04,-0.0030137625308404663,-150.68812654202333
2024-10-07,-0.0012129007486081879,-60.645037430409396
2024-10-08,0.00300832246246414,150.416123123207
2024-10-09,0.0013645133421842114,68.22566710921058
2024-10-10,0.00038088041800805905,19.044020900402952
2024-10-11,0.0004955143302240768,24.77571651120384
2024-10-14,0.0,0.0
2024-10-15,0.001697321474424263,84.86607372121316
2024-10-16,-0.00047702498954407384,-23.85124947720369
2024-10-17,0.00044374417632006867,22.187208816003434
2024-10-18,-0.0004918164620880762,-24.59082310440381
2024-10-21,-0.001575291825936244,-78.7645912968122
2024-10-22,0.0007025949458401088,35.12974729200544
2024-10-23,0.0017416958920562697,87.08479460281349
2024-10-24,-0.0015900832984802463,-79.50416492401231
2024-10-25,-0.002821473387768437,-141.07366938842185
2024-10-28,0.0002847358464720441,14.236792323602204
2024-10-29,0.0021909868705803394,109.54934352901697
2024-10-30,-0.0013201759148483254,-66.00879574241627
2024-10-31,0.002215032331352256,110.7516165676128
2024-11-01,0.0006750789207916716,33.75394603958358
2024-11-04,-0.0012749860231681305,-63.749301158406524
2024-11-05,-0.00025964788904781833,-12.982394452390917
2024-11-06,0.0006706579137202493,33.532895686012466
2024-11-07,0.00046434646396837135,23.21732319841857
2024-11-08,-0.0010173307923121645,-50.866539615608225
2024-11-11,-0.0016848377807280246,-84.24188903640123
2024-11-12,0.0023968349572361766,119.84174786180883
2024-11-13,0.001732224480367563,86.61122401837815
2024-11-14,0.0004574420444560922,22.87210222280461
2024-11-15,0.0027987765076723015,139.93882538361507
2024-11-18,0.0017631509253043544,88.15754626521772
2024-11-19,0.0021997913319163455,109.98956659581728
2024-11-20,-0.0021055420026323646,-105.27710013161823
2024-11-21,-0.0031207412122004606,-156.03706061002302
2024-11-22,-0.0006080443321043491,-30.402216605217454
2024-11-25,0.0008814087250640166,44.07043625320083
2024-11-26,-0.000797173231984134,-39.8586615992067
2024-11-27,0.0009504263727999196,47.52131863999598
2024-11-28,-0.00034765523085600054,-17.382761542800026
2024-11-29,0.00047999068211215584,23.999534105607793
2024-12-02,0.0005990546380320928,29.95273190160464
2024-12-03,-3.621883338376431e-05,-1.8109416691882156
2024-12-04,0.0012369368914921916,61.84684457460958
2024-12-05,-0.00019300268286423722,-9.650134143211861
2024-12-06,0.0004881185939520756,24.40592969760378
2024-12-09,0.000987330792312153,49.36653961560765
2024-12-10,-0.001331232528960206,-66.5616264480103
2024-12-11,0.0009762371879041512,48.81185939520756
2024-12-12,-0.0007099906821121099,-35.4995341056055
2024-12-13,-0.0008061352536481249,-40.306762682406244
2024-12-16,0.0020578636176843187,102.89318088421594
2024-12-17,-0.0016122705072962498,-80.61352536481249
2024-12-18,-0.0015013344632162325,-75.06672316081162
2024-12-19,0.002440592969760378,122.0296484880189
2024-12-20,0.0,0.0
2024-12-23,-0.002414707892808374,-120.7353946404187
2024-12-24,0.0017232065513762668,86.16032756881334
2024-12-26,-9.614457153601488e-05,-4.807228576800744
2024-12-27,-0.0014606579137202264,-73.03289568601132
2024-12-30,-0.0031501852327362493,-157.50926163681245
2024-12-31,0.002612168573040269,130.60842865201346
2025-01-02,-0.0028916123123206416,-144.58061561603208
2025-01-03,0.0017251529013840852,86.25764506920426
2025-01-06,-0.0027595643093122476,-137.97821546561238
2025-01-07,0.003779258225288763,188.96291126443816
2025-01-08,-0.002648581957048081,-132.42909785240406
2025-01-09,-0.0005356812084398939,-26.784060421994695
2025-01-10,-0.0013943094736720899,-69.7154736836045
2025-01-13,0.00138644105641625,69.3220528208125
2025-01-14,0.0013501575603279844,67.50787801639922
2025-01-15,-0.0015377294927036928,-76.88647463518464
2025-01-16,0.0011957551890323305,59.78775945161653
2025-01-17,-0.0021283317803519834,-106.41658901759916
2025-01-20,0.0019043281094479384,95.21640547239691
2025-01-21,-0.00312470789280834,-156.23539464041698
2025-01-22,-0.000991195538664051,-49.55977693320255
2025-01-23,0.001941005506356165,97.05027531780826
2025-01-24,0.0003141564316604859,15.707821583024295
2025-01-27,-0.0035843741363766253,-179.21870681883127
2025-01-28,0.004023818156912436,201.1909078456218
2025-01-29,0.0002549676686477323,12.748383432386614
2025-01-30,0.0007584523503838588,37.92261751919294
2025-01-31,-0.0026525300018802487,-132.62650009401244
2025-02-03,-0.0024223168154803064,-121.11584077401533
2025-02-04,0.0009318627702721443,46.593138513607215
2025-02-05,-0.0011278497814801748,-56.39248907400874
2025-02-06,-0.0016403984191362153,-82.01992095681076
2025-02-07,0.002414707892808374,120.7353946404187
2025-02-10,0.0003919740224160607,19.598701120803035
2025-02-11,-0.0002995273190160464,-14.97636595080232
2025-02-12,0.0012092028804721873,60.46014402360937
2025-02-13,0.0019783594527603065,98.91797263801533
2025-02-14,0.0006606672316081393,33.03336158040697
2025-02-17,-0.00018119553866402806,-9.059776933201404
2025-02-18,-0.001168526330976181,-58.42631654880905
2025-02-19,-0.0011611305947041798,-58.05652973520899
2025-02-20,-0.0023333547938163613,-116.66773969081807
2025-02-21,0.002595903431472402,129.7951715736201
2025-02-24,0.001020611605536158,51.030580276807896
2025-02-25,0.0006352548356400888,31.762741782004444
2025-02-26,-0.002111482705656327,-105.57413528281634
2025-02-27,0.005428470423648841,271.4235211824421
2025-02-28,0.003853345475928494,192.6672737964247
2025-03-03,0.007189341523769056,359.4670761884528
2025-03-04,-0.003407617959304429,-170.38089796522144
2025-03-05,-0.0023489710582964645,-117.44855291482322
2025-03-06,-0.0034571732319841563,-172.8586615992078
2025-03-07,-0.006149332487136467,-307.46662435682333
2025-03-10,0.00285558351124482,142.779175562241
2025-03-11,-0.003217145278320498,-160.8572639160249
2025-03-12,0.0008262744594556881,41.313722972784404
2025-03-13,0.0024866728785918916,124.33364392959459
2025-03-14,0.0011529563746801687,57.64781873400844
2025-03-17,-0.001745634619000467,-87.28173095002334
2025-03-18,-0.0024967654949600397,-124.83827474800198
2025-03-19,0.005279995200428375,263.99976002141875
2025-03-20,-0.0011050230134643203,-55.25115067321601
2025-03-21,-0.002766635888295725,-138.33179441478626
2025-03-24,0.0011881279118399885,59.40639559199943
2025-03-25,-0.0006978870530317001,-34.89435265158501
2025-03-26,0.0021763204863844204,108.81602431922101
2025-03-27,-0.00010761795930442925,-5.380897965221463
2025-03-28,0.00022498122359655226,11.249061179827613
2025-03-31,0.004707256530464426,235.3628265232213
2025-04-01,-0.002433197233488377,-121.65986167441885
2025-04-02,0.0009356439368884714,46.782196844423574
2025-04-03,0.003276311168496507,163.81555842482535
2025-04-04,0.008091848652812561,404.5924326406281
2025-04-07,-0.005879610336240911,-293.98051681204555
2025-04-08,-0.0032837069047685088,-164.18534523842544
2025-04-09,0.01104368318816571,552.1841594082855
2025-04-10,0.005025402796824778,251.27013984123892
2025-04-11,-0.005106755895816791,-255.33779479083952
2025-04-14,4.807228576800744e-05,2.403614288400372
2025-04-15,9.614457153601488e-05,4.807228576800744
2025-04-16,-0.0027216309480964217,-136.0815474048211
2025-04-17,-0.00225939743109635,-112.96987155481749
2025-04-21,0.0006008247919361582,30.04123959680791
2025-04-22,0.003644249048028564,182.2124524014282
2025-04-23,-0.003254123959680504,-162.7061979840252
2025-04-24,0.0036276086414165614,181.38043207082808
2025-04-25,-0.0020966912331123245,-104.83456165561623
2025-04-28,-0.0015568024852562411,-77.84012426281205
2025-04-29,0.0005168581113282682,25.842905566413414
2025-04-30,0.004214860653564722,210.74303267823612
2025-05-01,-0.0035672751662401596,-178.36375831200797
2025-05-02,-0.0015778407448476777,-78.89203724238389
2025-05-05,-0.0014980259775839162,-74.9012988791958
2025-05-06,-0.0018044949876637785,-90.22474938318892
2025-05-07,-0.00019054666157628701,-9.527333078814351
2025-05-08,0.00147395764397537,73.6978821987685
2025-05-09,-0.0013876275584476547,-69.38137792238274
2025-05-12,-0.003377469716864346,-168.87348584321728
2025-05-13,0.0020212788371442745,101.06394185721372
2025-05-14,-8.650600037605216e-05,-4.325300018802608
2025-05-15,0.002898025977583916,144.9012988791958
2025-05-16,-0.00366093604407996,-183.046802203998
2025-05-19,0.0002765243548964965,13.826217744824826
2025-05-20,0.0014251438647515313,71.25719323757656
2025-05-21,-0.0013194993653523532,-65.97496826761765
2025-05-22,-0.0028679517157361896,-143.3975857868095
2025-05-23,0.0008824003952159575,44.120019760797874
2025-05-26,-0.0003488970777040509,-17.444853885202544
2025-05-27,-1.7071578983443667e-05,-0.8535789491721834
2025-05-28,0.0008556625726642284,42.78312863321142
2025-05-29,-0.0015055329659998107,-75.27664829999054
2025-05-30,-0.004239045320144156,-211.9522660072078
2025-06-02,-0.00238558831081641,-119.27941554082051
2025-06-03,0.00013507863953633606,6.753931976816803
2025-06-04,-0.001497636595080232,-74.88182975401159
2025-06-05,-0.0024886652555283855,-124.43326277641927
2025-06-06,-0.002859156572288096,-142.9578286144048
2025-06-09,-8.13530989920126e-05,-4.06765494960063
2025-06-10,-0.0017379980239202693,-86.89990119601347
2025-06-11,-0.0017490916283282709,-87.45458141641355
2025-06-12,0.0005164040661200831,25.820203306004153
2025-06-13,-0.002529341805024392,-126.46709025121959
2025-06-16,0.0,0.0
2025-06-17,-0.0014162834960882193,-70.81417480441097
2025-06-18,-0.0017712788371442743,-88.56394185721372
2025-06-19,0.0,0.0
2025-06-20,0.0,0.0
2025-06-23,-0.0029619923769364587,-148.09961884682295
2025-06-24,0.0009910286604481535,49.55143302240768
2025-06-25,9.1195538664051e-05,4.55977693320255
2025-06-26,0.0014828451225362296,74.14225612681149
2025-06-27,-0.0022345133421842,-111.72566710921
2025-06-30,0.0021584523503838013,107.92261751919007
2025-07-01,0.0022854030780801605,114.27015390400803
2025-07-02,0.0031869137374001457,159.34568687000728
2025-07-03,5.676549496012035e-05,2.8382747480060178
2025-07-04,-0.001034735846472044,-51.7367923236022
2025-07-07,0.0025127248337597934,125.63624168798967
2025-07-08,0.001895347733263595,94.76738666317975
2025-07-09,1.9193843839713414e-05,0.9596921919856707
2025-07-10,-0.0014199813642242199,-70.999068211211
2025-07-11,-0.0006155699562960119,-30.7784978148006
2025-07-14,0.0017382298460959689,86.91149230479844
2025-07-15,-0.0016361725251996732,-81.80862625998365
2025-07-16,0.0005168214022873911,25.841070114369554
2025-07-17,0.0030059870112079954,150.29935056039977
2025-07-18,0.0007321872088160262,36.60936044080131
2025-07-21,-0.0005558201329920985,-27.791006649604924
2025-07-22,0.0012037071860239133,60.18535930119567
2025-07-23,-0.0033102501766960747,-165.51250883480373
2025-07-24,-0.0016228544404240622,-81.14272202120311
2025-07-25,-0.0001276089226719209,-6.380446133596045
2025-07-28,-0.0004992121983600774,-24.96060991800387
2025-07-29,0.001599045320144237,79.95226600721185
2025-07-30,0.0008535219532876063,42.676097664380315
2025-07-31,0.0034452963442525098,172.2648172126255
2025-08-01,-0.0003882761542800601,-19.413807714003003
2025-08-04,0.000510305802768079,25.515290138403948
2025-08-05,0.00212997204633633,106.4986023168165
2025-08-06,0.0022704910355043515,113.52455177521757
2025-08-07,0.0020966912331123245,104.83456165561623
2025-08-08,0.0009244670340001432,46.22335170000716
2025-08-11,-0.0009947265285841541,-49.73632642920771
2025-08-12,0.00180825751850428,90.412875925214
2025-08-13,0.0007025949458401088,35.12974729200544
2025-08-14,-0.0007802501766961209,-39.01250883480604
2025-08-15,-0.0009725393197681506,-48.62696598840753
2025-08-18,-0.0009355606384081449,-46.778031920407244
2025-08-19,0.002292678244320355,114.63391221601775
2025-08-20,-0.0031912602013684944,-159.56301006842472
2025-08-21,-0.0019117978263122962,-95.5898913156148
2025-08-22,0.0011352455177521758,56.76227588760879
2025-08-25,-0.0007173864183841112,-35.869320919205556
2025-08-26,0.0006619183963441024,33.09591981720512
2025-08-27,0.0007654587041521185,38.272935207605926
2025-08-28,0.0012596941972319092,62.98470986159546
2025-08-29,0.00285017619610381,142.5088098051905
2025-09-01,-0.0003030769447119753,-15.153847235598766
2025-09-02,0.003305125228975774,165.2562614487887
2025-09-03,-0.002410203868512041,-120.51019342560205
2025-09-04,-0.003201186220776161,-160.05931103880806
2025-09-05,-0.00046369814939132463,-23.18490746956623
2025-09-08,-0.001814198221528242,-90.7099110764121
2025-09-09,0.0016109176895596645,80.54588447798322
2025-09-10,-0.0010364690100798163,-51.82345050399081
2025-09-11,0.00042677481284802174,21.33874064240109
2025-09-12,-0.00045845235038380165,-22.922617519190084
2025-09-15,0.0031590732738078263,157.95366369039132
2025-09-16,-0.0011476089226719092,-57.38044613359546
2025-09-17,0.0009045503324804241,45.227516624021206
2025-09-18,-0.0003439017366480533,-17.195086832402666
2025-09-19,0.002281371734767781,114.06858673838904
2025-09-22,0.004007678384948068,200.3839192474034
2025-09-23,0.0029000601443882235,145.00300721941116
2025-09-24,0.0024846432301038617,124.23216150519308
2025-09-25,0.0007253104617120699,36.2655230856035
2025-09-26,-0.002832372441552276,-141.61862207761382
2025-09-29,-0.00276727516624016,-138.363758312008
2025-09-30,0.0007913437811041226,39.56718905520613
2025-10-01,0.0022446059585523475,112.23029792761737
2025-10-02,-0.0016899257381522619,-84.4962869076131
2025-10-03,0.0018859127493602921,94.2956374680146
2025-10-06,-0.000632335451256098,-31.616772562804897
2025-10-07,0.001142641254024177,57.132062701208845
2025-10-08,0.0018415383317282852,92.07691658641426
2025-10-09,0.0012314366787276978,61.57183393638489
2025-10-10,0.004293224905896665,214.66124529483324
2025-10-13,0.0002181742200240338,10.908711001201691
2025-10-14,0.000987330792312153,49.36653961560765
2025-10-15,-0.002126274178200329,-106.31370891001646
2025-10-16,-0.0015124280676242342,-75.6214033812117
2025-10-17,0.005813308766887697,290.6654383443849
2025-10-20,0.0007321778909281134,36.60889454640567
2025-10-21,-0.0002847358464720441,-14.236792323602204
2025-10-22,0.0036276086414165614,181.38043207082808
2025-10-23,0.0009466542428161466,47.33271214080733
2025-10-24,-0.0006619183963441024,-33.09591981720512
2025-10-27,0.001490838628140268,74.54193140701341
2025-10-28,-0.0010169137374001574,-50.84568687000787
2025-10-29,0.0014477153752442242,72.38576876221121
2025-10-30,0.004043864746351875,202.19323731759374
2025-10-31,0.0015910842865201002,79.55421432600501
2025-11-03,-0.00341164054723967,-170.5820273619835
2025-11-04,-0.0025076461942235262,-125.38230971117632
2025-11-05,-0.0015397128330076316,-76.98564165038158
2025-11-06,0.002064707892808374,103.23539464041869
2025-11-07,-0.00347386446509647,-173.6932232548235
2025-11-10,0.001029685160599458,51.4842580299729
2025-11-11,-0.0034129100664961,-170.64550332480502
2025-11-12,0.002178999293215516,108.9499646607758
2025-11-13,0.002170546661576241,108.52733307881205
2025-11-14,0.0008458108151042773,42.29054075521386
2025-11-17,0.0038978407448476086,194.89203724238044
2025-11-18,-0.005542446703399957,-277.1223351699978
2025-11-19,-0.008949647607792608,-447.4823803896304
2025-11-20,-0.0034022705072962265,-170.11352536481132
2025-11-21,-0.00082503205009692,-41.251602504846
2025-11-24,0.00702837808853596,351.418904426798
2025-11-25,0.0016730303552724562,83.6515177636228
2025-11-26,-0.0035408711001202837,-177.04355500601417
2025-11-27,-0.0002709916701520441,-13.549583507602204
2025-11-28,-0.00024163122935194094,-12.081561467597046
2025-12-01,-0.0007807321755679874,-39.03660877839937
2025-12-02,-0.0042551898916803315,-212.75949458401658
2025-12-03,0.0012424836936961925,62.12418468480962
2025-12-04,-0.0014162834960882193,-70.81417480441097
2025-12-05,-0.002274188903640352,-113.7094451820176
2025-12-08,-0.00020032443854399646,-10.016221927199823
2025-12-09,0.0006545226600721014,32.72613300360507
2025-12-10,-0.0016011769028882478,-80.05884514441239
2025-12-11,0.0007395736272001145,36.97868136000573
2025-12-12,0.0029730859813444604,148.654299067223
2025-12-15,0.001323836792688205,66.19183963441024
2025-12-16,-0.0029139200911684512,-145.69600455842257
2025-12-17,0.004400463081840682,220.0231540920341
2025-12-18,-0.0016640406612002576,-83.20203306001288
2025-12-22,-0.0006101482424400945,-30.507412122004727
2025-12-23,-0.0017084150788322645,-85.42075394161323
2025-12-24,0.00046962925327207275,23.481462663603637
2025-12-26,-0.00011463391221601776,-5.731695610800887
2025-12-29,-0.001246181561832193,-62.30907809160965
2025-12-30,-0.0007910656507444465,-39.55328253722232
2025-12-31,0.004166348440048022,208.3174220024011
2026-01-02,0.00582062996005651,291.0314980028255
2026-01-05,-0.002590250176696258,-129.5125088348129
2026-01-06,0.0009809823522640394,49.04911761320197
2026-01-07,-0.00413793336121594,-206.896668060797
2026-01-08,0.003938832414999641,196.94162074998206
2026-01-09,-0.0014309543986004152,-71.54771993002076
2026-01-12,-0.0024131512065597134,-120.65756032798568
2026-01-13,0.003066005646983787,153.30028234918936
2026-01-14,-0.00510501397683188,-255.25069884159402
2026-01-15,0.0001611675850003583,8.058379250017916
2026-01-16,-0.0023267471404398708,-116.33735702199354
2026-01-19,0.0007232158692640653,36.16079346320326
2026-01-20,-0.00591640406612014,-295.820203306007
2026-01-21,0.009621807425455705,481.09037127278526
2026-01-22,0.0033780818849112335,168.90409424556168
2026-01-23,0.0029497035151197417,147.4851757559871
2026-01-26,-0.0038436145696558225,-192.18072848279112
2026-01-27,0.006445672171807535,322.28360859037673
2026-01-28,-0.005025885358207591,-251.29426791037955
2026-01-29,0.012564115766814161,628.2057883407081
2026-01-30,0.02183590879355473,1091.7954396777366
2026-02-02,0.00033650600037605214,16.825300018802608
2026-02-03,0.002414707892808374,120.7353946404187
2026-02-04,0.005258368489392815,262.91842446964074
2026-02-05,-0.0012092028804721873,-60.46014402360937
2026-02-06,0.0021040869693843257,105.20434846921628
2026-02-09,0.002041223211072316,102.06116055361579
2026-02-10,-0.0027475160250484253,-137.37580125242127
2026-02-11,6.286375831200974e-05,3.143187915600487
2026-02-12,0.004786890302052742,239.34451510263708
2026-02-13,-0.001575291825936244,-78.7645912968122
2026-02-16,-0.0014347728367682224,-71.73864183841111
2026-02-17,-0.005217691939896808,-260.8845969948404
2026-02-18,-0.0008948840889121386,-44.74420444560693
2026-02-19,-0.002433197233488377,-121.65986167441885
2026-02-20,0.0014606579137202264,73.03289568601132
2026-02-23,0.0012942538476002005,64.71269238001003
2026-02-24,0.00019103797833595185,9.551898916797592
2026-02-25,0.0004363484400480676,21.817422002403383
2026-02-26,0.005449443739280304,272.4721869640152
2026-02-27,0.003729703515119696,186.4851757559848
2026-03-02,-0.005801955949151204,-290.0977974575602
2026-03-03,-0.0033798514763045237,-168.9925738152262
2026-03-04,0.0012873677826082167,64.36838913041083
2026-03-05,-0.0020231695610800886,-101.15847805400443
2026-03-06,-0.001848924750112488,-92.4462375056244
2026-03-09,0.008594156431660381,429.7078215830191
2026-03-10,-0.006472233517000209,-323.61167585001044
2026-03-11,-0.0019069600455842255,-95.34800227921127
2026-03-12,0.005853568261471754,292.6784130735877
2026-03-13,0.008167293802016157,408.3646901008079
2026-03-16,0.0020033367205515287,100.16683602757644
2026-03-17,-0.0007625579555440681,-38.12789777720341
2026-03-18,-0.0033440319058233602,-167.20159529116802
2026-03-19,0.002933966680607718,146.6983340303859
2026-03-20,0.010808156146759245,540.4078073379623
