setup_id,signal_time,direction,entry_time,entry_price,stop_price,target_price,evaluation_end_time,mfe_ticks_1m,mae_ticks_1m,mfe_usd_1m,mae_usd_1m,first_touch,first_touch_time,first_touch_minutes_after_entry,baseline_exit_level_touched_before_hybrid_exit,hybrid_stop_touched_before_baseline_target,hybrid_target_touched_before_baseline_stop,min_low_before_target,max_high_before_stop,adverse_excursion_before_favorable_excursion,favorable_excursion_before_adverse_excursion,time_to_mfe_minutes,time_to_mae_minutes,stop_touch_time,target_touch_time,ambiguous_policy_applied
short|2019-05-17 09:30:00-0400,2019-05-17 09:30:00-04:00,short,2019-05-17 10:31:00-04:00,7567.5,7578.75,7529.4875,2019-05-17 12:31:00-04:00,81.0,209.0,40.5,104.5,stop,2019-05-17 10:44:00-04:00,13.0,True,False,False,7547.25,7579.0,True,False,104,37,2019-05-17 10:44:00-04:00,,
short|2019-06-04 09:30:00-0400,2019-06-04 09:30:00-04:00,short,2019-06-04 10:31:00-04:00,7089.75,7092.25,7040.7125,2019-06-04 12:31:00-04:00,80.0,212.0,40.0,106.0,stop,2019-06-04 11:00:00-04:00,29.0,False,False,False,7069.75,7092.25,False,True,15,79,2019-06-04 11:00:00-04:00,,
long|2019-06-25 09:30:00-0400,2019-06-25 09:30:00-04:00,long,2019-06-25 10:31:00-04:00,7716.5,7700.75,7747.5375,2019-06-25 12:31:00-04:00,0.0,145.0,0.0,72.5,stop,2019-06-25 10:38:00-04:00,7.0,True,False,False,7680.25,7716.5,False,True,0,26,2019-06-25 10:38:00-04:00,,
long|2019-07-01 09:30:00-0400,2019-07-01 09:30:00-04:00,long,2019-07-01 10:31:00-04:00,7809.25,7802.75,7838.4875,2019-07-01 12:31:00-04:00,23.0,98.0,11.5,49.0,stop,2019-07-01 10:34:00-04:00,3.0,True,False,False,7784.75,7809.25,False,True,16,115,2019-07-01 10:34:00-04:00,,
long|2019-07-05 09:30:00-0400,2019-07-05 09:30:00-04:00,long,2019-07-05 10:31:00-04:00,7804.25,7803.75,7826.3125,2019-07-05 12:31:00-04:00,150.0,29.0,75.0,14.5,stop,2019-07-05 10:31:00-04:00,0.0,False,True,False,7797.0,7807.5,True,False,115,15,2019-07-05 10:31:00-04:00,,
long|2019-07-08 09:30:00-0400,2019-07-08 09:30:00-04:00,long,2019-07-08 10:31:00-04:00,7791.0,7777.75,7816.95,2019-07-08 12:31:00-04:00,75.0,39.0,37.5,19.5,none,,,True,False,False,7781.25,7809.75,False,True,41,94,,,
short|2019-07-09 09:30:00-0400,2019-07-09 09:30:00-04:00,short,2019-07-09 10:31:00-04:00,7811.75,7815.5,7785.075,2019-07-09 12:31:00-04:00,3.0,108.0,1.5,54.0,stop,2019-07-09 10:33:00-04:00,2.0,True,False,False,7811.0,7819.75,False,True,0,110,2019-07-09 10:33:00-04:00,,
short|2019-07-18 09:30:00-0400,2019-07-18 09:30:00-04:00,short,2019-07-18 10:31:00-04:00,7898.5,7905.5,7876.9625,2019-07-18 12:31:00-04:00,213.0,6.0,106.5,3.0,target,2019-07-18 10:55:00-04:00,24.0,False,False,False,7875.25,7900.0,True,False,76,0,,2019-07-18 10:55:00-04:00,
short|2019-07-22 09:30:00-0400,2019-07-22 09:30:00-04:00,short,2019-07-22 10:31:00-04:00,7904.75,7919.5,7873.1375,2019-07-22 12:31:00-04:00,67.0,28.0,33.5,14.0,none,,,True,False,False,7888.0,7911.75,True,False,49,9,,,
long|2019-07-23 09:30:00-0400,2019-07-23 09:30:00-04:00,long,2019-07-23 10:31:00-04:00,7925.5,7913.5,7955.6375,2019-07-23 12:31:00-04:00,78.0,69.0,39.0,34.5,stop,2019-07-23 12:03:00-04:00,92.0,True,False,False,7908.25,7945.0,False,True,26,93,2019-07-23 12:03:00-04:00,,
long|2019-07-25 09:30:00-0400,2019-07-25 09:30:00-04:00,long,2019-07-25 10:31:00-04:00,7961.75,7944.25,7986.425,2019-07-25 12:31:00-04:00,96.0,47.0,48.0,23.5,none,,,False,False,False,7950.0,7985.75,False,True,27,98,,,
long|2019-08-01 13:30:00-0400,2019-08-01 13:30:00-04:00,long,2019-08-01 14:31:00-04:00,7807.5,7795.5,7857.25,2019-08-01 16:31:00-04:00,156.0,122.0,78.0,61.0,stop,2019-08-01 14:33:00-04:00,2.0,True,False,False,7777.0,7817.25,True,False,69,12,2019-08-01 14:33:00-04:00,,
long|2019-08-02 09:30:00-0400,2019-08-02 09:30:00-04:00,long,2019-08-02 10:31:00-04:00,7691.25,7688.5,7748.075,2019-08-02 12:31:00-04:00,71.0,152.0,35.5,76.0,stop,2019-08-02 10:31:00-04:00,0.0,True,False,False,7653.25,7691.5,True,False,119,21,2019-08-02 10:31:00-04:00,,
short|2019-08-13 09:30:00-0400,2019-08-13 09:30:00-04:00,short,2019-08-13 10:31:00-04:00,7773.75,7789.25,7722.3375,2019-08-13 12:31:00-04:00,319.0,24.0,159.5,12.0,target,2019-08-13 11:05:00-04:00,34.0,True,False,False,7722.0,7779.75,True,False,62,1,,2019-08-13 11:05:00-04:00,
long|2019-08-23 10:30:00-0400,2019-08-23 10:30:00-04:00,long,2019-08-23 11:31:00-04:00,7572.0,7553.0,7614.4875,2019-08-23 13:31:00-04:00,11.0,344.0,5.5,172.0,stop,2019-08-23 11:35:00-04:00,4.0,True,False,False,7486.0,7574.75,False,True,0,119,2019-08-23 11:35:00-04:00,,
short|2019-09-05 09:30:00-0400,2019-09-05 09:30:00-04:00,short,2019-09-05 10:31:00-04:00,7871.0,7886.5,7830.65,2019-09-05 12:31:00-04:00,94.0,33.0,47.0,16.5,none,,,True,False,False,7847.5,7879.25,True,False,112,7,,,
long|2019-09-24 11:30:00-0400,2019-09-24 11:30:00-04:00,long,2019-09-24 12:31:00-04:00,7744.5,7733.5,7783.55,2019-09-24 14:31:00-04:00,110.0,171.0,55.0,85.5,stop,2019-09-24 12:38:00-04:00,7.0,True,False,False,7701.75,7753.75,True,False,107,99,2019-09-24 12:38:00-04:00,,
long|2019-09-24 12:30:00-0400,2019-09-24 12:30:00-04:00,long,2019-09-24 13:31:00-04:00,7725.25,7705.25,7763.3125,2019-09-24 15:31:00-04:00,187.0,94.0,93.5,47.0,stop,2019-09-24 14:09:00-04:00,38.0,False,False,False,7701.75,7738.25,True,False,47,39,2019-09-24 14:09:00-04:00,,
short|2019-09-24 13:30:00-0400,2019-09-24 13:30:00-04:00,short,2019-09-24 14:31:00-04:00,7760.5,7772.0,7722.375,2019-09-24 16:31:00-04:00,197.0,11.0,98.5,5.5,target,2019-09-24 15:22:00-04:00,51.0,True,False,False,7718.25,7763.25,True,False,70,5,,2019-09-24 15:22:00-04:00,
long|2019-09-26 09:30:00-0400,2019-09-26 09:30:00-04:00,long,2019-09-26 10:31:00-04:00,7781.75,7758.0,7823.425,2019-09-26 12:31:00-04:00,63.0,187.0,31.5,93.5,stop,2019-09-26 11:01:00-04:00,30.0,True,False,False,7735.0,7797.5,False,True,18,49,2019-09-26 11:01:00-04:00,,
long|2019-09-27 09:30:00-0400,2019-09-27 09:30:00-04:00,long,2019-09-27 10:31:00-04:00,7763.5,7743.0,7811.35,2019-09-27 12:31:00-04:00,121.0,221.0,60.5,110.5,stop,2019-09-27 11:37:00-04:00,66.0,True,False,False,7708.25,7793.75,False,True,44,68,2019-09-27 11:37:00-04:00,,
long|2019-09-27 11:30:00-0400,2019-09-27 11:30:00-04:00,long,2019-09-27 12:31:00-04:00,7731.5,7708.25,7778.225,2019-09-27 14:31:00-04:00,51.0,250.0,25.5,125.0,stop,2019-09-27 12:56:00-04:00,25.0,True,False,False,7669.0,7744.25,False,True,9,117,2019-09-27 12:56:00-04:00,,
long|2019-10-02 09:30:00-0400,2019-10-02 09:30:00-04:00,long,2019-10-02 10:31:00-04:00,7588.75,7581.25,7630.6,2019-10-02 12:31:00-04:00,-1.0,186.0,-0.5,93.0,stop,2019-10-02 10:32:00-04:00,1.0,True,False,False,7542.25,7588.5,False,True,0,106,2019-10-02 10:32:00-04:00,,
short|2019-10-25 09:30:00-0400,2019-10-25 09:30:00-04:00,short,2019-10-25 10:31:00-04:00,7995.0,7996.5,7965.525,2019-10-25 12:31:00-04:00,34.0,180.0,17.0,90.0,stop,2019-10-25 10:31:00-04:00,0.0,True,False,False,7986.5,7997.0,False,True,10,84,2019-10-25 10:31:00-04:00,,
long|2019-11-18 09:30:00-0500,2019-11-18 09:30:00-05:00,long,2019-11-18 10:31:00-05:00,8291.25,8279.25,8313.9875,2019-11-18 12:31:00-05:00,133.0,1.0,66.5,0.5,target,2019-11-18 11:10:00-05:00,39.0,True,False,False,8291.0,8324.5,True,False,77,0,,2019-11-18 11:10:00-05:00,
long|2019-11-19 09:30:00-0500,2019-11-19 09:30:00-05:00,long,2019-11-19 10:31:00-05:00,8339.0,8330.5,8360.4125,2019-11-19 12:31:00-05:00,73.0,105.0,36.5,52.5,stop,2019-11-19 10:47:00-05:00,16.0,False,False,False,8312.75,8345.0,True,False,68,26,2019-11-19 10:47:00-05:00,,
long|2019-11-20 12:30:00-0500,2019-11-20 12:30:00-05:00,long,2019-11-20 13:31:00-05:00,8243.5,8230.75,8268.4375,2019-11-20 15:31:00-05:00,174.0,14.0,87.0,7.0,target,2019-11-20 13:53:00-05:00,22.0,True,False,False,8240.0,8287.0,True,False,103,1,,2019-11-20 13:53:00-05:00,
long|2019-11-21 09:30:00-0500,2019-11-21 09:30:00-05:00,long,2019-11-21 10:31:00-05:00,8261.5,8254.0,8287.1875,2019-11-21 12:31:00-05:00,72.0,59.0,36.0,29.5,stop,2019-11-21 10:31:00-05:00,0.0,True,False,False,8246.75,8262.25,False,True,33,90,2019-11-21 10:31:00-05:00,,
long|2019-12-02 09:30:00-0500,2019-12-02 09:30:00-05:00,long,2019-12-02 10:31:00-05:00,8302.0,8299.25,8319.65,2019-12-02 12:31:00-05:00,71.0,104.0,35.5,52.0,stop,2019-12-02 10:31:00-05:00,0.0,True,False,False,8276.0,8302.0,True,False,100,4,2019-12-02 10:31:00-05:00,,
short|2019-12-12 09:30:00-0500,2019-12-12 09:30:00-05:00,short,2019-12-12 10:31:00-05:00,8491.0,8497.0,8465.7125,2019-12-12 12:31:00-05:00,354.0,6.0,177.0,3.0,target,2019-12-12 10:48:00-05:00,17.0,True,False,False,8464.0,8492.5,True,False,112,0,,2019-12-12 10:48:00-05:00,
long|2019-12-27 09:30:00-0500,2019-12-27 09:30:00-05:00,long,2019-12-27 10:31:00-05:00,8806.5,8780.0,8826.4625,2019-12-27 12:31:00-05:00,54.0,37.0,27.0,18.5,none,,,False,False,False,8797.25,8820.0,False,True,72,119,,,
long|2019-12-30 09:30:00-0500,2019-12-30 09:30:00-05:00,long,2019-12-30 10:31:00-05:00,8710.5,8691.0,8733.4875,2019-12-30 12:31:00-05:00,160.0,26.0,80.0,13.0,target,2019-12-30 11:22:00-05:00,51.0,False,False,False,8704.0,8750.5,True,False,120,4,,2019-12-30 11:22:00-05:00,
short|2019-12-30 10:30:00-0500,2019-12-30 10:30:00-05:00,short,2019-12-30 11:31:00-05:00,8732.25,8736.5,8708.275,2019-12-30 13:31:00-05:00,19.0,95.0,9.5,47.5,stop,2019-12-30 11:44:00-05:00,13.0,False,False,False,8727.5,8737.75,False,True,11,84,2019-12-30 11:44:00-05:00,,
short|2020-01-03 09:30:00-0500,2020-01-03 09:30:00-05:00,short,2020-01-03 10:31:00-05:00,8831.0,8840.75,8802.125,2020-01-03 12:31:00-05:00,102.0,87.0,51.0,43.5,stop,2020-01-03 12:01:00-05:00,90.0,True,False,False,8805.5,8843.25,False,True,39,95,2020-01-03 12:01:00-05:00,,
long|2020-01-24 09:30:00-0500,2020-01-24 09:30:00-05:00,long,2020-01-24 10:31:00-05:00,9237.25,9232.25,9267.15,2020-01-24 12:31:00-05:00,74.0,301.0,37.0,150.5,stop,2020-01-24 10:32:00-05:00,1.0,False,False,False,9162.0,9239.0,False,True,38,108,2020-01-24 10:32:00-05:00,,
long|2020-01-24 11:30:00-0500,2020-01-24 11:30:00-05:00,long,2020-01-24 12:31:00-05:00,9182.0,9162.0,9215.3375,2020-01-24 14:31:00-05:00,73.0,289.0,36.5,144.5,stop,2020-01-24 13:30:00-05:00,59.0,True,False,False,9109.75,9200.25,False,True,18,113,2020-01-24 13:30:00-05:00,,
short|2020-01-27 09:30:00-0500,2020-01-27 09:30:00-05:00,short,2020-01-27 10:31:00-05:00,8987.25,8994.25,8942.3625,2020-01-27 12:31:00-05:00,174.0,83.0,87.0,41.5,stop,2020-01-27 12:15:00-05:00,104.0,False,False,False,8943.75,8994.25,False,True,49,111,2020-01-27 12:15:00-05:00,,
long|2020-01-29 09:30:00-0500,2020-01-29 09:30:00-05:00,long,2020-01-29 10:31:00-05:00,9096.5,9072.25,9148.2375,2020-01-29 12:31:00-05:00,159.0,15.0,79.5,7.5,none,,,False,False,False,9092.75,9136.25,True,False,108,4,,,
long|2020-01-31 09:30:00-0500,2020-01-31 09:30:00-05:00,long,2020-01-31 10:31:00-05:00,9075.0,9069.25,9117.4,2020-01-31 12:31:00-05:00,48.0,240.0,24.0,120.0,stop,2020-01-31 10:43:00-05:00,12.0,True,False,False,9015.0,9087.0,False,True,3,68,2020-01-31 10:43:00-05:00,,
short|2020-02-13 09:30:00-0500,2020-02-13 09:30:00-05:00,short,2020-02-13 10:31:00-05:00,9585.5,9592.75,9549.9375,2020-02-13 12:31:00-05:00,30.0,185.0,15.0,92.5,stop,2020-02-13 10:35:00-05:00,4.0,True,False,False,9578.0,9594.0,False,True,2,99,2020-02-13 10:35:00-05:00,,
long|2020-02-20 11:30:00-0500,2020-02-20 11:30:00-05:00,long,2020-02-20 12:31:00-05:00,9568.5,9516.25,9604.3125,2020-02-20 14:31:00-05:00,224.0,83.0,112.0,41.5,target,2020-02-20 13:11:00-05:00,40.0,True,False,False,9547.75,9624.5,True,False,99,1,,2020-02-20 13:11:00-05:00,
long|2020-02-21 09:30:00-0500,2020-02-21 09:30:00-05:00,long,2020-02-21 10:31:00-05:00,9523.25,9481.5,9568.1125,2020-02-21 12:31:00-05:00,50.0,203.0,25.0,101.5,stop,2020-02-21 10:40:00-05:00,9.0,True,False,False,9472.5,9524.75,True,False,94,15,2020-02-21 10:40:00-05:00,,
long|2020-02-25 09:30:00-0500,2020-02-25 09:30:00-05:00,long,2020-02-25 10:31:00-05:00,9060.5,9038.5,9144.175,2020-02-25 12:31:00-05:00,76.0,474.0,38.0,237.0,stop,2020-02-25 10:32:00-05:00,1.0,True,False,False,8942.0,9060.25,False,True,14,48,2020-02-25 10:32:00-05:00,,
short|2020-02-26 09:30:00-0500,2020-02-26 09:30:00-05:00,short,2020-02-26 10:31:00-05:00,8999.75,9015.5,8900.5375,2020-02-26 12:31:00-05:00,534.0,152.0,267.0,76.0,stop,2020-02-26 10:35:00-05:00,4.0,True,True,False,8866.25,9022.75,True,False,107,20,2020-02-26 10:35:00-05:00,,
long|2020-04-07 09:30:00-0400,2020-04-07 09:30:00-04:00,long,2020-04-07 10:31:00-04:00,8138.5,8121.5,8239.6125,2020-04-07 12:31:00-04:00,480.0,278.0,240.0,139.0,stop,2020-04-07 10:41:00-04:00,10.0,False,True,False,8069.0,8169.75,True,False,111,23,2020-04-07 10:41:00-04:00,,
long|2020-04-17 09:30:00-0400,2020-04-17 09:30:00-04:00,long,2020-04-17 10:31:00-04:00,8792.0,8764.0,8867.3,2020-04-17 12:31:00-04:00,15.0,311.0,7.5,155.5,stop,2020-04-17 10:38:00-04:00,7.0,True,False,False,8714.25,8795.75,False,True,1,61,2020-04-17 10:38:00-04:00,,
long|2020-04-21 09:30:00-0400,2020-04-21 09:30:00-04:00,long,2020-04-21 10:31:00-04:00,8529.75,8515.0,8604.9625,2020-04-21 12:31:00-04:00,25.0,751.0,12.5,375.5,stop,2020-04-21 10:32:00-04:00,1.0,True,False,False,8342.0,8536.0,False,True,0,72,2020-04-21 10:32:00-04:00,,
long|2020-04-21 10:30:00-0400,2020-04-21 10:30:00-04:00,long,2020-04-21 11:31:00-04:00,8387.25,8345.25,8466.075,2020-04-21 13:31:00-04:00,262.0,181.0,131.0,90.5,stop,2020-04-21 11:43:00-04:00,12.0,False,False,False,8342.0,8401.25,True,False,119,12,2020-04-21 11:43:00-04:00,,
long|2020-04-28 09:30:00-0400,2020-04-28 09:30:00-04:00,long,2020-04-28 10:31:00-04:00,8775.75,8750.75,8841.6125,2020-04-28 12:31:00-04:00,76.0,405.0,38.0,202.5,stop,2020-04-28 10:44:00-04:00,13.0,True,False,False,8674.5,8794.75,False,True,5,108,2020-04-28 10:44:00-04:00,,
short|2020-05-04 09:30:00-0400,2020-05-04 09:30:00-04:00,short,2020-05-04 10:31:00-04:00,8744.25,8769.0,8675.875,2020-05-04 12:31:00-04:00,77.0,155.0,38.5,77.5,stop,2020-05-04 11:24:00-04:00,53.0,True,False,False,8725.0,8773.75,False,True,6,74,2020-05-04 11:24:00-04:00,,
short|2020-05-11 09:30:00-0400,2020-05-11 09:30:00-04:00,short,2020-05-11 10:31:00-04:00,9227.5,9246.0,9176.4375,2020-05-11 12:31:00-04:00,56.0,211.0,28.0,105.5,stop,2020-05-11 10:46:00-04:00,15.0,True,False,False,9213.5,9248.25,False,True,7,120,2020-05-11 10:46:00-04:00,,
long|2020-05-13 11:30:00-0400,2020-05-13 11:30:00-04:00,long,2020-05-13 12:31:00-04:00,8953.75,8885.75,9025.7,2020-05-13 14:31:00-04:00,159.0,196.0,79.5,98.0,none,,,False,False,False,8904.75,8993.5,False,True,21,93,,,
long|2020-05-14 09:30:00-0400,2020-05-14 09:30:00-04:00,long,2020-05-14 10:31:00-04:00,8856.5,8850.75,8939.375,2020-05-14 12:31:00-04:00,472.0,6.0,236.0,3.0,target,2020-05-14 11:06:00-04:00,35.0,True,False,False,8855.0,8974.5,True,False,47,0,,2020-05-14 11:06:00-04:00,
long|2020-05-27 09:30:00-0400,2020-05-27 09:30:00-04:00,long,2020-05-27 10:31:00-04:00,9282.0,9262.5,9332.575,2020-05-27 12:31:00-04:00,104.0,435.0,52.0,217.5,stop,2020-05-27 10:37:00-04:00,6.0,True,False,False,9173.25,9293.0,True,False,98,18,2020-05-27 10:37:00-04:00,,
short|2020-05-28 09:30:00-0400,2020-05-28 09:30:00-04:00,short,2020-05-28 10:31:00-04:00,9463.25,9476.75,9399.675,2020-05-28 12:31:00-04:00,22.0,252.0,11.0,126.0,stop,2020-05-28 10:37:00-04:00,6.0,True,False,False,9457.75,9478.5,False,True,0,97,2020-05-28 10:37:00-04:00,,
long|2020-06-11 14:30:00-0400,2020-06-11 14:30:00-04:00,long,2020-06-11 15:31:00-04:00,9624.25,9593.75,9707.4875,2020-06-12 09:30:00-04:00,172.0,159.0,86.0,79.5,stop,2020-06-11 15:56:00-04:00,25.0,False,False,False,9584.5,9667.25,False,True,13,28,2020-06-11 15:56:00-04:00,,
long|2020-06-24 10:30:00-0400,2020-06-24 10:30:00-04:00,long,2020-06-24 11:31:00-04:00,10023.75,9990.0,10081.0125,2020-06-24 13:31:00-04:00,65.0,386.0,32.5,193.0,stop,2020-06-24 11:38:00-04:00,7.0,True,False,False,9927.25,10024.0,True,False,107,18,2020-06-24 11:38:00-04:00,,
long|2020-06-26 09:30:00-0400,2020-06-26 09:30:00-04:00,long,2020-06-26 10:31:00-04:00,9935.25,9895.25,10015.9,2020-06-26 12:31:00-04:00,179.0,337.0,89.5,168.5,stop,2020-06-26 10:33:00-04:00,2.0,True,False,False,9851.0,9935.5,True,False,87,19,2020-06-26 10:33:00-04:00,,
long|2020-07-09 10:30:00-0400,2020-07-09 10:30:00-04:00,long,2020-07-09 11:31:00-04:00,10607.0,10560.25,10678.95,2020-07-09 13:31:00-04:00,451.0,103.0,225.5,51.5,target,2020-07-09 12:46:00-04:00,75.0,True,False,False,10581.25,10719.75,True,False,104,12,,2020-07-09 12:46:00-04:00,
long|2020-07-31 09:30:00-0400,2020-07-31 09:30:00-04:00,long,2020-07-31 10:31:00-04:00,10756.0,10714.25,10821.8125,2020-07-31 12:31:00-04:00,298.0,72.0,149.0,36.0,target,2020-07-31 11:18:00-04:00,47.0,True,False,False,10739.25,10830.5,False,True,47,106,,2020-07-31 11:18:00-04:00,
long|2020-08-10 09:30:00-0400,2020-08-10 09:30:00-04:00,long,2020-08-10 10:31:00-04:00,11053.0,11044.25,11110.1625,2020-08-10 12:31:00-04:00,28.0,498.0,14.0,249.0,stop,2020-08-10 10:31:00-04:00,0.0,True,False,False,10928.5,11055.5,False,True,4,29,2020-08-10 10:31:00-04:00,,
long|2020-08-14 09:30:00-0400,2020-08-14 09:30:00-04:00,long,2020-08-14 10:31:00-04:00,11106.75,11101.5,11179.75,2020-08-14 12:31:00-04:00,236.0,5.0,118.0,2.5,none,,,False,False,False,11105.5,11165.75,True,False,63,30,,,
long|2020-09-02 10:30:00-0400,2020-09-02 10:30:00-04:00,long,2020-09-02 11:31:00-04:00,12276.75,12238.75,12344.8375,2020-09-02 13:31:00-04:00,463.0,418.0,231.5,209.0,stop,2020-09-02 11:36:00-04:00,5.0,False,True,False,12172.25,12294.25,True,False,117,8,2020-09-02 11:36:00-04:00,,
long|2020-09-03 09:30:00-0400,2020-09-03 09:30:00-04:00,long,2020-09-03 10:31:00-04:00,12044.25,12031.5,12133.6375,2020-09-03 12:31:00-04:00,123.0,1200.0,61.5,600.0,stop,2020-09-03 10:37:00-04:00,6.0,True,False,False,11744.25,12075.0,False,True,2,50,2020-09-03 10:37:00-04:00,,
long|2020-09-03 10:30:00-0400,2020-09-03 10:30:00-04:00,long,2020-09-03 11:31:00-04:00,11850.75,11744.25,11952.75,2020-09-03 13:31:00-04:00,372.0,515.0,186.0,257.5,stop,2020-09-03 13:03:00-04:00,92.0,False,False,False,11722.0,11943.75,False,True,23,93,2020-09-03 13:03:00-04:00,,
short|2020-09-24 09:30:00-0400,2020-09-24 09:30:00-04:00,short,2020-09-24 10:31:00-04:00,10822.25,10936.5,10715.425,2020-09-24 12:31:00-04:00,190.0,638.0,95.0,319.0,stop,2020-09-24 11:32:00-04:00,61.0,True,False,False,10774.75,10939.0,False,True,7,95,2020-09-24 11:32:00-04:00,,
short|2020-10-02 09:30:00-0400,2020-10-02 09:30:00-04:00,short,2020-10-02 10:31:00-04:00,11442.75,11468.75,11354.95,2020-10-02 12:31:00-04:00,951.0,73.0,475.5,36.5,target,2020-10-02 11:32:00-04:00,61.0,True,False,False,11354.0,11461.0,True,False,94,3,,2020-10-02 11:32:00-04:00,
long|2020-10-06 14:30:00-0400,2020-10-06 14:30:00-04:00,long,2020-10-06 15:31:00-04:00,11323.75,11238.5,11421.525,2020-10-07 09:30:00-04:00,102.0,317.0,51.0,158.5,none,,,False,False,False,11244.5,11349.25,False,True,3,22,,,
long|2020-10-28 09:30:00-0400,2020-10-28 09:30:00-04:00,long,2020-10-28 10:31:00-04:00,11222.75,11208.75,11310.4375,2020-10-28 12:31:00-04:00,178.0,109.0,89.0,54.5,stop,2020-10-28 10:52:00-04:00,21.0,True,False,False,11195.5,11267.25,False,True,6,60,2020-10-28 10:52:00-04:00,,
long|2020-10-30 09:30:00-0400,2020-10-30 09:30:00-04:00,long,2020-10-30 10:31:00-04:00,11073.5,11051.25,11177.9375,2020-10-30 12:31:00-04:00,96.0,370.0,48.0,185.0,stop,2020-10-30 10:32:00-04:00,1.0,True,False,False,10981.0,11080.0,True,False,118,70,2020-10-30 10:32:00-04:00,,
long|2020-11-10 09:30:00-0500,2020-11-10 09:30:00-05:00,long,2020-11-10 10:31:00-05:00,11581.75,11562.5,11689.9875,2020-11-10 12:31:00-05:00,649.0,315.0,324.5,157.5,stop,2020-11-10 10:33:00-05:00,2.0,False,True,False,11503.0,11581.5,True,False,101,13,2020-11-10 10:33:00-05:00,,
long|2020-11-30 09:30:00-0500,2020-11-30 09:30:00-05:00,long,2020-11-30 10:31:00-05:00,12206.5,12202.25,12254.2125,2020-11-30 12:31:00-05:00,32.0,483.0,16.0,241.5,stop,2020-11-30 10:31:00-05:00,0.0,True,False,False,12085.75,12211.0,True,False,120,14,2020-11-30 10:31:00-05:00,,
long|2020-12-08 09:30:00-0500,2020-12-08 09:30:00-05:00,long,2020-12-08 10:31:00-05:00,12529.25,12502.5,12572.375,2020-12-08 12:31:00-05:00,285.0,5.0,142.5,2.5,target,2020-12-08 11:32:00-05:00,61.0,True,False,False,12528.0,12600.5,True,False,94,4,,2020-12-08 11:32:00-05:00,
short|2020-12-10 09:30:00-0500,2020-12-10 09:30:00-05:00,short,2020-12-10 10:31:00-05:00,12392.75,12420.5,12328.8875,2020-12-10 12:31:00-05:00,77.0,225.0,38.5,112.5,stop,2020-12-10 10:39:00-05:00,8.0,True,False,False,12373.5,12426.0,True,False,87,54,2020-12-10 10:39:00-05:00,,
long|2021-01-04 09:30:00-0500,2021-01-04 09:30:00-05:00,long,2021-01-04 10:31:00-05:00,12882.75,12846.75,12924.275,2021-01-04 12:31:00-05:00,10.0,1443.0,5.0,721.5,stop,2021-01-04 10:45:00-05:00,14.0,True,False,False,12522.0,12885.25,False,True,0,104,2021-01-04 10:45:00-05:00,,
long|2021-01-04 10:30:00-0500,2021-01-04 10:30:00-05:00,long,2021-01-04 11:31:00-05:00,12722.0,12680.0,12770.7625,2021-01-04 13:31:00-05:00,-1.0,800.0,-0.5,400.0,stop,2021-01-04 11:53:00-05:00,22.0,False,False,False,12522.0,12721.75,False,True,0,44,2021-01-04 11:53:00-05:00,,
short|2021-01-06 09:30:00-0500,2021-01-06 09:30:00-05:00,short,2021-01-06 10:31:00-05:00,12711.5,12712.5,12627.25,2021-01-06 12:31:00-05:00,14.0,338.0,7.0,169.0,stop,2021-01-06 10:31:00-05:00,0.0,True,False,False,12708.0,12713.75,False,True,0,95,2021-01-06 10:31:00-05:00,,
long|2021-01-08 09:30:00-0500,2021-01-08 09:30:00-05:00,long,2021-01-08 10:31:00-05:00,12978.0,12953.5,13058.9875,2021-01-08 12:31:00-05:00,350.0,60.0,175.0,30.0,target,2021-01-08 11:06:00-05:00,35.0,True,False,False,12963.0,13065.5,True,False,106,1,,2021-01-08 11:06:00-05:00,
long|2021-01-25 10:30:00-0500,2021-01-25 10:30:00-05:00,long,2021-01-25 11:31:00-05:00,13320.0,13189.0,13385.675,2021-01-25 13:31:00-05:00,513.0,28.0,256.5,14.0,target,2021-01-25 11:54:00-05:00,23.0,False,False,False,13317.25,13448.25,True,False,111,47,,2021-01-25 11:54:00-05:00,
long|2021-02-10 09:30:00-0500,2021-02-10 09:30:00-05:00,long,2021-02-10 10:31:00-05:00,13602.5,13561.5,13655.725,2021-02-10 12:31:00-05:00,157.0,341.0,78.5,170.5,stop,2021-02-10 10:43:00-05:00,12.0,False,False,False,13517.25,13625.75,True,False,85,13,2021-02-10 10:43:00-05:00,,
long|2021-02-26 09:30:00-0500,2021-02-26 09:30:00-05:00,long,2021-02-26 10:31:00-05:00,12775.0,12751.5,12914.4875,2021-02-26 12:31:00-05:00,1259.0,67.0,629.5,33.5,target,2021-02-26 10:45:00-05:00,14.0,True,False,False,12758.25,13089.75,True,False,108,5,,2021-02-26 10:45:00-05:00,
long|2021-03-05 09:30:00-0500,2021-03-05 09:30:00-05:00,long,2021-03-05 10:31:00-05:00,12369.5,12345.5,12510.1625,2021-03-05 12:31:00-05:00,370.0,648.0,185.0,324.0,stop,2021-03-05 10:31:00-05:00,0.0,True,False,False,12207.5,12369.75,True,False,120,57,2021-03-05 10:31:00-05:00,,
long|2021-03-24 09:30:00-0400,2021-03-24 09:30:00-04:00,long,2021-03-24 10:31:00-04:00,12939.5,12911.5,13028.1375,2021-03-24 12:31:00-04:00,436.0,32.0,218.0,16.0,target,2021-03-24 11:06:00-04:00,35.0,False,False,False,12931.5,13048.5,True,False,54,4,,2021-03-24 11:06:00-04:00,
long|2021-03-29 09:30:00-0400,2021-03-29 09:30:00-04:00,long,2021-03-29 10:31:00-04:00,12851.0,12816.25,12959.225,2021-03-29 12:31:00-04:00,267.0,83.0,133.5,41.5,none,,,False,False,False,12830.25,12917.75,True,False,85,48,,,
long|2021-04-14 09:30:00-0400,2021-04-14 09:30:00-04:00,long,2021-04-14 10:31:00-04:00,13934.75,13916.5,13982.6375,2021-04-14 12:31:00-04:00,92.0,321.0,46.0,160.5,stop,2021-04-14 10:59:00-04:00,28.0,True,False,False,13854.5,13957.75,False,True,2,54,2021-04-14 10:59:00-04:00,,
long|2021-04-20 10:30:00-0400,2021-04-20 10:30:00-04:00,long,2021-04-20 11:31:00-04:00,13743.25,13736.5,13801.1375,2021-04-20 13:31:00-04:00,251.0,97.0,125.5,48.5,stop,2021-04-20 11:35:00-04:00,4.0,False,False,False,13719.0,13753.0,True,False,50,4,2021-04-20 11:35:00-04:00,,
short|2021-04-21 09:30:00-0400,2021-04-21 09:30:00-04:00,short,2021-04-21 10:31:00-04:00,13807.5,13821.25,13740.9875,2021-04-21 12:31:00-04:00,157.0,277.0,78.5,138.5,stop,2021-04-21 11:13:00-04:00,42.0,True,False,False,13768.25,13825.5,False,True,25,88,2021-04-21 11:13:00-04:00,,
long|2021-04-29 09:30:00-0400,2021-04-29 09:30:00-04:00,long,2021-04-29 10:31:00-04:00,13938.75,13921.5,13991.6375,2021-04-29 12:31:00-04:00,21.0,482.0,10.5,241.0,stop,2021-04-29 10:33:00-04:00,2.0,False,False,False,13818.25,13941.0,False,True,43,96,2021-04-29 10:33:00-04:00,,
long|2021-05-04 09:30:00-0400,2021-05-04 09:30:00-04:00,long,2021-05-04 10:31:00-04:00,13531.0,13492.75,13606.675,2021-05-04 12:31:00-04:00,53.0,601.0,26.5,300.5,stop,2021-05-04 10:48:00-04:00,17.0,True,False,False,13380.75,13544.25,False,True,10,85,2021-05-04 10:48:00-04:00,,
long|2021-05-06 09:30:00-0400,2021-05-06 09:30:00-04:00,long,2021-05-06 10:31:00-04:00,13424.25,13389.0,13502.7,2021-05-06 12:31:00-04:00,645.0,67.0,322.5,33.5,target,2021-05-06 11:33:00-04:00,62.0,True,False,False,13407.5,13585.5,True,False,119,42,,2021-05-06 11:33:00-04:00,
long|2021-06-01 09:30:00-0400,2021-06-01 09:30:00-04:00,long,2021-06-01 10:31:00-04:00,13667.5,13627.75,13708.125,2021-06-01 12:31:00-04:00,37.0,299.0,18.5,149.5,stop,2021-06-01 10:50:00-04:00,19.0,True,False,False,13592.75,13676.75,False,True,4,25,2021-06-01 10:50:00-04:00,,
long|2021-06-08 09:30:00-0400,2021-06-08 09:30:00-04:00,long,2021-06-08 10:31:00-04:00,13827.0,13822.5,13875.2625,2021-06-08 12:31:00-04:00,48.0,340.0,24.0,170.0,stop,2021-06-08 10:31:00-04:00,0.0,True,False,False,13742.0,13827.75,False,True,16,50,2021-06-08 10:31:00-04:00,,
short|2021-07-06 09:30:00-0400,2021-07-06 09:30:00-04:00,short,2021-07-06 10:31:00-04:00,14761.5,14789.75,14724.7,2021-07-06 12:31:00-04:00,545.0,5.0,272.5,2.5,target,2021-07-06 10:35:00-04:00,4.0,True,False,False,14714.75,14762.75,True,False,109,0,,2021-07-06 10:35:00-04:00,
long|2021-07-07 09:30:00-0400,2021-07-07 09:30:00-04:00,long,2021-07-07 10:31:00-04:00,14799.75,14786.0,14845.1125,2021-07-07 12:31:00-04:00,115.0,294.0,57.5,147.0,stop,2021-07-07 10:32:00-04:00,1.0,True,False,False,14726.25,14806.0,True,False,84,14,2021-07-07 10:32:00-04:00,,
long|2021-07-15 09:30:00-0400,2021-07-15 09:30:00-04:00,long,2021-07-15 10:31:00-04:00,14812.0,14785.5,14869.7125,2021-07-15 12:31:00-04:00,124.0,318.0,62.0,159.0,stop,2021-07-15 10:45:00-04:00,14.0,True,False,False,14732.5,14843.0,False,True,8,101,2021-07-15 10:45:00-04:00,,
long|2021-07-27 09:30:00-0400,2021-07-27 09:30:00-04:00,long,2021-07-27 10:31:00-04:00,14973.75,14951.5,15018.825,2021-07-27 12:31:00-04:00,1.0,681.0,0.5,340.5,stop,2021-07-27 10:32:00-04:00,1.0,True,False,False,14803.5,14974.0,False,True,0,95,2021-07-27 10:32:00-04:00,,
short|2021-08-19 09:30:00-0400,2021-08-19 09:30:00-04:00,short,2021-08-19 10:31:00-04:00,14860.75,14886.25,14789.0375,2021-08-19 12:31:00-04:00,149.0,553.0,74.5,276.5,stop,2021-08-19 10:56:00-04:00,25.0,True,False,False,14823.5,14892.75,False,True,17,93,2021-08-19 10:56:00-04:00,,
short|2021-08-27 09:30:00-0400,2021-08-27 09:30:00-04:00,short,2021-08-27 10:31:00-04:00,15388.75,15428.75,15346.8375,2021-08-27 12:31:00-04:00,119.0,132.0,59.5,66.0,none,,,False,False,False,15359.0,15421.75,False,True,9,96,,,
long|2021-08-31 09:30:00-0400,2021-08-31 09:30:00-04:00,long,2021-08-31 10:31:00-04:00,15550.75,15514.0,15597.875,2021-08-31 12:31:00-04:00,171.0,56.0,85.5,28.0,none,,,False,False,False,15536.75,15593.5,True,False,118,19,,,
short|2021-09-03 09:30:00-0400,2021-09-03 09:30:00-04:00,short,2021-09-03 10:31:00-04:00,15624.25,15668.0,15581.35,2021-09-03 12:31:00-04:00,79.0,125.0,39.5,62.5,none,,,False,False,False,15604.5,15655.5,False,True,9,68,,,
long|2021-09-28 09:30:00-0400,2021-09-28 09:30:00-04:00,long,2021-09-28 10:31:00-04:00,14863.0,14827.25,14936.2375,2021-09-28 12:31:00-04:00,80.0,405.0,40.0,202.5,stop,2021-09-28 10:50:00-04:00,19.0,True,False,False,14761.75,14883.0,False,True,7,82,2021-09-28 10:50:00-04:00,,
long|2021-10-01 09:30:00-0400,2021-10-01 09:30:00-04:00,long,2021-10-01 10:31:00-04:00,14545.5,14542.5,14643.9125,2021-10-01 12:31:00-04:00,649.0,34.0,324.5,17.0,stop,2021-10-01 10:39:00-04:00,8.0,False,True,False,14537.0,14570.0,True,False,76,9,2021-10-01 10:39:00-04:00,,
short|2021-10-26 09:30:00-0400,2021-10-26 09:30:00-04:00,short,2021-10-26 10:31:00-04:00,15677.25,15699.0,15616.15,2021-10-26 12:31:00-04:00,481.0,95.0,240.5,47.5,stop,2021-10-26 10:50:00-04:00,19.0,False,True,False,15557.0,15699.0,True,False,94,22,2021-10-26 10:50:00-04:00,,
short|2021-11-02 09:30:00-0400,2021-11-02 09:30:00-04:00,short,2021-11-02 10:31:00-04:00,15948.25,15968.25,15889.2125,2021-11-02 12:31:00-04:00,144.0,128.0,72.0,64.0,stop,2021-11-02 11:44:00-04:00,73.0,True,False,False,15912.25,15972.0,True,False,99,75,2021-11-02 11:44:00-04:00,,
long|2021-11-09 09:30:00-0500,2021-11-09 09:30:00-05:00,long,2021-11-09 10:31:00-05:00,16250.25,16189.0,16317.1875,2021-11-09 12:31:00-05:00,145.0,261.0,72.5,130.5,stop,2021-11-09 12:05:00-05:00,94.0,True,False,False,16185.0,16286.5,False,True,12,94,2021-11-09 12:05:00-05:00,,
long|2021-11-18 09:30:00-0500,2021-11-18 09:30:00-05:00,long,2021-11-18 10:31:00-05:00,16345.75,16303.75,16403.4375,2021-11-18 12:31:00-05:00,581.0,52.0,290.5,26.0,target,2021-11-18 11:33:00-05:00,62.0,True,False,False,16332.75,16491.0,True,False,119,35,,2021-11-18 11:33:00-05:00,
long|2021-11-22 11:30:00-0500,2021-11-22 11:30:00-05:00,long,2021-11-22 12:31:00-05:00,16516.25,16455.5,16592.475,2021-11-22 14:31:00-05:00,179.0,89.0,89.5,44.5,none,,,False,False,False,16494.0,16561.0,False,True,18,33,,,
long|2021-11-30 10:30:00-0500,2021-11-30 10:30:00-05:00,long,2021-11-30 11:31:00-05:00,16184.5,16111.5,16289.4875,2021-11-30 13:31:00-05:00,3.0,465.0,1.5,232.5,stop,2021-11-30 11:42:00-05:00,11.0,True,False,False,16068.25,16185.25,False,True,0,40,2021-11-30 11:42:00-05:00,,
long|2021-12-03 09:30:00-0500,2021-12-03 09:30:00-05:00,long,2021-12-03 10:31:00-05:00,15783.5,15732.0,15938.5625,2021-12-03 12:31:00-05:00,76.0,894.0,38.0,447.0,stop,2021-12-03 10:35:00-05:00,4.0,True,False,False,15560.0,15802.5,False,True,0,92,2021-12-03 10:35:00-05:00,,
long|2021-12-21 09:30:00-0500,2021-12-21 09:30:00-05:00,long,2021-12-21 10:31:00-05:00,15638.75,15613.75,15783.2875,2021-12-21 12:31:00-05:00,828.0,134.0,414.0,67.0,stop,2021-12-21 10:34:00-05:00,3.0,False,True,False,15605.25,15644.25,True,False,120,7,2021-12-21 10:34:00-05:00,,
long|2022-01-04 09:30:00-0500,2022-01-04 09:30:00-05:00,long,2022-01-04 10:31:00-05:00,16395.25,16365.0,16458.525,2022-01-04 12:31:00-05:00,46.0,933.0,23.0,466.5,stop,2022-01-04 10:34:00-05:00,3.0,True,False,False,16162.0,16406.75,False,True,0,32,2022-01-04 10:34:00-05:00,,
long|2022-01-07 09:30:00-0500,2022-01-07 09:30:00-05:00,long,2022-01-07 10:31:00-05:00,15674.0,15649.25,15788.075,2022-01-07 12:31:00-05:00,28.0,655.0,14.0,327.5,stop,2022-01-07 10:36:00-05:00,5.0,True,False,False,15510.25,15681.0,False,True,0,22,2022-01-07 10:36:00-05:00,,
long|2022-01-10 09:30:00-0500,2022-01-10 09:30:00-05:00,long,2022-01-10 10:31:00-05:00,15228.25,15194.75,15360.9625,2022-01-10 12:31:00-05:00,402.0,303.0,201.0,151.5,stop,2022-01-10 10:35:00-05:00,4.0,False,False,False,15152.5,15244.75,True,False,58,18,2022-01-10 10:35:00-05:00,,
short|2022-01-14 09:30:00-0500,2022-01-14 09:30:00-05:00,short,2022-01-14 10:31:00-05:00,15498.0,15601.0,15389.325,2022-01-14 12:31:00-05:00,320.0,298.0,160.0,149.0,none,,,False,False,False,15418.0,15572.5,False,True,44,76,,,
short|2022-01-21 10:30:00-0500,2022-01-21 10:30:00-05:00,short,2022-01-21 11:31:00-05:00,14824.25,14858.5,14685.9125,2022-01-21 13:31:00-05:00,985.0,10.0,492.5,5.0,target,2022-01-21 11:47:00-05:00,16.0,True,False,False,14675.75,14826.75,True,False,114,0,,2022-01-21 11:47:00-05:00,
short|2022-02-24 09:30:00-0500,2022-02-24 09:30:00-05:00,short,2022-02-24 10:31:00-05:00,13340.5,13483.0,13175.775,2022-02-24 12:31:00-05:00,130.0,888.0,65.0,444.0,stop,2022-02-24 10:57:00-05:00,26.0,True,False,False,13308.0,13496.75,False,True,9,49,2022-02-24 10:57:00-05:00,,
long|2022-03-21 09:30:00-0400,2022-03-21 09:30:00-04:00,long,2022-03-21 10:31:00-04:00,14238.25,14228.0,14390.8875,2022-03-21 12:31:00-04:00,868.0,10.0,434.0,5.0,target,2022-03-21 11:16:00-04:00,45.0,True,False,False,14235.75,14455.25,True,False,87,0,,2022-03-21 11:16:00-04:00,
short|2022-03-21 10:30:00-0400,2022-03-21 10:30:00-04:00,short,2022-03-21 11:31:00-04:00,14413.75,14443.5,14256.6625,2022-03-21 13:31:00-04:00,920.0,166.0,460.0,83.0,stop,2022-03-21 11:41:00-04:00,10.0,False,False,False,14183.75,14444.75,True,False,110,27,2022-03-21 11:41:00-04:00,,
long|2022-03-21 12:30:00-0400,2022-03-21 12:30:00-04:00,long,2022-03-21 13:31:00-04:00,14224.0,14183.75,14387.2625,2022-03-21 15:31:00-04:00,474.0,59.0,237.0,29.5,none,,,False,False,False,14209.25,14342.5,True,False,75,13,,,
long|2022-04-05 09:30:00-0400,2022-04-05 09:30:00-04:00,long,2022-04-05 10:31:00-04:00,14974.25,14935.25,15066.6375,2022-04-05 12:31:00-04:00,44.0,496.0,22.0,248.0,stop,2022-04-05 10:38:00-04:00,7.0,True,False,False,14850.25,14974.75,False,True,23,116,2022-04-05 10:38:00-04:00,,
long|2022-04-06 09:30:00-0400,2022-04-06 09:30:00-04:00,long,2022-04-06 10:31:00-04:00,14475.25,14455.0,14580.1,2022-04-06 12:31:00-04:00,202.0,201.0,101.0,100.5,stop,2022-04-06 11:09:00-04:00,38.0,True,False,False,14425.0,14525.75,False,True,15,119,2022-04-06 11:09:00-04:00,,
long|2022-04-20 09:30:00-0400,2022-04-20 09:30:00-04:00,long,2022-04-20 10:31:00-04:00,14081.75,14037.0,14190.0,2022-04-20 12:31:00-04:00,268.0,409.0,134.0,204.5,stop,2022-04-20 11:18:00-04:00,47.0,True,False,False,13979.5,14148.75,False,True,21,113,2022-04-20 11:18:00-04:00,,
long|2022-04-22 09:30:00-0400,2022-04-22 09:30:00-04:00,long,2022-04-22 10:31:00-04:00,13595.25,13582.5,13719.3125,2022-04-22 12:31:00-04:00,309.0,439.0,154.5,219.5,stop,2022-04-22 11:37:00-04:00,66.0,True,False,False,13485.5,13672.5,False,True,38,100,2022-04-22 11:37:00-04:00,,
long|2022-04-26 09:30:00-0400,2022-04-26 09:30:00-04:00,long,2022-04-26 10:31:00-04:00,13201.25,13167.25,13345.475,2022-04-26 12:31:00-04:00,79.0,421.0,39.5,210.5,stop,2022-04-26 10:38:00-04:00,7.0,True,False,False,13096.0,13221.0,False,True,1,86,2022-04-26 10:38:00-04:00,,
long|2022-04-28 09:30:00-0400,2022-04-28 09:30:00-04:00,long,2022-04-28 10:31:00-04:00,13064.5,13063.75,13221.55,2022-04-28 12:31:00-04:00,813.0,124.0,406.5,62.0,stop,2022-04-28 10:31:00-04:00,0.0,False,True,False,13033.5,13074.0,True,False,120,10,2022-04-28 10:31:00-04:00,,
short|2022-05-12 09:30:00-0400,2022-05-12 09:30:00-04:00,short,2022-05-12 10:31:00-04:00,12004.75,12046.5,11824.5875,2022-05-12 12:31:00-04:00,781.0,512.0,390.5,256.0,stop,2022-05-12 10:55:00-04:00,24.0,True,False,False,11809.5,12053.25,True,False,107,39,2022-05-12 10:55:00-04:00,,
short|2022-05-25 09:30:00-0400,2022-05-25 09:30:00-04:00,short,2022-05-25 10:31:00-04:00,11884.5,11891.0,11733.025,2022-05-25 12:31:00-04:00,368.0,180.0,184.0,90.0,stop,2022-05-25 10:33:00-04:00,2.0,False,False,False,11792.5,11899.25,True,False,117,7,2022-05-25 10:33:00-04:00,,
short|2022-06-21 09:30:00-0400,2022-06-21 09:30:00-04:00,short,2022-06-21 10:31:00-04:00,11646.75,11666.25,11497.825,2022-06-21 12:31:00-04:00,234.0,127.0,117.0,63.5,stop,2022-06-21 10:33:00-04:00,2.0,False,False,False,11588.25,11669.5,True,False,100,28,2022-06-21 10:33:00-04:00,,
short|2022-06-22 09:30:00-0400,2022-06-22 09:30:00-04:00,short,2022-06-22 10:31:00-04:00,11699.75,11715.75,11579.3375,2022-06-22 12:31:00-04:00,530.0,187.0,265.0,93.5,stop,2022-06-22 10:32:00-04:00,1.0,True,True,False,11567.25,11724.25,True,False,97,7,2022-06-22 10:32:00-04:00,,
short|2022-06-24 09:30:00-0400,2022-06-24 09:30:00-04:00,short,2022-06-24 10:31:00-04:00,12058.25,12082.75,11948.2625,2022-06-24 12:31:00-04:00,356.0,10.0,178.0,5.0,none,,,True,False,False,11969.25,12060.75,True,False,49,0,,,
long|2022-06-27 09:30:00-0400,2022-06-27 09:30:00-04:00,long,2022-06-27 10:31:00-04:00,12062.0,12020.25,12167.1625,2022-06-27 12:31:00-04:00,359.0,72.0,179.5,36.0,none,,,True,False,False,12044.0,12151.75,False,True,75,120,,,
short|2022-07-13 09:30:00-0400,2022-07-13 09:30:00-04:00,short,2022-07-13 10:31:00-04:00,11655.5,11700.0,11554.9375,2022-07-13 12:31:00-04:00,19.0,707.0,9.5,353.5,stop,2022-07-13 10:31:00-04:00,0.0,True,False,False,11650.75,11705.5,False,True,0,20,2022-07-13 10:31:00-04:00,,
long|2022-07-21 09:30:00-0400,2022-07-21 09:30:00-04:00,long,2022-07-21 10:31:00-04:00,12396.25,12373.5,12485.975,2022-07-21 12:31:00-04:00,893.0,59.0,446.5,29.5,target,2022-07-21 11:02:00-04:00,31.0,True,False,False,12381.5,12619.5,True,False,120,0,,2022-07-21 11:02:00-04:00,
long|2022-07-28 09:30:00-0400,2022-07-28 09:30:00-04:00,long,2022-07-28 10:31:00-04:00,12470.75,12452.25,12571.0,2022-07-28 12:31:00-04:00,897.0,86.0,448.5,43.0,stop,2022-07-28 10:32:00-04:00,1.0,False,True,False,12449.25,12472.25,True,False,82,1,2022-07-28 10:32:00-04:00,,
short|2022-07-29 09:30:00-0400,2022-07-29 09:30:00-04:00,short,2022-07-29 10:31:00-04:00,12910.25,12930.5,12804.7625,2022-07-29 12:31:00-04:00,496.0,78.0,248.0,39.0,target,2022-07-29 11:27:00-04:00,56.0,True,False,False,12795.0,12929.75,True,False,62,16,,2022-07-29 11:27:00-04:00,
long|2022-08-09 09:30:00-0400,2022-08-09 09:30:00-04:00,long,2022-08-09 10:31:00-04:00,13022.5,12973.0,13124.675,2022-08-09 12:31:00-04:00,180.0,237.0,90.0,118.5,stop,2022-08-09 12:27:00-04:00,116.0,True,False,False,12963.25,13067.5,False,True,55,118,2022-08-09 12:27:00-04:00,,
long|2022-08-22 09:30:00-0400,2022-08-22 09:30:00-04:00,long,2022-08-22 10:31:00-04:00,12986.0,12964.75,13072.25,2022-08-22 12:31:00-04:00,82.0,162.0,41.0,81.0,stop,2022-08-22 10:34:00-04:00,3.0,True,False,False,12945.5,12992.25,False,True,11,41,2022-08-22 10:34:00-04:00,,
long|2022-08-30 09:30:00-0400,2022-08-30 09:30:00-04:00,long,2022-08-30 10:31:00-04:00,12409.25,12387.0,12508.8625,2022-08-30 12:31:00-04:00,3.0,561.0,1.5,280.5,stop,2022-08-30 10:31:00-04:00,0.0,True,False,False,12269.0,12410.0,False,True,0,19,2022-08-30 10:31:00-04:00,,
long|2022-08-31 09:30:00-0400,2022-08-31 09:30:00-04:00,long,2022-08-31 10:31:00-04:00,12392.75,12374.75,12491.2,2022-08-31 12:31:00-04:00,116.0,367.0,58.0,183.5,stop,2022-08-31 10:33:00-04:00,2.0,True,False,False,12301.0,12395.25,False,True,19,37,2022-08-31 10:33:00-04:00,,
short|2022-09-26 09:30:00-0400,2022-09-26 09:30:00-04:00,short,2022-09-26 10:31:00-04:00,11511.25,11537.75,11385.275,2022-09-26 12:31:00-04:00,772.0,35.0,386.0,17.5,target,2022-09-26 11:25:00-04:00,54.0,True,False,False,11384.0,11520.0,True,False,117,1,,2022-09-26 11:25:00-04:00,
long|2022-10-07 09:30:00-0400,2022-10-07 09:30:00-04:00,long,2022-10-07 10:31:00-04:00,11242.25,11204.5,11354.2625,2022-10-07 12:31:00-04:00,79.0,421.0,39.5,210.5,stop,2022-10-07 11:19:00-04:00,48.0,True,False,False,11137.0,11262.0,False,True,25,119,2022-10-07 11:19:00-04:00,,
short|2022-10-13 10:30:00-0400,2022-10-13 10:30:00-04:00,short,2022-10-13 11:31:00-04:00,10930.0,11015.75,10804.125,2022-10-13 13:31:00-04:00,135.0,735.0,67.5,367.5,stop,2022-10-13 11:38:00-04:00,7.0,True,False,False,10896.25,11040.75,False,True,1,10,2022-10-13 11:38:00-04:00,,
long|2022-10-14 09:30:00-0400,2022-10-14 09:30:00-04:00,long,2022-10-14 10:31:00-04:00,10927.25,10860.0,11073.5875,2022-10-14 12:31:00-04:00,177.0,576.0,88.5,288.0,stop,2022-10-14 10:44:00-04:00,13.0,True,False,False,10783.25,10948.75,False,True,33,105,2022-10-14 10:44:00-04:00,,
short|2022-10-26 09:30:00-0400,2022-10-26 09:30:00-04:00,short,2022-10-26 10:31:00-04:00,11567.75,11588.5,11470.5125,2022-10-26 12:31:00-04:00,30.0,543.0,15.0,271.5,stop,2022-10-26 10:34:00-04:00,3.0,True,False,False,11560.25,11589.5,False,True,1,72,2022-10-26 10:34:00-04:00,,
long|2022-11-01 09:30:00-0400,2022-11-01 09:30:00-04:00,long,2022-11-01 10:31:00-04:00,11420.5,11375.25,11512.875,2022-11-01 12:31:00-04:00,100.0,379.0,50.0,189.5,stop,2022-11-01 10:40:00-04:00,9.0,True,False,False,11325.75,11445.5,False,True,4,73,2022-11-01 10:40:00-04:00,,
long|2022-11-02 14:30:00-0400,2022-11-02 14:30:00-04:00,long,2022-11-02 15:31:00-04:00,10999.25,10991.0,11109.1,2022-11-03 09:30:00-04:00,159.0,327.0,79.5,163.5,stop,2022-11-02 15:33:00-04:00,2.0,True,False,False,10917.5,11014.0,False,True,6,29,2022-11-02 15:33:00-04:00,,
short|2022-11-30 13:30:00-0500,2022-11-30 13:30:00-05:00,short,2022-11-30 14:31:00-05:00,11917.5,11932.0,11833.8875,2022-11-30 16:31:00-05:00,224.0,543.0,112.0,271.5,stop,2022-11-30 15:09:00-05:00,38.0,True,False,False,11861.5,11933.75,False,True,13,89,2022-11-30 15:09:00-05:00,,
short|2022-12-21 09:30:00-0500,2022-12-21 09:30:00-05:00,short,2022-12-21 10:31:00-05:00,11292.0,11302.75,11215.35,2022-12-21 12:31:00-05:00,16.0,342.0,8.0,171.0,stop,2022-12-21 10:32:00-05:00,1.0,True,False,False,11288.0,11315.75,False,True,0,39,2022-12-21 10:32:00-05:00,,
long|2023-01-04 09:30:00-0500,2023-01-04 09:30:00-05:00,long,2023-01-04 10:31:00-05:00,10894.75,10863.25,10976.25,2023-01-04 12:31:00-05:00,693.0,74.0,346.5,37.0,target,2023-01-04 11:10:00-05:00,39.0,False,False,False,10876.25,11068.0,True,False,86,0,,2023-01-04 11:10:00-05:00,
long|2023-01-25 09:30:00-0500,2023-01-25 09:30:00-05:00,long,2023-01-25 10:31:00-05:00,11652.0,11614.25,11732.8875,2023-01-25 12:31:00-05:00,546.0,190.0,273.0,95.0,stop,2023-01-25 10:37:00-05:00,6.0,False,True,False,11604.5,11671.25,True,False,86,6,2023-01-25 10:37:00-05:00,,
short|2023-02-03 09:30:00-0500,2023-02-03 09:30:00-05:00,short,2023-02-03 10:31:00-05:00,12775.25,12832.5,12658.7,2023-02-03 12:31:00-05:00,65.0,410.0,32.5,205.0,stop,2023-02-03 10:37:00-05:00,6.0,True,False,False,12759.0,12836.25,False,True,0,67,2023-02-03 10:37:00-05:00,,
short|2023-02-16 09:30:00-0500,2023-02-16 09:30:00-05:00,short,2023-02-16 10:31:00-05:00,12616.25,12622.25,12525.3,2023-02-16 12:31:00-05:00,45.0,231.0,22.5,115.5,stop,2023-02-16 10:31:00-05:00,0.0,True,False,False,12605.0,12627.5,True,False,110,31,2023-02-16 10:31:00-05:00,,
long|2023-03-01 09:30:00-0500,2023-03-01 09:30:00-05:00,long,2023-03-01 10:31:00-05:00,11963.5,11953.0,12030.875,2023-03-01 12:31:00-05:00,298.0,154.0,149.0,77.0,target,2023-03-01 10:41:00-05:00,10.0,False,False,True,11953.75,12038.0,False,True,10,40,,2023-03-01 10:41:00-05:00,
long|2023-03-10 09:30:00-0500,2023-03-10 09:30:00-05:00,long,2023-03-10 10:31:00-05:00,11924.75,11865.75,12009.325,2023-03-10 12:31:00-05:00,619.0,58.0,309.5,29.0,target,2023-03-10 10:59:00-05:00,28.0,True,False,False,11910.25,12079.5,True,False,63,17,,2023-03-10 10:59:00-05:00,
short|2023-03-22 13:30:00-0400,2023-03-22 13:30:00-04:00,short,2023-03-22 14:31:00-04:00,12971.75,13045.0,12898.875,2023-03-22 16:31:00-04:00,1103.0,440.0,551.5,220.0,target,2023-03-22 14:36:00-04:00,5.0,True,False,True,12877.25,13081.75,True,False,88,17,,2023-03-22 14:36:00-04:00,
long|2023-04-05 09:30:00-0400,2023-04-05 09:30:00-04:00,long,2023-04-05 10:31:00-04:00,13091.0,13087.75,13154.5375,2023-04-05 12:31:00-04:00,52.0,334.0,26.0,167.0,stop,2023-04-05 10:32:00-04:00,1.0,False,False,False,13007.5,13104.0,False,True,0,115,2023-04-05 10:32:00-04:00,,
short|2023-04-13 09:30:00-0400,2023-04-13 09:30:00-04:00,short,2023-04-13 10:31:00-04:00,13125.75,13138.75,13052.8,2023-04-13 12:31:00-04:00,96.0,131.0,48.0,65.5,stop,2023-04-13 11:05:00-04:00,34.0,True,False,False,13101.75,13141.5,False,True,10,118,2023-04-13 11:05:00-04:00,,
long|2023-04-25 09:30:00-0400,2023-04-25 09:30:00-04:00,long,2023-04-25 10:31:00-04:00,12945.75,12937.0,13007.45,2023-04-25 12:31:00-04:00,115.0,169.0,57.5,84.5,stop,2023-04-25 10:33:00-04:00,2.0,True,False,False,12903.5,12952.5,False,True,49,96,2023-04-25 10:33:00-04:00,,
long|2023-05-02 09:30:00-0400,2023-05-02 09:30:00-04:00,long,2023-05-02 10:31:00-04:00,13201.25,13197.25,13257.775,2023-05-02 12:31:00-04:00,-1.0,361.0,-0.5,180.5,stop,2023-05-02 10:31:00-04:00,0.0,True,False,False,13111.0,13201.0,False,True,0,62,2023-05-02 10:31:00-04:00,,
long|2023-05-03 14:30:00-0400,2023-05-03 14:30:00-04:00,long,2023-05-03 15:31:00-04:00,13124.0,13121.25,13186.8375,2023-05-04 09:30:00-04:00,30.0,128.0,15.0,64.0,stop,2023-05-03 15:31:00-04:00,0.0,True,False,False,13092.0,13131.5,False,True,0,18,2023-05-03 15:31:00-04:00,,
short|2023-05-16 09:30:00-0400,2023-05-16 09:30:00-04:00,short,2023-05-16 10:31:00-04:00,13513.0,13515.75,13463.7875,2023-05-16 12:31:00-04:00,134.0,145.0,67.0,72.5,stop,2023-05-16 10:31:00-04:00,0.0,True,False,False,13479.5,13518.0,False,True,12,97,2023-05-16 10:31:00-04:00,,
short|2023-05-22 09:30:00-0400,2023-05-22 09:30:00-04:00,short,2023-05-22 10:31:00-04:00,13898.5,13946.75,13836.4,2023-05-22 12:31:00-04:00,81.0,110.0,40.5,55.0,none,,,True,False,False,13878.25,13926.0,False,True,26,53,,,
long|2023-05-25 09:30:00-0400,2023-05-25 09:30:00-04:00,long,2023-05-25 10:31:00-04:00,13885.0,13851.25,13953.55,2023-05-25 12:31:00-04:00,473.0,70.0,236.5,35.0,target,2023-05-25 11:07:00-04:00,36.0,True,False,False,13867.5,14003.25,True,False,112,1,,2023-05-25 11:07:00-04:00,
long|2023-05-30 09:30:00-0400,2023-05-30 09:30:00-04:00,long,2023-05-30 10:31:00-04:00,14421.0,14399.25,14499.4125,2023-05-30 12:31:00-04:00,254.0,52.0,127.0,26.0,none,,,False,False,False,14408.0,14484.5,False,True,69,119,,,
long|2023-06-21 09:30:00-0400,2023-06-21 09:30:00-04:00,long,2023-06-21 10:31:00-04:00,15107.75,15075.75,15179.9,2023-06-21 12:31:00-04:00,38.0,421.0,19.0,210.5,stop,2023-06-21 10:44:00-04:00,13.0,True,False,False,15002.5,15117.25,False,True,3,49,2023-06-21 10:44:00-04:00,,
short|2023-06-22 09:30:00-0400,2023-06-22 09:30:00-04:00,short,2023-06-22 10:31:00-04:00,15123.75,15149.25,15049.4625,2023-06-22 12:31:00-04:00,271.0,228.0,135.5,114.0,stop,2023-06-22 11:40:00-04:00,69.0,True,False,False,15056.0,15157.75,False,True,16,79,2023-06-22 11:40:00-04:00,,
short|2023-06-28 09:30:00-0400,2023-06-28 09:30:00-04:00,short,2023-06-28 10:31:00-04:00,15144.25,15144.75,15069.4875,2023-06-28 12:31:00-04:00,121.0,298.0,60.5,149.0,stop,2023-06-28 10:31:00-04:00,0.0,True,False,False,15114.0,15147.0,False,True,54,107,2023-06-28 10:31:00-04:00,,
long|2023-06-29 09:30:00-0400,2023-06-29 09:30:00-04:00,long,2023-06-29 10:31:00-04:00,15045.0,15035.25,15119.1,2023-06-29 12:31:00-04:00,380.0,66.0,190.0,33.0,stop,2023-06-29 10:46:00-04:00,15.0,False,True,False,15028.5,15085.75,True,False,92,15,2023-06-29 10:46:00-04:00,,
long|2023-07-21 09:30:00-0400,2023-07-21 09:30:00-04:00,long,2023-07-21 10:31:00-04:00,15564.5,15550.5,15647.275,2023-07-21 12:31:00-04:00,313.0,38.0,156.5,19.0,none,,,True,False,False,15555.0,15642.75,True,False,61,8,,,
long|2023-08-02 09:30:00-0400,2023-08-02 09:30:00-04:00,long,2023-08-02 10:31:00-04:00,15550.0,15524.5,15619.725,2023-08-02 12:31:00-04:00,32.0,547.0,16.0,273.5,stop,2023-08-02 10:45:00-04:00,14.0,True,False,False,15413.25,15558.0,False,True,0,101,2023-08-02 10:45:00-04:00,,
short|2023-08-10 09:30:00-0400,2023-08-10 09:30:00-04:00,short,2023-08-10 10:31:00-04:00,15411.75,15441.75,15324.8875,2023-08-10 12:31:00-04:00,863.0,36.0,431.5,18.0,target,2023-08-10 10:45:00-04:00,14.0,True,False,False,15308.0,15420.75,True,False,116,0,,2023-08-10 10:45:00-04:00,
long|2023-08-15 09:30:00-0400,2023-08-15 09:30:00-04:00,long,2023-08-15 10:31:00-04:00,15124.25,15113.0,15207.6125,2023-08-15 12:31:00-04:00,335.0,65.0,167.5,32.5,stop,2023-08-15 10:32:00-04:00,1.0,False,False,False,15108.0,15129.0,True,False,90,1,2023-08-15 10:32:00-04:00,,
short|2023-09-18 09:30:00-0400,2023-09-18 09:30:00-04:00,short,2023-09-18 10:31:00-04:00,15404.75,15441.25,15337.9875,2023-09-18 12:31:00-04:00,162.0,224.0,81.0,112.0,stop,2023-09-18 11:32:00-04:00,61.0,True,False,False,15364.25,15443.75,False,True,21,119,2023-09-18 11:32:00-04:00,,
long|2023-09-19 09:30:00-0400,2023-09-19 09:30:00-04:00,long,2023-09-19 10:31:00-04:00,15297.5,15273.25,15361.9125,2023-09-19 12:31:00-04:00,18.0,196.0,9.0,98.0,stop,2023-09-19 10:38:00-04:00,7.0,True,False,False,15248.5,15302.0,False,True,0,9,2023-09-19 10:38:00-04:00,,
long|2023-10-03 09:30:00-0400,2023-10-03 09:30:00-04:00,long,2023-10-03 10:31:00-04:00,14783.75,14770.75,14889.5625,2023-10-03 12:31:00-04:00,110.0,295.0,55.0,147.5,stop,2023-10-03 10:38:00-04:00,7.0,True,False,False,14710.0,14811.25,False,True,4,86,2023-10-03 10:38:00-04:00,,
long|2023-10-19 09:30:00-0400,2023-10-19 09:30:00-04:00,long,2023-10-19 10:31:00-04:00,15003.5,15003.0,15087.775,2023-10-19 12:31:00-04:00,538.0,149.0,269.0,74.5,stop,2023-10-19 10:31:00-04:00,0.0,False,True,False,14966.25,15015.75,True,False,113,51,2023-10-19 10:31:00-04:00,,
long|2023-10-26 09:30:00-0400,2023-10-26 09:30:00-04:00,long,2023-10-26 10:31:00-04:00,14319.5,14270.0,14409.4875,2023-10-26 12:31:00-04:00,259.0,638.0,129.5,319.0,stop,2023-10-26 10:38:00-04:00,7.0,True,False,False,14160.0,14327.5,False,True,21,108,2023-10-26 10:38:00-04:00,,
long|2023-11-30 09:30:00-0500,2023-11-30 09:30:00-05:00,long,2023-11-30 10:31:00-05:00,15944.75,15918.75,16001.65,2023-11-30 12:31:00-05:00,86.0,336.0,43.0,168.0,stop,2023-11-30 10:38:00-05:00,7.0,True,False,False,15860.75,15966.25,False,True,3,89,2023-11-30 10:38:00-05:00,,
long|2023-12-04 09:30:00-0500,2023-12-04 09:30:00-05:00,long,2023-12-04 10:31:00-05:00,15754.5,15746.75,15826.325,2023-12-04 12:31:00-05:00,389.0,133.0,194.5,66.5,stop,2023-12-04 10:31:00-05:00,0.0,False,True,False,15721.25,15754.5,True,False,117,22,2023-12-04 10:31:00-05:00,,
short|2023-12-05 09:30:00-0500,2023-12-05 09:30:00-05:00,short,2023-12-05 10:31:00-05:00,15896.5,15936.75,15821.3875,2023-12-05 12:31:00-05:00,257.0,261.0,128.5,130.5,stop,2023-12-05 10:45:00-05:00,14.0,False,False,False,15832.25,15944.0,True,False,83,35,2023-12-05 10:45:00-05:00,,
long|2023-12-06 09:30:00-0500,2023-12-06 09:30:00-05:00,long,2023-12-06 10:31:00-05:00,15906.25,15876.0,15981.75,2023-12-06 12:31:00-05:00,174.0,171.0,87.0,85.5,stop,2023-12-06 11:33:00-05:00,62.0,True,False,False,15863.5,15949.75,False,True,42,73,2023-12-06 11:33:00-05:00,,
short|2023-12-07 09:30:00-0500,2023-12-07 09:30:00-05:00,short,2023-12-07 10:31:00-05:00,15995.0,15997.25,15921.475,2023-12-07 12:31:00-05:00,257.0,245.0,128.5,122.5,stop,2023-12-07 10:31:00-05:00,0.0,True,False,False,15930.75,16002.0,False,True,48,109,2023-12-07 10:31:00-05:00,,
long|2023-12-20 14:30:00-0500,2023-12-20 14:30:00-05:00,long,2023-12-20 15:31:00-05:00,16811.75,16788.0,16879.2875,2023-12-21 09:30:00-05:00,93.0,218.0,46.5,109.0,stop,2023-12-20 15:34:00-05:00,3.0,False,False,False,16757.25,16819.5,False,True,19,29,2023-12-20 15:34:00-05:00,,
long|2023-12-29 10:30:00-0500,2023-12-29 10:30:00-05:00,long,2023-12-29 11:31:00-05:00,16954.0,16940.0,16999.2875,2023-12-29 13:31:00-05:00,273.0,65.0,136.5,32.5,stop,2023-12-29 11:32:00-05:00,1.0,False,True,False,16937.75,16954.0,True,False,97,1,2023-12-29 11:32:00-05:00,,
short|2024-01-05 09:30:00-0500,2024-01-05 09:30:00-05:00,short,2024-01-05 10:31:00-05:00,16533.0,16555.5,16456.9375,2024-01-05 12:31:00-05:00,339.0,176.0,169.5,88.0,stop,2024-01-05 10:32:00-05:00,1.0,False,True,False,16448.25,16558.0,True,False,118,41,2024-01-05 10:32:00-05:00,,
short|2024-01-16 09:30:00-0500,2024-01-16 09:30:00-05:00,short,2024-01-16 10:31:00-05:00,17001.25,17003.75,16929.65,2024-01-16 12:31:00-05:00,388.0,131.0,194.0,65.5,stop,2024-01-16 10:31:00-05:00,0.0,True,True,False,16904.25,17005.25,True,False,119,19,2024-01-16 10:31:00-05:00,,
long|2024-02-06 09:30:00-0500,2024-02-06 09:30:00-05:00,long,2024-02-06 10:31:00-05:00,17631.0,17598.0,17719.1375,2024-02-06 12:31:00-05:00,130.0,281.0,65.0,140.5,stop,2024-02-06 11:46:00-05:00,75.0,True,False,False,17560.75,17663.5,False,True,60,110,2024-02-06 11:46:00-05:00,,
long|2024-02-16 09:30:00-0500,2024-02-16 09:30:00-05:00,long,2024-02-16 10:31:00-05:00,17762.0,17713.75,17851.9625,2024-02-16 12:31:00-05:00,520.0,88.0,260.0,44.0,target,2024-02-16 11:12:00-05:00,41.0,False,False,False,17740.0,17892.0,True,False,87,3,,2024-02-16 11:12:00-05:00,
short|2024-03-01 09:30:00-0500,2024-03-01 09:30:00-05:00,short,2024-03-01 10:31:00-05:00,18166.5,18196.75,18096.9625,2024-03-01 12:31:00-05:00,89.0,420.0,44.5,210.0,stop,2024-03-01 10:56:00-05:00,25.0,True,False,False,18144.25,18204.0,False,True,3,116,2024-03-01 10:56:00-05:00,,
long|2024-03-06 09:30:00-0500,2024-03-06 09:30:00-05:00,long,2024-03-06 10:31:00-05:00,18010.25,17963.5,18087.25,2024-03-06 12:31:00-05:00,645.0,11.0,322.5,5.5,target,2024-03-06 11:00:00-05:00,29.0,False,False,False,18007.5,18171.5,True,False,120,0,,2024-03-06 11:00:00-05:00,
short|2024-03-20 14:30:00-0400,2024-03-20 14:30:00-04:00,short,2024-03-20 15:31:00-04:00,18490.75,18491.25,18394.925,2024-03-21 09:30:00-04:00,209.0,28.0,104.5,14.0,stop,2024-03-20 15:31:00-04:00,0.0,True,False,False,18438.5,18492.75,True,False,19,2,2024-03-20 15:31:00-04:00,,
long|2024-03-27 09:30:00-0400,2024-03-27 09:30:00-04:00,long,2024-03-27 10:31:00-04:00,18424.25,18378.5,18486.55,2024-03-27 12:31:00-04:00,78.0,137.0,39.0,68.5,none,,,True,False,False,18390.0,18443.75,False,True,11,61,,,
long|2024-04-04 14:30:00-0400,2024-04-04 14:30:00-04:00,long,2024-04-04 15:31:00-04:00,18112.5,18106.5,18208.8125,2024-04-05 09:30:00-04:00,111.0,200.0,55.5,100.0,stop,2024-04-04 15:38:00-04:00,7.0,True,False,False,18062.5,18140.25,False,True,3,27,2024-04-04 15:38:00-04:00,,
long|2024-04-19 09:30:00-0400,2024-04-19 09:30:00-04:00,long,2024-04-19 10:31:00-04:00,17388.5,17341.5,17490.8375,2024-04-19 12:31:00-04:00,138.0,728.0,69.0,364.0,stop,2024-04-19 11:19:00-04:00,48.0,True,False,False,17206.5,17423.0,False,True,19,118,2024-04-19 11:19:00-04:00,,
short|2024-04-25 09:30:00-0400,2024-04-25 09:30:00-04:00,short,2024-04-25 10:31:00-04:00,17428.75,17447.75,17327.425,2024-04-25 12:31:00-04:00,349.0,141.0,174.5,70.5,stop,2024-04-25 12:21:00-04:00,110.0,True,False,False,17341.5,17459.0,False,True,24,117,2024-04-25 12:21:00-04:00,,
short|2024-05-14 09:30:00-0400,2024-05-14 09:30:00-04:00,short,2024-05-14 10:31:00-04:00,18369.5,18371.5,18317.275,2024-05-14 12:31:00-04:00,345.0,8.0,172.5,4.0,stop,2024-05-14 10:31:00-04:00,0.0,False,True,False,18283.25,18371.5,True,False,9,0,2024-05-14 10:31:00-04:00,,
long|2024-05-23 09:30:00-0400,2024-05-23 09:30:00-04:00,long,2024-05-23 10:31:00-04:00,18876.5,18838.0,18932.5125,2024-05-23 12:31:00-04:00,229.0,299.0,114.5,149.5,stop,2024-05-23 10:54:00-04:00,23.0,True,False,False,18801.75,18915.5,True,False,90,27,2024-05-23 10:54:00-04:00,,
long|2024-05-23 13:30:00-0400,2024-05-23 13:30:00-04:00,long,2024-05-23 14:31:00-04:00,18674.0,18666.25,18744.3875,2024-05-23 16:31:00-04:00,170.0,210.0,85.0,105.0,stop,2024-05-23 14:31:00-04:00,0.0,True,False,False,18621.5,18678.25,True,False,79,35,2024-05-23 14:31:00-04:00,,
short|2024-05-24 09:30:00-0400,2024-05-24 09:30:00-04:00,short,2024-05-24 10:31:00-04:00,18830.75,18838.0,18754.5125,2024-05-24 12:31:00-04:00,69.0,352.0,34.5,176.0,stop,2024-05-24 10:31:00-04:00,0.0,True,False,False,18813.5,18839.75,False,True,14,43,2024-05-24 10:31:00-04:00,,
short|2024-05-29 09:30:00-0400,2024-05-29 09:30:00-04:00,short,2024-05-29 10:31:00-04:00,18857.75,18867.75,18790.1,2024-05-29 12:31:00-04:00,147.0,89.0,73.5,44.5,stop,2024-05-29 10:32:00-04:00,1.0,True,False,False,18821.0,18869.75,True,False,103,21,2024-05-29 10:32:00-04:00,,
long|2024-05-30 09:30:00-0400,2024-05-30 09:30:00-04:00,long,2024-05-30 10:31:00-04:00,18720.25,18684.25,18783.975,2024-05-30 12:31:00-04:00,15.0,386.0,7.5,193.0,stop,2024-05-30 10:35:00-04:00,4.0,True,False,False,18623.75,18724.0,False,True,0,34,2024-05-30 10:35:00-04:00,,
short|2024-06-27 09:30:00-0400,2024-06-27 09:30:00-04:00,short,2024-06-27 10:31:00-04:00,20074.0,20116.5,19991.7625,2024-06-27 12:31:00-04:00,479.0,42.0,239.5,21.0,target,2024-06-27 11:28:00-04:00,57.0,True,False,False,19978.5,20084.5,True,False,65,9,,2024-06-27 11:28:00-04:00,
short|2024-06-28 09:30:00-0400,2024-06-28 09:30:00-04:00,short,2024-06-28 10:31:00-04:00,20228.5,20273.25,20145.8875,2024-06-28 12:31:00-04:00,827.0,76.0,413.5,38.0,target,2024-06-28 10:54:00-04:00,23.0,False,False,False,20145.75,20247.5,True,False,108,2,,2024-06-28 10:54:00-04:00,
short|2024-07-02 09:30:00-0400,2024-07-02 09:30:00-04:00,short,2024-07-02 10:31:00-04:00,20075.25,20096.5,19980.9375,2024-07-02 12:31:00-04:00,56.0,325.0,28.0,162.5,stop,2024-07-02 10:40:00-04:00,9.0,True,False,False,20061.25,20107.75,False,True,17,69,2024-07-02 10:40:00-04:00,,
long|2024-07-11 09:30:00-0400,2024-07-11 09:30:00-04:00,long,2024-07-11 10:31:00-04:00,20720.75,20656.25,20788.8,2024-07-11 12:31:00-04:00,23.0,1065.0,11.5,532.5,stop,2024-07-11 10:43:00-04:00,12.0,True,False,False,20454.5,20726.5,False,True,0,92,2024-07-11 10:43:00-04:00,,
short|2024-07-12 09:30:00-0400,2024-07-12 09:30:00-04:00,short,2024-07-12 10:31:00-04:00,20554.75,20586.75,20465.5375,2024-07-12 12:31:00-04:00,1.0,459.0,0.5,229.5,stop,2024-07-12 10:33:00-04:00,2.0,True,False,False,20554.5,20593.25,False,True,1,73,2024-07-12 10:33:00-04:00,,
long|2024-07-16 09:30:00-0400,2024-07-16 09:30:00-04:00,long,2024-07-16 10:31:00-04:00,20534.25,20485.5,20646.3,2024-07-16 12:31:00-04:00,297.0,281.0,148.5,140.5,stop,2024-07-16 12:17:00-04:00,106.0,True,False,False,20464.0,20608.5,False,True,40,120,2024-07-16 12:17:00-04:00,,
long|2024-07-17 09:30:00-0400,2024-07-17 09:30:00-04:00,long,2024-07-17 10:31:00-04:00,20135.25,20098.0,20257.1875,2024-07-17 12:31:00-04:00,177.0,435.0,88.5,217.5,stop,2024-07-17 11:05:00-04:00,34.0,True,False,False,20026.5,20179.5,False,True,15,118,2024-07-17 11:05:00-04:00,,
long|2024-07-18 10:30:00-0400,2024-07-18 10:30:00-04:00,long,2024-07-18 11:31:00-04:00,19832.75,19816.25,19955.5,2024-07-18 13:31:00-04:00,455.0,240.0,227.5,120.0,stop,2024-07-18 11:31:00-04:00,0.0,False,True,False,19772.75,19835.5,True,False,112,32,2024-07-18 11:31:00-04:00,,
short|2024-08-23 09:30:00-0400,2024-08-23 09:30:00-04:00,short,2024-08-23 10:31:00-04:00,19884.5,19903.25,19772.4625,2024-08-23 12:31:00-04:00,1047.0,25.0,523.5,12.5,target,2024-08-23 10:46:00-04:00,15.0,True,False,False,19761.5,19890.75,True,False,20,0,,2024-08-23 10:46:00-04:00,
long|2024-09-03 09:30:00-0400,2024-09-03 09:30:00-04:00,long,2024-09-03 10:31:00-04:00,19296.5,19283.0,19418.5625,2024-09-03 12:31:00-04:00,30.0,652.0,15.0,326.0,stop,2024-09-03 10:31:00-04:00,0.0,True,False,False,19133.5,19304.0,False,True,0,101,2024-09-03 10:31:00-04:00,,
long|2024-09-06 09:30:00-0400,2024-09-06 09:30:00-04:00,long,2024-09-06 10:31:00-04:00,18641.25,18640.0,18773.9,2024-09-06 12:31:00-04:00,78.0,803.0,39.0,401.5,stop,2024-09-06 10:31:00-04:00,0.0,True,False,False,18440.5,18657.0,False,True,1,120,2024-09-06 10:31:00-04:00,,
long|2024-09-24 09:30:00-0400,2024-09-24 09:30:00-04:00,long,2024-09-24 10:31:00-04:00,19983.25,19963.75,20119.4875,2024-09-24 12:31:00-04:00,926.0,125.0,463.0,62.5,stop,2024-09-24 10:40:00-04:00,9.0,False,True,False,19952.0,20012.0,True,False,84,10,2024-09-24 10:40:00-04:00,,
short|2024-09-25 09:30:00-0400,2024-09-25 09:30:00-04:00,short,2024-09-25 10:31:00-04:00,20226.75,20272.75,20137.325,2024-09-25 12:31:00-04:00,227.0,91.0,113.5,45.5,none,,,False,False,False,20170.0,20249.5,True,False,95,7,,,
long|2024-09-26 09:30:00-0400,2024-09-26 09:30:00-04:00,long,2024-09-26 10:31:00-04:00,20347.0,20338.25,20432.9625,2024-09-26 12:31:00-04:00,78.0,636.0,39.0,318.0,stop,2024-09-26 10:31:00-04:00,0.0,True,False,False,20188.0,20346.75,False,True,7,30,2024-09-26 10:31:00-04:00,,
long|2024-09-26 10:30:00-0400,2024-09-26 10:30:00-04:00,long,2024-09-26 11:31:00-04:00,20233.25,20188.0,20323.8,2024-09-26 13:31:00-04:00,365.0,176.0,182.5,88.0,target,2024-09-26 11:59:00-04:00,28.0,False,False,False,20231.0,20324.5,False,True,28,108,,2024-09-26 11:59:00-04:00,
long|2024-10-01 09:30:00-0400,2024-10-01 09:30:00-04:00,long,2024-10-01 10:31:00-04:00,19887.75,19882.0,19990.1,2024-10-01 12:31:00-04:00,433.0,279.0,216.5,139.5,stop,2024-10-01 10:31:00-04:00,0.0,True,False,False,19818.0,19899.25,True,False,101,46,2024-10-01 10:31:00-04:00,,
long|2024-10-04 09:30:00-0400,2024-10-04 09:30:00-04:00,long,2024-10-04 10:31:00-04:00,20036.25,20013.0,20148.4875,2024-10-04 12:31:00-04:00,497.0,71.0,248.5,35.5,target,2024-10-04 11:01:00-04:00,30.0,True,False,False,20018.5,20160.5,True,False,35,0,,2024-10-04 11:01:00-04:00,
long|2024-10-15 10:30:00-0400,2024-10-15 10:30:00-04:00,long,2024-10-15 11:31:00-04:00,20400.75,20331.5,20485.6375,2024-10-15 13:31:00-04:00,132.0,266.0,66.0,133.0,none,,,True,False,False,20334.25,20433.75,False,True,6,117,,,
long|2024-10-17 09:30:00-0400,2024-10-17 09:30:00-04:00,long,2024-10-17 10:31:00-04:00,20442.5,20365.25,20529.625,2024-10-17 12:31:00-04:00,346.0,293.0,173.0,146.5,none,,,True,False,False,20369.25,20529.0,True,False,91,34,,,
long|2024-10-31 09:30:00-0400,2024-10-31 09:30:00-04:00,long,2024-10-31 10:31:00-04:00,20125.0,20119.0,20213.85,2024-10-31 12:31:00-04:00,128.0,405.0,64.0,202.5,stop,2024-10-31 10:39:00-04:00,8.0,True,False,False,20023.75,20157.0,False,True,1,82,2024-10-31 10:39:00-04:00,,
short|2024-11-06 09:30:00-0500,2024-11-06 09:30:00-05:00,short,2024-11-06 10:31:00-05:00,20798.25,20806.75,20693.0875,2024-11-06 12:31:00-05:00,424.0,95.0,212.0,47.5,stop,2024-11-06 10:31:00-05:00,0.0,True,False,False,20692.25,20822.0,True,False,31,0,2024-11-06 10:31:00-05:00,,
long|2024-11-15 09:30:00-0500,2024-11-15 09:30:00-05:00,long,2024-11-15 10:31:00-05:00,20598.5,20582.5,20699.875,2024-11-15 12:31:00-05:00,40.0,493.0,20.0,246.5,stop,2024-11-15 10:35:00-05:00,4.0,True,False,False,20475.25,20608.5,False,True,3,95,2024-11-15 10:35:00-05:00,,
long|2024-11-20 09:30:00-0500,2024-11-20 09:30:00-05:00,long,2024-11-20 10:31:00-05:00,20513.5,20477.25,20600.525,2024-11-20 12:31:00-05:00,782.0,5.0,391.0,2.5,target,2024-11-20 10:45:00-05:00,14.0,False,False,False,20512.25,20709.0,True,False,85,0,,2024-11-20 10:45:00-05:00,
short|2024-12-11 09:30:00-0500,2024-12-11 09:30:00-05:00,short,2024-12-11 10:31:00-05:00,21702.5,21736.25,21623.575,2024-12-11 12:31:00-05:00,115.0,338.0,57.5,169.0,stop,2024-12-11 11:14:00-05:00,43.0,True,False,False,21673.75,21743.75,False,True,25,106,2024-12-11 11:14:00-05:00,,
long|2024-12-27 09:30:00-0500,2024-12-27 09:30:00-05:00,long,2024-12-27 10:31:00-05:00,21538.0,21512.75,21672.1375,2024-12-27 12:31:00-05:00,453.0,159.0,226.5,79.5,stop,2024-12-27 10:33:00-05:00,2.0,True,False,False,21498.25,21554.5,False,True,62,109,2024-12-27 10:33:00-05:00,,
long|2024-12-30 09:30:00-0500,2024-12-30 09:30:00-05:00,long,2024-12-30 10:31:00-05:00,21283.5,21252.75,21418.25,2024-12-30 12:31:00-05:00,972.0,28.0,486.0,14.0,target,2024-12-30 11:20:00-05:00,49.0,True,False,False,21276.5,21526.5,True,False,120,0,,2024-12-30 11:20:00-05:00,
long|2025-01-07 09:30:00-0500,2025-01-07 09:30:00-05:00,long,2025-01-07 10:31:00-05:00,21549.5,21524.75,21678.8375,2025-01-07 12:31:00-05:00,94.0,601.0,47.0,300.5,stop,2025-01-07 10:31:00-05:00,0.0,True,False,False,21399.25,21553.75,True,False,57,16,2025-01-07 10:31:00-05:00,,
long|2025-01-10 09:30:00-0500,2025-01-10 09:30:00-05:00,long,2025-01-10 10:31:00-05:00,21012.75,20874.75,21170.025,2025-01-10 12:31:00-05:00,441.0,507.0,220.5,253.5,none,,,True,False,False,20886.0,21123.0,False,True,18,67,,,
long|2025-01-17 09:30:00-0500,2025-01-17 09:30:00-05:00,long,2025-01-17 10:31:00-05:00,21522.25,21481.0,21662.6375,2025-01-17 12:31:00-05:00,461.0,27.0,230.5,13.5,none,,,False,False,False,21515.5,21637.5,True,False,55,0,,,
short|2025-01-28 09:30:00-0500,2025-01-28 09:30:00-05:00,short,2025-01-28 10:31:00-05:00,21469.0,21481.25,21330.9,2025-01-28 12:31:00-05:00,327.0,377.0,163.5,188.5,stop,2025-01-28 12:00:00-05:00,89.0,True,False,False,21387.25,21487.5,False,True,58,112,2025-01-28 12:00:00-05:00,,
short|2025-02-03 09:30:00-0500,2025-02-03 09:30:00-05:00,short,2025-02-03 10:31:00-05:00,21327.5,21363.5,21168.525,2025-02-03 12:31:00-05:00,25.0,570.0,12.5,285.0,stop,2025-02-03 10:31:00-05:00,0.0,True,False,False,21321.25,21376.25,False,True,0,51,2025-02-03 10:31:00-05:00,,
short|2025-02-13 09:30:00-0500,2025-02-13 09:30:00-05:00,short,2025-02-13 10:31:00-05:00,21974.0,21996.5,21890.6,2025-02-13 12:31:00-05:00,128.0,336.0,64.0,168.0,stop,2025-02-13 10:35:00-05:00,4.0,True,False,False,21942.0,22003.0,True,False,86,13,2025-02-13 10:35:00-05:00,,
long|2025-02-24 09:30:00-0500,2025-02-24 09:30:00-05:00,long,2025-02-24 10:31:00-05:00,21519.75,21436.75,21634.375,2025-02-24 12:31:00-05:00,535.0,302.0,267.5,151.0,target,2025-02-24 12:19:00-05:00,108.0,True,False,False,21444.25,21653.5,True,False,109,25,,2025-02-24 12:19:00-05:00,
long|2025-02-25 09:30:00-0500,2025-02-25 09:30:00-05:00,long,2025-02-25 10:31:00-05:00,21053.0,21028.0,21183.45,2025-02-25 12:31:00-05:00,601.0,250.0,300.5,125.0,stop,2025-02-25 11:30:00-05:00,59.0,True,True,False,20990.5,21160.0,True,False,86,62,2025-02-25 11:30:00-05:00,,
short|2025-02-28 09:30:00-0500,2025-02-28 09:30:00-05:00,short,2025-02-28 10:31:00-05:00,20754.75,20759.0,20581.3,2025-02-28 12:31:00-05:00,521.0,92.0,260.5,46.0,stop,2025-02-28 10:31:00-05:00,0.0,False,False,False,20624.5,20777.75,True,False,59,0,2025-02-28 10:31:00-05:00,,
long|2025-03-04 09:30:00-0500,2025-03-04 09:30:00-05:00,long,2025-03-04 10:31:00-05:00,20179.75,20075.75,20396.8125,2025-03-04 12:31:00-05:00,1012.0,284.0,506.0,142.0,target,2025-03-04 12:26:00-05:00,115.0,True,False,False,20108.75,20432.75,True,False,117,58,,2025-03-04 12:26:00-05:00,
long|2025-03-26 09:30:00-0400,2025-03-26 09:30:00-04:00,long,2025-03-26 10:31:00-04:00,20275.5,20226.0,20389.9125,2025-03-26 12:31:00-04:00,180.0,466.0,90.0,233.0,stop,2025-03-26 11:52:00-04:00,81.0,True,False,False,20159.0,20320.5,False,True,49,109,2025-03-26 11:52:00-04:00,,
long|2025-03-28 09:30:00-0400,2025-03-28 09:30:00-04:00,long,2025-03-28 10:31:00-04:00,19653.0,19630.75,19769.25,2025-03-28 12:31:00-04:00,26.0,675.0,13.0,337.5,stop,2025-03-28 10:31:00-04:00,0.0,True,False,False,19484.25,19659.5,False,True,0,112,2025-03-28 10:31:00-04:00,,
short|2025-04-02 09:30:00-0400,2025-04-02 09:30:00-04:00,short,2025-04-02 10:31:00-04:00,19589.5,19620.5,19431.475,2025-04-02 12:31:00-04:00,115.0,747.0,57.5,373.5,stop,2025-04-02 10:32:00-04:00,1.0,True,False,False,19560.75,19628.75,False,True,7,120,2025-04-02 10:32:00-04:00,,
short|2025-05-23 09:30:00-0400,2025-05-23 09:30:00-04:00,short,2025-05-23 10:31:00-04:00,20958.75,20993.75,20817.2125,2025-05-23 12:31:00-04:00,300.0,202.0,150.0,101.0,stop,2025-05-23 11:37:00-04:00,66.0,True,False,False,20883.75,21009.25,False,True,45,66,2025-05-23 11:37:00-04:00,,
long|2025-05-29 09:30:00-0400,2025-05-29 09:30:00-04:00,long,2025-05-29 10:31:00-04:00,21457.5,21380.25,21554.7,2025-05-29 12:31:00-04:00,258.0,626.0,129.0,313.0,stop,2025-05-29 11:57:00-04:00,86.0,True,False,False,21301.0,21522.0,False,True,27,89,2025-05-29 11:57:00-04:00,,
short|2025-07-09 09:30:00-0400,2025-07-09 09:30:00-04:00,short,2025-07-09 10:31:00-04:00,23026.25,23111.25,22941.8125,2025-07-09 12:31:00-04:00,437.0,1.0,218.5,0.5,target,2025-07-09 10:57:00-04:00,26.0,True,False,False,22934.25,23026.5,True,False,46,0,,2025-07-09 10:57:00-04:00,
long|2025-07-09 10:30:00-0400,2025-07-09 10:30:00-04:00,long,2025-07-09 11:31:00-04:00,22980.75,22917.0,23069.075,2025-07-09 13:31:00-04:00,111.0,173.0,55.5,86.5,none,,,False,False,False,22937.5,23008.5,True,False,81,42,,,
long|2025-07-10 09:30:00-0400,2025-07-10 09:30:00-04:00,long,2025-07-10 10:31:00-04:00,22944.5,22901.0,23034.2125,2025-07-10 12:31:00-04:00,323.0,34.0,161.5,17.0,none,,,True,False,False,22936.0,23025.25,True,False,88,1,,,
long|2025-07-22 09:30:00-0400,2025-07-22 09:30:00-04:00,long,2025-07-22 10:31:00-04:00,23187.75,23105.0,23252.4875,2025-07-22 12:31:00-04:00,190.0,97.0,95.0,48.5,none,,,True,False,False,23163.5,23235.25,False,True,63,117,,,
long|2025-07-30 14:30:00-0400,2025-07-30 14:30:00-04:00,long,2025-07-30 15:31:00-04:00,23411.75,23355.0,23485.5625,2025-07-31 09:30:00-04:00,338.0,116.0,169.0,58.0,target,2025-07-30 15:59:00-04:00,28.0,True,False,False,23382.75,23496.25,True,False,29,9,,2025-07-30 15:59:00-04:00,
long|2025-07-31 09:30:00-0400,2025-07-31 09:30:00-04:00,long,2025-07-31 10:31:00-04:00,23651.0,23608.25,23734.0125,2025-07-31 12:31:00-04:00,24.0,669.0,12.0,334.5,stop,2025-07-31 10:37:00-04:00,6.0,True,False,False,23483.75,23657.0,False,True,0,45,2025-07-31 10:37:00-04:00,,
long|2025-08-19 09:30:00-0400,2025-08-19 09:30:00-04:00,long,2025-08-19 10:31:00-04:00,23625.75,23622.75,23697.7875,2025-08-19 12:31:00-04:00,133.0,447.0,66.5,223.5,stop,2025-08-19 10:31:00-04:00,0.0,True,False,False,23514.0,23628.5,False,True,2,30,2025-08-19 10:31:00-04:00,,
long|2025-08-20 09:30:00-0400,2025-08-20 09:30:00-04:00,long,2025-08-20 10:31:00-04:00,23092.0,23063.25,23178.875,2025-08-20 12:31:00-04:00,847.0,227.0,423.5,113.5,stop,2025-08-20 10:41:00-04:00,10.0,False,True,False,23035.25,23109.25,True,False,118,22,2025-08-20 10:41:00-04:00,,
short|2025-08-22 09:30:00-0400,2025-08-22 09:30:00-04:00,short,2025-08-22 10:31:00-04:00,23568.0,23633.5,23434.7125,2025-08-22 12:31:00-04:00,177.0,328.0,88.5,164.0,stop,2025-08-22 10:46:00-04:00,15.0,True,False,False,23523.75,23641.75,True,False,105,33,2025-08-22 10:46:00-04:00,,
long|2025-08-29 09:30:00-0400,2025-08-29 09:30:00-04:00,long,2025-08-29 10:31:00-04:00,23495.75,23428.0,23578.125,2025-08-29 12:31:00-04:00,80.0,329.0,40.0,164.5,stop,2025-08-29 10:50:00-04:00,19.0,True,False,False,23413.5,23515.75,False,True,9,27,2025-08-29 10:50:00-04:00,,
long|2025-09-05 09:30:00-0400,2025-09-05 09:30:00-04:00,long,2025-09-05 10:31:00-04:00,23654.5,23629.25,23746.775,2025-09-05 12:31:00-04:00,58.0,598.0,29.0,299.0,stop,2025-09-05 10:35:00-04:00,4.0,True,False,False,23505.0,23665.75,True,False,73,39,2025-09-05 10:35:00-04:00,,
long|2025-09-24 09:30:00-0400,2025-09-24 09:30:00-04:00,long,2025-09-24 10:31:00-04:00,24818.75,24785.0,24894.4625,2025-09-24 12:31:00-04:00,44.0,763.0,22.0,381.5,stop,2025-09-24 11:10:00-04:00,39.0,True,False,False,24628.0,24829.75,False,True,21,101,2025-09-24 11:10:00-04:00,,
long|2025-09-24 11:30:00-0400,2025-09-24 11:30:00-04:00,long,2025-09-24 12:31:00-04:00,24692.75,24628.0,24773.4625,2025-09-24 14:31:00-04:00,249.0,55.0,124.5,27.5,none,,,True,False,False,24679.0,24755.0,True,False,64,26,,,
long|2025-10-02 09:30:00-0400,2025-10-02 09:30:00-04:00,long,2025-10-02 10:31:00-04:00,25088.5,25014.25,25166.6625,2025-10-02 12:31:00-04:00,9.0,379.0,4.5,189.5,stop,2025-10-02 11:00:00-04:00,29.0,True,False,False,24993.75,25090.75,False,True,0,33,2025-10-02 11:00:00-04:00,,
long|2025-10-07 10:30:00-0400,2025-10-07 10:30:00-04:00,long,2025-10-07 11:31:00-04:00,25063.5,25053.75,25141.0875,2025-10-07 13:31:00-04:00,114.0,313.0,57.0,156.5,stop,2025-10-07 11:31:00-04:00,0.0,True,False,False,24985.25,25075.75,True,False,67,20,2025-10-07 11:31:00-04:00,,
short|2025-10-17 09:30:00-0400,2025-10-17 09:30:00-04:00,short,2025-10-17 10:31:00-04:00,24888.75,24960.75,24712.1,2025-10-17 12:31:00-04:00,857.0,337.0,428.5,168.5,target,2025-10-17 11:25:00-04:00,54.0,True,False,True,24700.5,24973.0,False,True,65,120,,2025-10-17 11:25:00-04:00,
short|2025-11-04 09:30:00-0500,2025-11-04 09:30:00-05:00,short,2025-11-04 10:31:00-05:00,25860.75,25893.75,25718.75,2025-11-04 12:31:00-05:00,874.0,118.0,437.0,59.0,target,2025-11-04 12:06:00-05:00,95.0,True,False,False,25712.5,25890.25,True,False,109,10,,2025-11-04 12:06:00-05:00,
short|2025-11-05 09:30:00-0500,2025-11-05 09:30:00-05:00,short,2025-11-05 10:31:00-05:00,25681.25,25718.0,25539.7625,2025-11-05 12:31:00-05:00,92.0,485.0,46.0,242.5,stop,2025-11-05 10:41:00-05:00,10.0,True,False,False,25658.25,25730.0,False,True,47,120,2025-11-05 10:41:00-05:00,,
long|2025-11-06 09:30:00-0500,2025-11-06 09:30:00-05:00,long,2025-11-06 10:31:00-05:00,25496.75,25404.25,25619.275,2025-11-06 12:31:00-05:00,69.0,1198.0,34.5,599.0,stop,2025-11-06 10:36:00-05:00,5.0,True,False,False,25197.25,25514.0,False,True,0,115,2025-11-06 10:36:00-05:00,,
long|2025-11-07 09:30:00-0500,2025-11-07 09:30:00-05:00,long,2025-11-07 10:31:00-05:00,24972.75,24881.75,25110.8875,2025-11-07 12:31:00-05:00,31.0,1055.0,15.5,527.5,stop,2025-11-07 10:41:00-05:00,10.0,True,False,False,24709.0,24980.5,False,True,0,96,2025-11-07 10:41:00-05:00,,
long|2025-11-12 09:30:00-0500,2025-11-12 09:30:00-05:00,long,2025-11-12 10:31:00-05:00,25607.25,25561.5,25744.65,2025-11-12 12:31:00-05:00,60.0,474.0,30.0,237.0,stop,2025-11-12 10:36:00-05:00,5.0,True,False,False,25488.75,25622.25,False,True,0,78,2025-11-12 10:36:00-05:00,,
short|2025-11-14 09:30:00-0500,2025-11-14 09:30:00-05:00,short,2025-11-14 10:31:00-05:00,25006.5,25028.25,24862.6625,2025-11-14 12:31:00-05:00,118.0,1148.0,59.0,574.0,stop,2025-11-14 10:35:00-05:00,4.0,True,False,False,24977.0,25032.5,False,True,0,100,2025-11-14 10:35:00-05:00,,
long|2025-11-20 11:30:00-0500,2025-11-20 11:30:00-05:00,long,2025-11-20 12:31:00-05:00,24478.5,24353.5,24745.6875,2025-11-20 14:31:00-05:00,482.0,1096.0,241.0,548.0,stop,2025-11-20 12:35:00-05:00,4.0,True,False,False,24204.5,24486.25,False,True,44,97,2025-11-20 12:35:00-05:00,,
long|2025-12-04 09:30:00-0500,2025-12-04 09:30:00-05:00,long,2025-12-04 10:31:00-05:00,25597.5,25520.0,25702.4375,2025-12-04 12:31:00-05:00,227.0,369.0,113.5,184.5,stop,2025-12-04 11:05:00-05:00,34.0,True,False,False,25505.25,25639.0,True,False,90,35,2025-12-04 11:05:00-05:00,,
short|2025-12-10 14:30:00-0500,2025-12-10 14:30:00-05:00,short,2025-12-10 15:31:00-05:00,25839.5,25869.75,25745.05,2025-12-11 09:30:00-05:00,194.0,95.0,97.0,47.5,none,,,False,False,False,25791.0,25863.25,True,False,28,2,,,
long|2025-12-12 09:30:00-0500,2025-12-12 09:30:00-05:00,long,2025-12-12 10:31:00-05:00,25320.5,25315.0,25446.7875,2025-12-12 12:31:00-05:00,324.0,811.0,162.0,405.5,stop,2025-12-12 10:31:00-05:00,0.0,True,False,False,25117.75,25346.25,False,True,17,67,2025-12-12 10:31:00-05:00,,
long|2026-01-02 09:30:00-0500,2026-01-02 09:30:00-05:00,long,2026-01-02 10:31:00-05:00,25479.5,25457.25,25558.45,2026-01-02 12:31:00-05:00,497.0,742.0,248.5,371.0,target,2026-01-02 10:36:00-05:00,5.0,False,False,True,25468.5,25603.75,False,True,11,41,,2026-01-02 10:36:00-05:00,
short|2026-01-09 09:30:00-0500,2026-01-09 09:30:00-05:00,short,2026-01-09 10:31:00-05:00,25847.75,25860.75,25755.4,2026-01-09 12:31:00-05:00,347.0,313.0,173.5,156.5,stop,2026-01-09 10:31:00-05:00,0.0,True,True,False,25761.0,25868.0,False,True,14,93,2026-01-09 10:31:00-05:00,,
long|2026-01-22 09:30:00-0500,2026-01-22 09:30:00-05:00,long,2026-01-22 10:31:00-05:00,25601.0,25534.75,25750.475,2026-01-22 12:31:00-05:00,395.0,114.0,197.5,57.0,none,,,True,False,False,25572.5,25699.75,True,False,81,0,,,
long|2026-01-29 09:30:00-0500,2026-01-29 09:30:00-05:00,long,2026-01-29 10:31:00-05:00,25734.75,25718.25,25832.9375,2026-01-29 12:31:00-05:00,487.0,795.0,243.5,397.5,stop,2026-01-29 10:31:00-05:00,0.0,True,True,False,25536.0,25753.5,True,False,119,24,2026-01-29 10:31:00-05:00,,
long|2026-02-03 09:30:00-0500,2026-02-03 09:30:00-05:00,long,2026-02-03 10:31:00-05:00,25534.5,25470.25,25693.325,2026-02-03 12:31:00-05:00,389.0,560.0,194.5,280.0,stop,2026-02-03 11:51:00-05:00,80.0,True,False,False,25394.5,25631.75,False,True,27,119,2026-02-03 11:51:00-05:00,,
long|2026-02-26 09:30:00-0500,2026-02-26 09:30:00-05:00,long,2026-02-26 10:31:00-05:00,24905.0,24885.0,25020.3875,2026-02-26 12:31:00-05:00,722.0,172.0,361.0,86.0,stop,2026-02-26 10:34:00-05:00,3.0,False,True,False,24862.0,24935.0,True,False,55,3,2026-02-26 10:34:00-05:00,,
long|2026-03-03 09:30:00-0500,2026-03-03 09:30:00-05:00,long,2026-03-03 10:31:00-05:00,24376.25,24350.75,24543.9125,2026-03-03 12:31:00-05:00,1395.0,12.0,697.5,6.0,target,2026-03-03 11:05:00-05:00,34.0,True,False,False,24373.25,24725.0,True,False,75,0,,2026-03-03 11:05:00-05:00,
