symbol,dataset_path,resampled_dataset_path,variant_name,ema_fast,ema_slow,slope_lookback,pullback_lookback,pb_min_atr,target_r,is_sessions,oos_sessions,overall_total_trades,overall_net_pnl,overall_profit_factor,overall_sharpe_ratio,overall_max_drawdown,overall_win_rate,overall_average_trade,overall_expectancy,overall_median_holding_minutes,overall_time_in_market_pct,is_total_trades,is_net_pnl,is_profit_factor,is_sharpe_ratio,oos_total_trades,oos_net_pnl,oos_profit_factor,oos_sharpe_ratio,oos_max_drawdown,oos_win_rate,oos_average_trade,oos_expectancy,oos_median_holding_minutes,oos_time_in_market_pct,oos_top_5_day_contribution_pct,oos_pnl_excluding_top_5_days,oos_median_mfe_r,oos_median_mae_r,oos_pct_trades_reaching_1r_mfe
M2K,D:\Business\Trading\VSCODE\algo-trading-intraday-research\data\processed\parquet\M2K_c_0_1m_20260322_134808.parquet,data\exports\intraday_momentum_pullback_continuation_20260328_run\data\M2K_c_0_5m_20260322_134808.parquet,impc_ef12_es34_sl3_pb3_pm0p3_tr1p5,12,34,3,3,0.3,1.5,1222,525,1801,-5970.208333332283,0.7267596480341969,-2.174310965714488,-5991.213020832292,0.4053303720155469,-3.314940773643688,-3.314940773643688,35.0,0.09435222285823316,1278,-3520.9786458325966,0.7614213912751846,-1.8605228125578273,523,-2449.2296874996864,0.6546250511725806,-2.8772766579492224,-2449.2296874996828,0.38049713193116635,-4.683039555448731,-4.683039555448731,30.0,0.09045177045177046,-0.15903469649579338,-2838.742187499686,0.6169099421647726,-0.8267638290823451,0.32695984703632885
M2K,D:\Business\Trading\VSCODE\algo-trading-intraday-research\data\processed\parquet\M2K_c_0_1m_20260322_134808.parquet,data\exports\intraday_momentum_pullback_continuation_20260328_run\data\M2K_c_0_5m_20260322_134808.parquet,impc_ef12_es34_sl3_pb3_pm0p3_tr2p0,12,34,3,3,0.3,2.0,1222,525,1782,-6057.701041665461,0.7277555630199022,-2.116788431405345,-6134.42291666563,0.37991021324354657,-3.399383300597902,-3.399383300597902,40.0,0.10193298401655586,1263,-3917.5531249991536,0.7406989024048558,-2.008908679286083,519,-2140.147916666308,0.7003785550973186,-2.3537822487286744,-2140.147916666305,0.3622350674373796,-4.12359906872121,-4.12359906872121,40.0,0.0972893772893773,-0.23768606336598594,-2648.83124999964,0.6289637821688979,-0.8400420021000585,0.32755298651252407
M2K,D:\Business\Trading\VSCODE\algo-trading-intraday-research\data\processed\parquet\M2K_c_0_1m_20260322_134808.parquet,data\exports\intraday_momentum_pullback_continuation_20260328_run\data\M2K_c_0_5m_20260322_134808.parquet,impc_ef12_es34_sl3_pb3_pm0p3_tr2p5,12,34,3,3,0.3,2.5,1222,525,1769,-6524.072395831953,0.7065539328090557,-2.2866721588876793,-6553.326041665307,0.37252685132843416,-3.68800022376029,-3.68800022376029,45.0,0.10571235671407395,1254,-4381.214583332381,0.7103815089975761,-2.2974558782855246,515,-2142.8578124995715,0.6984045732576268,-2.2795469884510213,-2142.8578124995693,0.3572815533980582,-4.160888956309847,-4.160888956309847,45.0,0.10153846153846154,-0.2675579024993181,-2716.196354166234,0.629047178538574,-0.8400420021000585,0.3300970873786408
M2K,D:\Business\Trading\VSCODE\algo-trading-intraday-research\data\processed\parquet\M2K_c_0_1m_20260322_134808.parquet,data\exports\intraday_momentum_pullback_continuation_20260328_run\data\M2K_c_0_5m_20260322_134808.parquet,impc_ef12_es34_sl3_pb3_pm0p5_tr1p5,12,34,3,3,0.5,1.5,1222,525,1778,-5690.797395832302,0.7359947730192007,-2.0805253068252334,-5711.80208333231,0.40888638920134984,-3.200673450974298,-3.200673450974298,35.0,0.09339086786138875,1261,-3313.8822916659437,0.7722559193773294,-1.759145052971503,517,-2376.915104166359,0.6606694950176006,-2.7988288174947247,-2376.915104166357,0.3829787234042553,-4.597514708252145,-4.597514708252145,30.0,0.08981684981684981,-0.16387312248436867,-2766.427604166358,0.629047178538574,-0.826617069642498,0.3288201160541586
M2K,D:\Business\Trading\VSCODE\algo-trading-intraday-research\data\processed\parquet\M2K_c_0_1m_20260322_134808.parquet,data\exports\intraday_momentum_pullback_continuation_20260328_run\data\M2K_c_0_5m_20260322_134808.parquet,impc_ef12_es34_sl3_pb3_pm0p5_tr2p0,12,34,3,3,0.5,2.0,1222,525,1759,-5785.49791666548,0.7365069644871456,-2.027830850042232,-5876.88124999898,0.3831722569641842,-3.2890835228342694,-3.2890835228342694,40.0,0.1009349360809006,1246,-3711.8395833324994,0.7508979475764045,-1.9112482389049519,513,-2073.6583333329804,0.7061162642933273,-2.2829075030846133,-2073.6583333329836,0.3645224171539961,-4.0422189733586364,-4.0422189733586364,40.0,0.0966056166056166,-0.24530720666780573,-2582.341666666312,0.6306049008969137,-0.8349900596421681,0.32943469785575047
M2K,D:\Business\Trading\VSCODE\algo-trading-intraday-research\data\processed\parquet\M2K_c_0_1m_20260322_134808.parquet,data\exports\intraday_momentum_pullback_continuation_20260328_run\data\M2K_c_0_5m_20260322_134808.parquet,impc_ef12_es34_sl3_pb3_pm0p5_tr2p5,12,34,3,3,0.5,2.5,1222,525,1746,-6259.077083331969,0.7146999525284964,-2.200188721431455,-6288.3307291653255,0.3757159221076747,-3.584809326077875,-3.584809326077875,45.0,0.10470697019065651,1237,-4176.883854165726,0.7200534911870045,-2.199208911887726,509,-2082.193229166244,0.703318771666853,-2.2170492103367887,-2082.193229166245,0.35952848722986247,-4.090752906024054,-4.090752906024054,45.0,0.10083028083028082,-0.27535318703165684,-2655.5317708329067,0.6330067822155874,-0.8349900596421681,0.3320235756385069
M2K,D:\Business\Trading\VSCODE\algo-trading-intraday-research\data\processed\parquet\M2K_c_0_1m_20260322_134808.parquet,data\exports\intraday_momentum_pullback_continuation_20260328_run\data\M2K_c_0_5m_20260322_134808.parquet,impc_ef12_es34_sl5_pb5_pm0p3_tr1p5,12,34,5,5,0.3,1.5,1222,525,804,-1883.6692708328462,0.7951648843828601,-1.0114134867086881,-2003.7411458329152,0.4216417910447761,-2.3428722274040377,-2.3428722274040377,40.0,0.045293763668119706,579,-1028.700520832998,0.8379713450124943,-0.7784858252170668,225,-854.9687499998481,0.6997103459933418,-1.5829790761286162,-861.0531249998603,0.39555555555555555,-3.799861111110436,-3.799861111110436,35.0,0.04021978021978022,-0.37310756972118453,-1173.9640624998501,0.6630025035251013,-0.7774810664098974,0.3422222222222222
M2K,D:\Business\Trading\VSCODE\algo-trading-intraday-research\data\processed\parquet\M2K_c_0_1m_20260322_134808.parquet,data\exports\intraday_momentum_pullback_continuation_20260328_run\data\M2K_c_0_5m_20260322_134808.parquet,impc_ef12_es34_sl5_pb5_pm0p3_tr2p0,12,34,5,5,0.3,2.0,1222,525,796,-1811.8333333327757,0.8051031999711867,-0.9267283449571412,-2017.7208333329545,0.4007537688442211,-2.2761725293125323,-2.2761725293125323,50.0,0.04855209663452365,573,-1080.9354166662786,0.832302127603237,-0.7913071724934795,223,-730.8979166664972,0.7436023176069019,-1.2411175543262196,-756.0531249998894,0.37668161434977576,-3.2775691330336194,-3.2775691330336194,45.0,0.04368742368742369,-0.5685187454929743,-1146.4270833331623,0.670976760440487,-0.7834990354652714,0.3452914798206278
M2K,D:\Business\Trading\VSCODE\algo-trading-intraday-research\data\processed\parquet\M2K_c_0_1m_20260322_134808.parquet,data\exports\intraday_momentum_pullback_continuation_20260328_run\data\M2K_c_0_5m_20260322_134808.parquet,impc_ef12_es34_sl5_pb5_pm0p3_tr2p5,12,34,5,5,0.3,2.5,1222,525,795,-1918.5505208327118,0.7949363039560934,-0.9589755773187892,-2187.009895832831,0.389937106918239,-2.4132710953870586,-2.4132710953870586,55.0,0.05037206639954207,573,-1125.6598958329118,0.8264488924214598,-0.802086355476682,222,-792.8906249997999,0.7237154451478585,-1.3281948682427516,-816.4916666665158,0.36486486486486486,-3.5715793918909906,-3.5715793918909906,50.0,0.04586080586080586,-0.5399612441292845,-1221.0208333331375,0.6800146565902908,-0.8087048684804716,0.34684684684684686
M2K,D:\Business\Trading\VSCODE\algo-trading-intraday-research\data\processed\parquet\M2K_c_0_1m_20260322_134808.parquet,data\exports\intraday_momentum_pullback_continuation_20260328_run\data\M2K_c_0_5m_20260322_134808.parquet,impc_ef12_es34_sl5_pb5_pm0p5_tr1p5,12,34,5,5,0.5,1.5,1222,525,801,-1872.0598958328492,0.7958482451442505,-1.0045263626307948,-1992.1317708329225,0.42197253433208487,-2.337153428006054,-2.337153428006054,40.0,0.045154330500638454,578,-1026.7005208329988,0.8382354027282558,-0.7769686634442018,223,-845.3593749998504,0.7005523699883054,-1.5615254409347035,-851.4437499998603,0.39461883408071746,-3.790849215245966,-3.790849215245966,35.0,0.04004884004884005,-0.3773487606972582,-1164.3546874998524,0.6630025035251013,-0.7774810664098974,0.34080717488789236
M2K,D:\Business\Trading\VSCODE\algo-trading-intraday-research\data\processed\parquet\M2K_c_0_1m_20260322_134808.parquet,data\exports\intraday_momentum_pullback_continuation_20260328_run\data\M2K_c_0_5m_20260322_134808.parquet,impc_ef12_es34_sl5_pb5_pm0p5_tr2p0,12,34,5,5,0.5,2.0,1222,525,793,-1806.0489583327785,0.8051787762360026,-0.9229699742072015,-2015.7208333329618,0.4010088272383354,-2.277489228666808,-2.277489228666808,50.0,0.048397986291518064,572,-1078.9354166662793,0.8325604568523356,-0.7898394290462449,221,-727.1135416664993,0.7427564819541324,-1.231166988651892,-756.0531249998894,0.3755656108597285,-3.290106523377825,-3.290106523377825,45.0,0.043467643467643466,-0.5714776893224933,-1142.6427083331644,0.670976760440487,-0.7834990354652714,0.3438914027149321
M2K,D:\Business\Trading\VSCODE\algo-trading-intraday-research\data\processed\parquet\M2K_c_0_1m_20260322_134808.parquet,data\exports\intraday_momentum_pullback_continuation_20260328_run\data\M2K_c_0_5m_20260322_134808.parquet,impc_ef12_es34_sl5_pb5_pm0p5_tr2p5,12,34,5,5,0.5,2.5,1222,525,792,-1918.5911458327143,0.7943586293906737,-0.9596852423358401,-2165.8255208328483,0.39015151515151514,-2.422463567970599,-2.422463567970599,55.0,0.05021061746877431,572,-1123.6598958329125,0.8267038102033428,-0.8006576316248689,220,-794.9312499998018,0.7206600927773315,-1.3348760648878075,-797.3072916665333,0.36363636363636365,-3.613323863635463,-3.613323863635463,50.0,0.04561660561660562,-0.5385751388355215,-1223.0614583331394,0.6800146565902908,-0.8087048684804716,0.34545454545454546
M2K,D:\Business\Trading\VSCODE\algo-trading-intraday-research\data\processed\parquet\M2K_c_0_1m_20260322_134808.parquet,data\exports\intraday_momentum_pullback_continuation_20260328_run\data\M2K_c_0_5m_20260322_134808.parquet,impc_ef8_es21_sl3_pb3_pm0p3_tr1p5,8,21,3,3,0.3,1.5,1222,525,1500,-4733.25260416578,0.7396125019534071,-1.8794452683535556,-4780.63958333245,0.4066666666666667,-3.15550173611052,-3.15550173611052,32.5,0.07803854226292692,1057,-2662.7505208327375,0.7800583203612471,-1.5711231582293579,443,-2070.5020833330423,0.6589579636190275,-2.5302869182116163,-2070.502083333042,0.3724604966139955,-4.673819601203256,-4.673819601203256,35.0,0.07748473748473748,-0.19768076583681676,-2479.8005208330424,0.5832320777643956,-0.8313744896696156,0.32505643340857787
M2K,D:\Business\Trading\VSCODE\algo-trading-intraday-research\data\processed\parquet\M2K_c_0_1m_20260322_134808.parquet,data\exports\intraday_momentum_pullback_continuation_20260328_run\data\M2K_c_0_5m_20260322_134808.parquet,impc_ef8_es21_sl3_pb3_pm0p3_tr2p0,8,21,3,3,0.3,2.0,1222,525,1486,-4992.666666665642,0.7318565872248082,-1.8732161321669463,-5047.8729166656485,0.3781965006729475,-3.359802602063016,-3.359802602063016,40.0,0.08428368044853449,1046,-2998.865624999302,0.759211168464181,-1.6755523873712823,440,-1993.8010416663394,0.6765961825471899,-2.2912753094067244,-1993.8010416663383,0.3477272727272727,-4.531366003787135,-4.531366003787135,40.0,0.08385836385836386,-0.27463351251722695,-2541.3656249996725,0.58879484815902,-0.8501163291107424,0.325
M2K,D:\Business\Trading\VSCODE\algo-trading-intraday-research\data\processed\parquet\M2K_c_0_1m_20260322_134808.parquet,data\exports\intraday_momentum_pullback_continuation_20260328_run\data\M2K_c_0_5m_20260322_134808.parquet,impc_ef8_es21_sl3_pb3_pm0p3_tr2p5,8,21,3,3,0.3,2.5,1222,525,1476,-5491.665104165526,0.7059877573312417,-2.058240727211262,-5554.690624998875,0.3678861788617886,-3.7206403144752884,-3.7206403144752884,45.0,0.08762273788032231,1039,-3290.7109374992415,0.7365946302228372,-1.8477888846624784,437,-2200.9541666662844,0.6441695888134927,-2.500037174794863,-2200.9541666662844,0.33867276887871856,-5.036508390540696,-5.036508390540696,45.0,0.08735042735042735,-0.27106496424850646,-2797.555729166282,0.5943576185536444,-0.8526721596492637,0.32723112128146453
M2K,D:\Business\Trading\VSCODE\algo-trading-intraday-research\data\processed\parquet\M2K_c_0_1m_20260322_134808.parquet,data\exports\intraday_momentum_pullback_continuation_20260328_run\data\M2K_c_0_5m_20260322_134808.parquet,impc_ef8_es21_sl3_pb3_pm0p5_tr1p5,8,21,3,3,0.5,1.5,1222,525,1476,-4462.3057291658015,0.7501536674332094,-1.7803536504784758,-4509.692708332477,0.4105691056910569,-3.02324236393347,-3.02324236393347,35.0,0.0771065416171312,1040,-2437.663541666086,0.7947383747703425,-1.4462541642500009,436,-2024.6421874997156,0.6616752333313304,-2.4833430667564373,-2024.6421874997177,0.3738532110091743,-4.643674741971825,-4.643674741971825,35.0,0.0767032967032967,-0.20215840607641086,-2433.9406249997164,0.597125247412917,-0.8290691593759804,0.3256880733944954
M2K,D:\Business\Trading\VSCODE\algo-trading-intraday-research\data\processed\parquet\M2K_c_0_1m_20260322_134808.parquet,data\exports\intraday_momentum_pullback_continuation_20260328_run\data\M2K_c_0_5m_20260322_134808.parquet,impc_ef8_es21_sl3_pb3_pm0p5_tr2p0,8,21,3,3,0.5,2.0,1222,525,1462,-4670.172916665663,0.744657873469355,-1.7574098635703292,-4725.379166665676,0.38303693570451436,-3.1943727200175536,-3.1943727200175536,40.0,0.08321224663525752,1029,-2775.1614583326495,0.7729669860880102,-1.5576754484997075,433,-1895.011458333014,0.6876146088741558,-2.1778081415597392,-1895.0114583330142,0.3533487297921478,-4.376469880676707,-4.376469880676707,40.0,0.08268620268620269,-0.28895053954713773,-2442.5760416663475,0.5998928762721893,-0.8476571697668152,0.325635103926097
M2K,D:\Business\Trading\VSCODE\algo-trading-intraday-research\data\processed\parquet\M2K_c_0_1m_20260322_134808.parquet,data\exports\intraday_momentum_pullback_continuation_20260328_run\data\M2K_c_0_5m_20260322_134808.parquet,impc_ef8_es21_sl3_pb3_pm0p5_tr2p5,8,21,3,3,0.5,2.5,1222,525,1453,-5182.198958332212,0.7177524569308564,-1.947653606790613,-5245.224479165554,0.3723331039229181,-3.566551244550731,-3.566551244550731,45.0,0.08658799700585619,1023,-3080.0343749992526,0.7490574482971935,-1.7376476649029529,430,-2102.1645833329594,0.6546248700187424,-2.386353535227127,-2102.1645833329603,0.34418604651162793,-4.888754844960371,-4.888754844960371,45.0,0.08617826617826618,-0.2838034506099862,-2698.766145832957,0.6063156937126044,-0.8501646647080394,0.32790697674418606
M2K,D:\Business\Trading\VSCODE\algo-trading-intraday-research\data\processed\parquet\M2K_c_0_1m_20260322_134808.parquet,data\exports\intraday_momentum_pullback_continuation_20260328_run\data\M2K_c_0_5m_20260322_134808.parquet,impc_ef8_es21_sl5_pb5_pm0p3_tr1p5,8,21,5,5,0.3,1.5,1222,525,593,-905.429166666321,0.8580473483621028,-0.5844941614366442,-1079.6770833330738,0.44013490725126475,-1.526862001123644,-1.526862001123644,40.0,0.03339791290564044,431,-370.21770833308665,0.9157644678684708,-0.3408842332508408,162,-535.2114583332343,0.7301488846779627,-1.1569723293435774,-650.4770833332441,0.4074074074074074,-3.303774434155767,-3.303774434155767,35.0,0.02854700854700855,-0.5908266397822936,-851.4286458332401,0.6952705253552254,-0.7630087226467571,0.36419753086419754
M2K,D:\Business\Trading\VSCODE\algo-trading-intraday-research\data\processed\parquet\M2K_c_0_1m_20260322_134808.parquet,data\exports\intraday_momentum_pullback_continuation_20260328_run\data\M2K_c_0_5m_20260322_134808.parquet,impc_ef8_es21_sl5_pb5_pm0p3_tr2p0,8,21,5,5,0.3,2.0,1222,525,588,-974.9989583329295,0.8505476492445934,-0.598145485059203,-1236.9177083330433,0.41496598639455784,-1.6581614937634856,-1.6581614937634856,50.0,0.035966418622400305,427,-476.2208333330466,0.8946986797372958,-0.42401796257404806,161,-498.77812499988295,0.7507795507102704,-0.9851951535209712,-592.57812499992,0.37888198757763975,-3.0980007763967885,-3.0980007763967885,45.0,0.03172161172161172,-0.7942492800115676,-894.9322916665596,0.7014884979703562,-0.7678801357837283,0.36645962732919257
M2K,D:\Business\Trading\VSCODE\algo-trading-intraday-research\data\processed\parquet\M2K_c_0_1m_20260322_134808.parquet,data\exports\intraday_momentum_pullback_continuation_20260328_run\data\M2K_c_0_5m_20260322_134808.parquet,impc_ef8_es21_sl5_pb5_pm0p3_tr2p5,8,21,5,5,0.3,2.5,1222,525,587,-1160.417187499545,0.8239980453365008,-0.6967343183746951,-1400.7307291663383,0.3986371379897785,-1.9768606260639607,-1.9768606260639607,55.0,0.037492844876931886,427,-577.8036458330178,0.8733655932218338,-0.4987371136184775,160,-582.6135416665272,0.7130599486256337,-1.1500231945182426,-637.481249999888,0.35625,-3.641334635415795,-3.641334635415795,50.0,0.03333333333333333,-0.6936755889858799,-986.758333333205,0.709197778045512,-0.7943249220987243,0.36875
M2K,D:\Business\Trading\VSCODE\algo-trading-intraday-research\data\processed\parquet\M2K_c_0_1m_20260322_134808.parquet,data\exports\intraday_momentum_pullback_continuation_20260328_run\data\M2K_c_0_5m_20260322_134808.parquet,impc_ef8_es21_sl5_pb5_pm0p5_tr1p5,8,21,5,5,0.5,1.5,1222,525,592,-881.3447916663233,0.861299558763694,-0.56940366110371,-1055.5927083330753,0.4408783783783784,-1.4887580940309515,-1.4887580940309515,40.0,0.033361219966829586,431,-370.21770833308665,0.9157644678684708,-0.3408842332508408,161,-511.12708333323667,0.7391242397933717,-1.1077816373749636,-626.3927083332455,0.40993788819875776,-3.1747023809517807,-3.1747023809517807,35.0,0.028424908424908427,-0.6186664683034286,-827.3442708332425,0.7014884979703562,-0.7619759081146383,0.36645962732919257
M2K,D:\Business\Trading\VSCODE\algo-trading-intraday-research\data\processed\parquet\M2K_c_0_1m_20260322_134808.parquet,data\exports\intraday_momentum_pullback_continuation_20260328_run\data\M2K_c_0_5m_20260322_134808.parquet,impc_ef8_es21_sl5_pb5_pm0p5_tr2p0,8,21,5,5,0.5,2.0,1222,525,587,-950.9145833329319,0.8536993059645042,-0.5837918269899204,-1229.1729166664009,0.41567291311754684,-1.619956700737533,-1.619956700737533,50.0,0.03592972568358945,427,-476.2208333330466,0.8946986797372958,-0.42401796257404806,160,-474.6937499998853,0.7599245170895937,-0.9396701250545172,-584.8333333332776,0.38125,-2.966835937499283,-2.966835937499283,45.0,0.0315995115995116,-0.8345468350210477,-870.847916666562,0.709197778045512,-0.7659608364813021,0.36875
M2K,D:\Business\Trading\VSCODE\algo-trading-intraday-research\data\processed\parquet\M2K_c_0_1m_20260322_134808.parquet,data\exports\intraday_momentum_pullback_continuation_20260328_run\data\M2K_c_0_5m_20260322_134808.parquet,impc_ef8_es21_sl5_pb5_pm0p5_tr2p5,8,21,5,5,0.5,2.5,1222,525,586,-1136.3328124995473,0.8270190698053382,-0.6827416699118567,-1383.8213541663645,0.3993174061433447,-1.9391344923200466,-1.9391344923200466,55.0,0.037456151938121025,427,-577.8036458330178,0.8733655932218338,-0.4987371136184775,159,-558.5291666665296,0.7216195645289639,-1.1048518341187976,-620.5718749999141,0.3584905660377358,-3.5127620545064753,-3.5127620545064753,50.0,0.03321123321123321,-0.7235876222520942,-962.6739583332073,0.7169070581206678,-0.7729102533744204,0.3710691823899371
MES,D:\Business\Trading\VSCODE\algo-trading-intraday-research\data\processed\parquet\MES_c_0_1m_20260322_135702.parquet,data\exports\intraday_momentum_pullback_continuation_20260328_run\data\MES_c_0_5m_20260322_135702.parquet,impc_ef12_es34_sl3_pb3_pm0p3_tr1p5,12,34,3,3,0.3,1.5,1222,525,1800,-9426.493489583228,0.729186290043475,-2.033222263104618,-9522.069010416562,0.3883333333333333,-5.236940827546238,-5.236940827546238,35.0,0.09634098014178151,1243,-4429.29296874994,0.7947780292302685,-1.512195556518082,557,-4997.200520833289,0.6221426745782895,-3.01506073135457,-4997.200520833292,0.37163375224416517,-8.971634687312907,-8.971634687312907,35.0,0.10124542124542124,-0.19669997524656,-5980.149739583293,0.6427316093397125,-0.8573615718295611,0.3123877917414722
MES,D:\Business\Trading\VSCODE\algo-trading-intraday-research\data\processed\parquet\MES_c_0_1m_20260322_135702.parquet,data\exports\intraday_momentum_pullback_continuation_20260328_run\data\MES_c_0_5m_20260322_135702.parquet,impc_ef12_es34_sl3_pb3_pm0p3_tr2p0,12,34,3,3,0.3,2.0,1222,525,1775,-8624.7005208333,0.7510869842156471,-1.76252826456429,-8743.75781249997,0.37633802816901407,-4.858986208920169,-4.858986208920169,40.0,0.10176419649802591,1224,-4412.158854166637,0.7947055528420236,-1.4521676159296921,551,-4212.5416666666615,0.6798396363951607,-2.349414080574007,-4212.541666666664,0.3666061705989111,-7.645266182698116,-7.645266182698116,40.0,0.10471306471306471,-0.28368661041928617,-5407.583333333335,0.6449728340246385,-0.8591565052019018,0.3157894736842105
MES,D:\Business\Trading\VSCODE\algo-trading-intraday-research\data\processed\parquet\MES_c_0_1m_20260322_135702.parquet,data\exports\intraday_momentum_pullback_continuation_20260328_run\data\MES_c_0_5m_20260322_135702.parquet,impc_ef12_es34_sl3_pb3_pm0p3_tr2p5,12,34,3,3,0.3,2.5,1222,525,1765,-8664.036458333354,0.7513519856027354,-1.759414854076474,-8779.71093750003,0.36883852691218133,-4.908802525967906,-4.908802525967906,45.0,0.10417859187178019,1217,-4537.401041666667,0.7902790586713868,-1.4964241403438256,548,-4126.635416666686,0.6875929308848527,-2.2633398280689883,-4168.154947916693,0.3613138686131387,-7.530356599756726,-7.530356599756726,45.0,0.10735042735042735,-0.292064131139925,-5331.877604166684,0.6427431360902293,-0.8661868756186324,0.31204379562043794
MES,D:\Business\Trading\VSCODE\algo-trading-intraday-research\data\processed\parquet\MES_c_0_1m_20260322_135702.parquet,data\exports\intraday_momentum_pullback_continuation_20260328_run\data\MES_c_0_5m_20260322_135702.parquet,impc_ef12_es34_sl3_pb3_pm0p5_tr1p5,12,34,3,3,0.5,1.5,1222,525,1779,-9283.924479166564,0.7313989128406275,-2.00163192935177,-9370.199218749905,0.388982574480045,-5.218619718474741,-5.218619718474741,35.0,0.09515946751207198,1227,-4304.414062499938,0.7988410904308753,-1.4704552770456787,552,-4979.510416666626,0.6217875672828514,-2.999325996868173,-4979.510416666628,0.3713768115942029,-9.020852204106207,-9.020852204106207,35.0,0.10012210012210013,-0.1973987674491117,-5962.459635416631,0.6427431360902293,-0.8582590385157314,0.31521739130434784
MES,D:\Business\Trading\VSCODE\algo-trading-intraday-research\data\processed\parquet\MES_c_0_1m_20260322_135702.parquet,data\exports\intraday_momentum_pullback_continuation_20260328_run\data\MES_c_0_5m_20260322_135702.parquet,impc_ef12_es34_sl3_pb3_pm0p5_tr2p0,12,34,3,3,0.5,2.0,1222,525,1754,-8507.828124999967,0.7527182773782836,-1.7380921887520355,-8613.23437499997,0.3768529076396807,-4.850529147662467,-4.850529147662467,40.0,0.10058268386831638,1208,-4307.059895833307,0.7978570224692676,-1.419310488105621,546,-4200.768229166661,0.6792917158155152,-2.337826378604533,-4200.768229166657,0.3663003663003663,-7.693714705433444,-7.693714705433444,40.0,0.10371184371184371,-0.28448169512645183,-5395.809895833337,0.6490170292572172,-0.861050333819209,0.31868131868131866
MES,D:\Business\Trading\VSCODE\algo-trading-intraday-research\data\processed\parquet\MES_c_0_1m_20260322_135702.parquet,data\exports\intraday_momentum_pullback_continuation_20260328_run\data\MES_c_0_5m_20260322_135702.parquet,impc_ef12_es34_sl3_pb3_pm0p5_tr2p5,12,34,3,3,0.5,2.5,1222,525,1744,-8571.269531250018,0.7522792692339385,-1.7408586632296361,-8668.94270833335,0.36926605504587157,-4.914718767918588,-4.914718767918588,45.0,0.10293103195221112,1201,-4445.074218750001,0.7927758668916023,-1.4681529642643214,543,-4126.195312500017,0.6862202052483866,-2.260084873918598,-4167.714843750022,0.36095764272559855,-7.598886395027656,-7.598886395027656,45.0,0.1063003663003663,-0.29209528299564536,-5331.437500000016,0.642754662840746,-0.8676005422503845,0.3149171270718232
MES,D:\Business\Trading\VSCODE\algo-trading-intraday-research\data\processed\parquet\MES_c_0_1m_20260322_135702.parquet,data\exports\intraday_momentum_pullback_continuation_20260328_run\data\MES_c_0_5m_20260322_135702.parquet,impc_ef12_es34_sl5_pb5_pm0p3_tr1p5,12,34,5,5,0.3,1.5,1222,525,804,-3246.42968749994,0.7722374383172682,-1.0232501128832991,-3248.929687499942,0.41044776119402987,-4.037847870024801,-4.037847870024801,45.0,0.046930268739083854,576,-2021.5481770832957,0.7846575907155924,-0.9751389772834693,228,-1224.8815104166442,0.7482760539953052,-1.1284632436887903,-1441.1054687500146,0.42543859649122806,-5.372287326388791,-5.372287326388791,40.0,0.04388278388278388,-0.6499225584107455,-2020.9596354166479,0.6465178659027818,-0.7360229605649298,0.3333333333333333
MES,D:\Business\Trading\VSCODE\algo-trading-intraday-research\data\processed\parquet\MES_c_0_1m_20260322_135702.parquet,data\exports\intraday_momentum_pullback_continuation_20260328_run\data\MES_c_0_5m_20260322_135702.parquet,impc_ef12_es34_sl5_pb5_pm0p3_tr2p0,12,34,5,5,0.3,2.0,1222,525,799,-2597.026041666636,0.8191274148948966,-0.7647492509013667,-2599.526041666635,0.3979974968710889,-3.2503454839382178,-3.2503454839382178,50.0,0.049403372814935495,574,-1726.8932291666397,0.8182315812441078,-0.7872696040799704,225,-870.1328124999964,0.8208794160170741,-0.7358108783055821,-1197.911458333343,0.4222222222222222,-3.8672569444444282,-3.8672569444444282,45.0,0.04598290598290598,-1.0917454531306727,-1820.0963541666715,0.6494165398274796,-0.7423445716053468,0.3377777777777778
MES,D:\Business\Trading\VSCODE\algo-trading-intraday-research\data\processed\parquet\MES_c_0_1m_20260322_135702.parquet,data\exports\intraday_momentum_pullback_continuation_20260328_run\data\MES_c_0_5m_20260322_135702.parquet,impc_ef12_es34_sl5_pb5_pm0p3_tr2p5,12,34,5,5,0.3,2.5,1222,525,797,-2362.628906249995,0.8353025333924416,-0.6705850146823545,-2365.1289062499927,0.39648682559598497,-2.9644026427227037,-2.9644026427227037,60.0,0.05062891697121806,572,-1569.7851562499886,0.8345410677744897,-0.706916555374121,225,-792.8437500000064,0.8367897021384715,-0.6245005592878456,-1153.1015625000073,0.4222222222222222,-3.523750000000028,-3.523750000000028,55.0,0.0473992673992674,-1.321119585353357,-1840.2851562500155,0.6494165398274796,-0.7423445716053468,0.3377777777777778
MES,D:\Business\Trading\VSCODE\algo-trading-intraday-research\data\processed\parquet\MES_c_0_1m_20260322_135702.parquet,data\exports\intraday_momentum_pullback_continuation_20260328_run\data\MES_c_0_5m_20260322_135702.parquet,impc_ef12_es34_sl5_pb5_pm0p5_tr1p5,12,34,5,5,0.5,1.5,1222,525,803,-3295.3098958332703,0.7693361582719093,-1.0384988202037797,-3297.8098958332703,0.40971357409713577,-4.1037483136155295,-4.1037483136155295,40.0,0.046761481220553916,575,-2030.1263020832948,0.7839412471605848,-0.9791211225836081,228,-1265.1835937499754,0.7412724887885626,-1.1654658600787402,-1481.4075520833503,0.42105263157894735,-5.549050849780594,-5.549050849780594,40.0,0.04380952380952381,-0.629219449993377,-2061.261718749979,0.6465178659027818,-0.740152615895361,0.33771929824561403
MES,D:\Business\Trading\VSCODE\algo-trading-intraday-research\data\processed\parquet\MES_c_0_1m_20260322_135702.parquet,data\exports\intraday_momentum_pullback_continuation_20260328_run\data\MES_c_0_5m_20260322_135702.parquet,impc_ef12_es34_sl5_pb5_pm0p5_tr2p0,12,34,5,5,0.5,2.0,1222,525,798,-2645.9062499999663,0.8161409335005899,-0.7790311238124247,-2648.4062499999636,0.39724310776942356,-3.315671992481161,-3.315671992481161,50.0,0.04923458529640556,573,-1735.4713541666388,0.8174934567824514,-0.7910662522116173,225,-910.4348958333276,0.8135064303252972,-0.76978963262941,-1238.2135416666715,0.4177777777777778,-4.046377314814789,-4.046377314814789,45.0,0.04590964590964591,-1.0434173228797066,-1860.3984375000027,0.6494165398274796,-0.7483809066922106,0.3422222222222222
MES,D:\Business\Trading\VSCODE\algo-trading-intraday-research\data\processed\parquet\MES_c_0_1m_20260322_135702.parquet,data\exports\intraday_momentum_pullback_continuation_20260328_run\data\MES_c_0_5m_20260322_135702.parquet,impc_ef12_es34_sl5_pb5_pm0p5_tr2p5,12,34,5,5,0.5,2.5,1222,525,796,-2411.5091145833253,0.8322766319538535,-0.6843648213071362,-2414.0091145833285,0.3957286432160804,-3.0295340635468913,-3.0295340635468913,60.0,0.05046012945268812,571,-1578.3632812499877,0.8337871958127292,-0.7106788003934686,225,-833.1458333333376,0.8293383291556262,-0.6561649623841652,-1193.4036458333358,0.4177777777777778,-3.7028703703703894,-3.7028703703703894,55.0,0.04732600732600733,-1.257212560326078,-1880.5872395833467,0.6494165398274796,-0.7483809066922106,0.3422222222222222
MES,D:\Business\Trading\VSCODE\algo-trading-intraday-research\data\processed\parquet\MES_c_0_1m_20260322_135702.parquet,data\exports\intraday_momentum_pullback_continuation_20260328_run\data\MES_c_0_5m_20260322_135702.parquet,impc_ef8_es21_sl3_pb3_pm0p3_tr1p5,8,21,3,3,0.3,1.5,1222,525,1514,-7100.524739583263,0.7578119073762986,-1.6061676013848303,-7152.782552083263,0.39299867899603697,-4.689910660226726,-4.689910660226726,35.0,0.08015939412619436,1051,-3110.0559895832816,0.8303840732284974,-1.1362038987928567,463,-3990.468749999982,0.6366471490836528,-2.458485940942878,-3990.4687499999854,0.367170626349892,-8.618723002159788,-8.618723002159788,35.0,0.082002442002442,-0.29932847801401746,-5184.929687499976,0.6390059906811462,-0.8743169398907451,0.31965442764578833
MES,D:\Business\Trading\VSCODE\algo-trading-intraday-research\data\processed\parquet\MES_c_0_1m_20260322_135702.parquet,data\exports\intraday_momentum_pullback_continuation_20260328_run\data\MES_c_0_5m_20260322_135702.parquet,impc_ef8_es21_sl3_pb3_pm0p3_tr2p0,8,21,3,3,0.3,2.0,1222,525,1495,-6560.880208333318,0.7757560178535166,-1.3934323215075977,-6634.109374999978,0.37993311036789296,-4.388548634336667,-4.388548634336667,40.0,0.084863428881746,1038,-3214.593749999974,0.8247537630827352,-1.130179307046788,457,-3346.286458333343,0.6934085074299237,-1.8777530741722197,-3346.286458333343,0.3610503282275711,-7.322289843180181,-7.322289843180181,40.0,0.08490842490842491,-0.43710145107994475,-4808.953125000016,0.642754662840746,-0.880374974526114,0.3238512035010941
MES,D:\Business\Trading\VSCODE\algo-trading-intraday-research\data\processed\parquet\MES_c_0_1m_20260322_135702.parquet,data\exports\intraday_momentum_pullback_continuation_20260328_run\data\MES_c_0_5m_20260322_135702.parquet,impc_ef8_es21_sl3_pb3_pm0p3_tr2p5,8,21,3,3,0.3,2.5,1222,525,1487,-6459.2864583333585,0.7806874451744249,-1.314788102893026,-6573.51692708335,0.37121721587088097,-4.34383756444745,-4.34383756444745,45.0,0.0870429894471108,1031,-3608.290364583331,0.8049454985386928,-1.2648362558132136,456,-2850.9960937500273,0.7397192451071741,-1.4718561049744352,-2856.727864583372,0.3574561403508772,-6.252184416118481,-6.252184416118481,45.0,0.08742368742368742,-0.5944810955600713,-4545.859375000027,0.6427431360902293,-0.8934971701242039,0.3223684210526316
MES,D:\Business\Trading\VSCODE\algo-trading-intraday-research\data\processed\parquet\MES_c_0_1m_20260322_135702.parquet,data\exports\intraday_momentum_pullback_continuation_20260328_run\data\MES_c_0_5m_20260322_135702.parquet,impc_ef8_es21_sl3_pb3_pm0p5_tr1p5,8,21,3,3,0.5,1.5,1222,525,1493,-6961.247395833263,0.760483230674848,-1.5744640774682825,-7004.204427083263,0.39383791024782316,-4.662590352199104,-4.662590352199104,35.0,0.07892651138214962,1035,-3000.968749999945,0.8346851920152931,-1.0978024413972403,458,-3960.2786458333185,0.6370267136454376,-2.4353879855979113,-3960.278645833321,0.36681222707423583,-8.646896606622967,-8.646896606622967,35.0,0.08073260073260073,-0.30161032703007096,-5154.739583333312,0.6422490963113754,-0.8773459572084296,0.32532751091703055
MES,D:\Business\Trading\VSCODE\algo-trading-intraday-research\data\processed\parquet\MES_c_0_1m_20260322_135702.parquet,data\exports\intraday_momentum_pullback_continuation_20260328_run\data\MES_c_0_5m_20260322_135702.parquet,impc_ef8_es21_sl3_pb3_pm0p5_tr2p0,8,21,3,3,0.5,2.0,1222,525,1474,-6447.29947916665,0.777704380477955,-1.3692474265062171,-6520.158854166642,0.3805970149253731,-4.3740159288783245,-4.3740159288783245,40.0,0.08363054613770127,1022,-3125.2864583333076,0.827907268874836,-1.100974244798694,452,-3322.013020833342,0.6936200638337064,-1.8599538089511125,-3322.013020833343,0.3606194690265487,-7.349586329277305,-7.349586329277305,40.0,0.08376068376068375,-0.4402952840623596,-4784.679687500015,0.6512388821586377,-0.8868959512129053,0.32964601769911506
MES,D:\Business\Trading\VSCODE\algo-trading-intraday-research\data\processed\parquet\MES_c_0_1m_20260322_135702.parquet,data\exports\intraday_momentum_pullback_continuation_20260328_run\data\MES_c_0_5m_20260322_135702.parquet,impc_ef8_es21_sl3_pb3_pm0p5_tr2p5,8,21,3,3,0.5,2.5,1222,525,1466,-6369.811197916688,0.7818402158401706,-1.2971562693507703,-6479.321614583343,0.3717598908594816,-4.345028102262407,-4.345028102262407,45.0,0.08574405941320652,1015,-3531.7552083333294,0.8071771863526571,-1.240849949135417,451,-2838.0559895833585,0.7391936497862559,-1.463351781259437,-2843.7877604167006,0.35698447893569846,-6.292807072246915,-6.292807072246915,45.0,0.08622710622710622,-0.5971916295769818,-4532.919270833359,0.6494165398274796,-0.8935774123487111,0.328159645232816
MES,D:\Business\Trading\VSCODE\algo-trading-intraday-research\data\processed\parquet\MES_c_0_1m_20260322_135702.parquet,data\exports\intraday_momentum_pullback_continuation_20260328_run\data\MES_c_0_5m_20260322_135702.parquet,impc_ef8_es21_sl5_pb5_pm0p3_tr1p5,8,21,5,5,0.3,1.5,1222,525,616,-2380.558593749945,0.7855684649054956,-0.8422709592999245,-2383.058593749942,0.4155844155844156,-3.8645431716719885,-3.8645431716719885,45.0,0.03570222946296215,441,-953.1614583333135,0.8647222402914229,-0.536271156144571,175,-1427.3971354166315,0.6480568404507051,-1.3993404475941282,-1523.2356770833285,0.4114285714285714,-8.156555059523608,-8.156555059523608,40.0,0.0336996336996337,-0.5013605584903513,-2143.0377604166415,0.5806305284644737,-0.7582417582417431,0.30857142857142855
MES,D:\Business\Trading\VSCODE\algo-trading-intraday-research\data\processed\parquet\MES_c_0_1m_20260322_135702.parquet,data\exports\intraday_momentum_pullback_continuation_20260328_run\data\MES_c_0_5m_20260322_135702.parquet,impc_ef8_es21_sl5_pb5_pm0p3_tr2p0,8,21,5,5,0.3,2.0,1222,525,613,-1714.6223958332962,0.8459926127726415,-0.5617089941936754,-1735.7265624999636,0.4061990212071778,-2.797100156334904,-2.797100156334904,50.0,0.03753687640350491,439,-628.888020833308,0.9111681596856586,-0.3328302628296337,174,-1085.7343749999882,0.7321716272364992,-0.9655541359117604,-1382.9661458333503,0.40804597701149425,-6.23985272988499,-6.23985272988499,45.0,0.03492063492063492,-0.8195345892037549,-1975.531249999999,0.5946112069529901,-0.7641289001212862,0.3103448275862069
MES,D:\Business\Trading\VSCODE\algo-trading-intraday-research\data\processed\parquet\MES_c_0_1m_20260322_135702.parquet,data\exports\intraday_momentum_pullback_continuation_20260328_run\data\MES_c_0_5m_20260322_135702.parquet,impc_ef8_es21_sl5_pb5_pm0p3_tr2p5,8,21,5,5,0.3,2.5,1222,525,611,-1412.773437499975,0.872955748026151,-0.4408804840408917,-1506.1601562500073,0.40425531914893614,-2.3122314852700083,-2.3122314852700083,55.0,0.03838081399615458,437,-426.2604166666483,0.9396785514361583,-0.22049404224716476,174,-986.5130208333267,0.7566474976167183,-0.8113484617275195,-1452.184895833343,0.40804597701149425,-5.669615062260498,-5.669615062260498,55.0,0.036092796092796094,-1.0168060904754588,-1989.6054687499964,0.5946112069529901,-0.7641289001212862,0.3103448275862069
MES,D:\Business\Trading\VSCODE\algo-trading-intraday-research\data\processed\parquet\MES_c_0_1m_20260322_135702.parquet,data\exports\intraday_momentum_pullback_continuation_20260328_run\data\MES_c_0_5m_20260322_135702.parquet,impc_ef8_es21_sl5_pb5_pm0p5_tr1p5,8,21,5,5,0.5,1.5,1222,525,613,-2381.0013020832776,0.7852227747774887,-0.8426285614814866,-2383.5013020832776,0.4159869494290375,-3.88417830682427,-3.88417830682427,45.0,0.03543804030352399,439,-937.354166666646,0.8666665678857984,-0.5274828095485458,174,-1443.6471354166315,0.6440501935261919,-1.4157713535425274,-1539.4856770833285,0.40804597701149425,-8.296822617336963,-8.296822617336963,40.0,0.03340659340659341,-0.4957171371337073,-2159.2877604166415,0.5801178362300756,-0.7641289001212862,0.3103448275862069
MES,D:\Business\Trading\VSCODE\algo-trading-intraday-research\data\processed\parquet\MES_c_0_1m_20260322_135702.parquet,data\exports\intraday_momentum_pullback_continuation_20260328_run\data\MES_c_0_5m_20260322_135702.parquet,impc_ef8_es21_sl5_pb5_pm0p5_tr2p0,8,21,5,5,0.5,2.0,1222,525,610,-1715.0651041666288,0.8457338198942351,-0.5619688577710115,-1736.1692708332994,0.4065573770491803,-2.81158213797808,-2.81158213797808,50.0,0.03727268724406675,437,-613.0807291666406,0.9132071826758738,-0.3245235951367606,173,-1101.9843749999882,0.7281630859600872,-0.9802733903341765,-1399.2161458333503,0.4046242774566474,-6.369851878612648,-6.369851878612648,45.0,0.03462759462759463,-0.8074496292200336,-1991.781249999999,0.5806305284644737,-0.7700160420008293,0.31213872832369943
MES,D:\Business\Trading\VSCODE\algo-trading-intraday-research\data\processed\parquet\MES_c_0_1m_20260322_135702.parquet,data\exports\intraday_momentum_pullback_continuation_20260328_run\data\MES_c_0_5m_20260322_135702.parquet,impc_ef8_es21_sl5_pb5_pm0p5_tr2p5,8,21,5,5,0.5,2.5,1222,525,608,-1413.2161458333076,0.8727350330137321,-0.44110040556555846,-1497.4101562500073,0.40460526315789475,-2.324368660910045,-2.324368660910045,55.0,0.03811662483671642,435,-410.4531249999809,0.9417852680317624,-0.2123549990184861,173,-1002.7630208333267,0.7526389563403063,-0.8249024106159846,-1468.434895833343,0.4046242774566474,-5.796318039498998,-5.796318039498998,55.0,0.0357997557997558,-1.000328519377459,-2005.8554687499964,0.5806305284644737,-0.7700160420008293,0.31213872832369943
MGC,D:\Business\Trading\VSCODE\algo-trading-intraday-research\data\processed\parquet\MGC_c_0_1m_20260322_155729.parquet,data\exports\intraday_momentum_pullback_continuation_20260328_run\data\MGC_c_0_5m_20260322_155729.parquet,impc_ef12_es34_sl3_pb3_pm0p3_tr1p5,12,34,3,3,0.3,1.5,2189,939,1900,-9586.355208331253,0.6157318958108763,-2.0841441708805943,-9586.355208331246,0.36578947368421055,-5.045450109648028,-5.045450109648028,30.0,0.05617171617811004,1269,-5437.3677083317325,0.6030481623801387,-2.2239552079281886,631,-4148.987499999521,0.6311764204215061,-2.1346311403892093,-4321.414583332888,0.39461172741679873,-6.5752575277329965,-6.5752575277329965,35.0,0.061822451598809426,-0.20913988051303517,-5016.706249999497,0.5757236526467068,-0.7849550286180611,0.3201267828843106
MGC,D:\Business\Trading\VSCODE\algo-trading-intraday-research\data\processed\parquet\MGC_c_0_1m_20260322_155729.parquet,data\exports\intraday_momentum_pullback_continuation_20260328_run\data\MGC_c_0_5m_20260322_155729.parquet,impc_ef12_es34_sl3_pb3_pm0p3_tr2p0,12,34,3,3,0.3,2.0,2189,939,1874,-8964.320833331065,0.644248277823588,-1.854026030401375,-8964.320833331054,0.3468516542155816,-4.78352232301551,-4.78352232301551,35.0,0.05971293199554069,1251,-5069.166666664967,0.634301475539221,-1.9300991315626848,623,-3895.154166666098,0.6564104769339926,-1.9353574593415364,-4093.133333332815,0.38041733547351525,-6.2522538790788085,-6.2522538790788085,40.0,0.0660959558723137,-0.227655730357306,-4781.908333332771,0.5667896678969295,-0.7911001236093795,0.32102728731942215
MGC,D:\Business\Trading\VSCODE\algo-trading-intraday-research\data\processed\parquet\MGC_c_0_1m_20260322_155729.parquet,data\exports\intraday_momentum_pullback_continuation_20260328_run\data\MGC_c_0_5m_20260322_155729.parquet,impc_ef12_es34_sl3_pb3_pm0p3_tr2p5,12,34,3,3,0.3,2.5,2189,939,1860,-8629.449999997629,0.6589274757629535,-1.6973776281098578,-8651.824999997843,0.33440860215053764,-4.639489247310553,-4.639489247310553,40.0,0.0617171617811004,1243,-4651.778124998229,0.666530910602929,-1.6523899715962396,617,-3977.6718749993984,0.6495835635144035,-1.907478197130473,-4187.80104166612,0.3711507293354943,-6.446793962721878,-6.446793962721878,45.0,0.06848529532235602,-0.2543756620615678,-4989.494791666046,0.5627527991089982,-0.7986688851912747,0.3225283630470016
MGC,D:\Business\Trading\VSCODE\algo-trading-intraday-research\data\processed\parquet\MGC_c_0_1m_20260322_155729.parquet,data\exports\intraday_momentum_pullback_continuation_20260328_run\data\MGC_c_0_5m_20260322_155729.parquet,impc_ef12_es34_sl3_pb3_pm0p5_tr1p5,12,34,3,3,0.5,1.5,2189,939,1763,-8485.384374998059,0.6334760559426387,-1.8703751323093183,-8498.718749998057,0.368689733408962,-4.813037081677855,-4.813037081677855,30.0,0.05210587579513411,1158,-4784.0104166651945,0.6160794469317836,-2.0259666010162674,605,-3701.373958332865,0.6537545838319861,-1.9040115296415587,-3885.551041666222,0.40165289256198344,-6.117973484847711,-6.117973484847711,30.0,0.05914639141476202,-0.23443152725665303,-4569.09270833284,0.5939925750928396,-0.7726802345636217,0.3239669421487603
MGC,D:\Business\Trading\VSCODE\algo-trading-intraday-research\data\processed\parquet\MGC_c_0_1m_20260322_155729.parquet,data\exports\intraday_momentum_pullback_continuation_20260328_run\data\MGC_c_0_5m_20260322_155729.parquet,impc_ef12_es34_sl3_pb3_pm0p5_tr2p0,12,34,3,3,0.5,2.0,2189,939,1738,-7983.868749997866,0.6587792864068833,-1.682502743683998,-8061.747916664666,0.34925201380897586,-4.593710443036747,-4.593710443036747,35.0,0.055351990294445534,1140,-4507.131249998429,0.6420078193504866,-1.7762727294563363,598,-3476.7374999994377,0.6783161597345551,-1.7403229215276008,-3686.4666666661433,0.3862876254180602,-5.813942307691367,-5.813942307691367,40.0,0.0634198956882663,-0.2550535283917228,-4363.491666666111,0.5785172543135073,-0.7813727528850041,0.32441471571906355
MGC,D:\Business\Trading\VSCODE\algo-trading-intraday-research\data\processed\parquet\MGC_c_0_1m_20260322_155729.parquet,data\exports\intraday_momentum_pullback_continuation_20260328_run\data\MGC_c_0_5m_20260322_155729.parquet,impc_ef12_es34_sl3_pb3_pm0p5_tr2p5,12,34,3,3,0.5,2.5,2189,939,1728,-7634.891666664448,0.6748583595827425,-1.528730878099558,-7825.7593749979715,0.3385416666666667,-4.418340084875259,-4.418340084875259,40.0,0.05731523378582202,1135,-4138.139583331706,0.6733052801974333,-1.519883668443391,593,-3496.752083332742,0.6766773398037798,-1.686382295424951,-3718.6312499994674,0.3794266441821248,-5.8967151489590925,-5.8967151489590925,45.0,0.06572731492859288,-0.28936078182079306,-4508.574999999391,0.5757236526467068,-0.7849550286180611,0.327150084317032
MGC,D:\Business\Trading\VSCODE\algo-trading-intraday-research\data\processed\parquet\MGC_c_0_1m_20260322_155729.parquet,data\exports\intraday_momentum_pullback_continuation_20260328_run\data\MGC_c_0_5m_20260322_155729.parquet,impc_ef12_es34_sl5_pb5_pm0p3_tr1p5,12,34,5,5,0.3,1.5,2189,939,889,-5360.531249998969,0.5551109065092049,-1.6303107913412254,-5720.387499999029,0.35995500562429694,-6.02984392575812,-6.02984392575812,40.0,0.029157649681946358,581,-2787.183333332514,0.5729523644146062,-1.6271249422227045,308,-2573.347916666455,0.5340254379474235,-1.8281028662889305,-2664.8989583331277,0.39285714285714285,-8.355025703462516,-8.355025703462516,40.0,0.03312307146172961,-0.17576811012244667,-3025.6604166664533,0.5626996608205131,-0.707678471107766,0.29545454545454547
MGC,D:\Business\Trading\VSCODE\algo-trading-intraday-research\data\processed\parquet\MGC_c_0_1m_20260322_155729.parquet,data\exports\intraday_momentum_pullback_continuation_20260328_run\data\MGC_c_0_5m_20260322_155729.parquet,impc_ef12_es34_sl5_pb5_pm0p3_tr2p0,12,34,5,5,0.3,2.0,2189,939,879,-5266.929166665621,0.5669925707302109,-1.5337193494101984,-5680.074999999044,0.34584755403868034,-5.991955821007532,-5.991955821007532,45.0,0.030686438454980654,573,-2543.541666665833,0.6112325732908169,-1.3563765896679145,306,-2723.3874999997875,0.5154994829676034,-1.9141407093362874,-2772.8520833331568,0.3790849673202614,-8.899959150326103,-8.899959150326103,45.0,0.034775129024330304,-0.18106280015851778,-3216.491666666455,0.5611160073800688,-0.7363989271380393,0.29411764705882354
MGC,D:\Business\Trading\VSCODE\algo-trading-intraday-research\data\processed\parquet\MGC_c_0_1m_20260322_155729.parquet,data\exports\intraday_momentum_pullback_continuation_20260328_run\data\MGC_c_0_5m_20260322_155729.parquet,impc_ef12_es34_sl5_pb5_pm0p3_tr2p5,12,34,5,5,0.3,2.5,2189,939,875,-4896.234374998908,0.597090977977314,-1.3671363509951249,-5360.226041665679,0.3405714285714286,-5.5956964285701805,-5.5956964285701805,45.0,0.03153485474457342,571,-2374.478124999125,0.6376798210381658,-1.185354852956243,304,-2521.7562499997825,0.5495796436879077,-1.730823709744966,-2558.362499999821,0.3782894736842105,-8.295250822367706,-8.295250822367706,50.0,0.03538953059719833,-0.21537982375050838,-3064.8916666664786,0.5611160073800688,-0.7363989271380393,0.29605263157894735
MGC,D:\Business\Trading\VSCODE\algo-trading-intraday-research\data\processed\parquet\MGC_c_0_1m_20260322_155729.parquet,data\exports\intraday_momentum_pullback_continuation_20260328_run\data\MGC_c_0_5m_20260322_155729.parquet,impc_ef12_es34_sl5_pb5_pm0p5_tr1p5,12,34,5,5,0.5,1.5,2189,939,861,-5182.013541665676,0.5581055737559244,-1.5841087192834575,-5596.294791665729,0.3623693379790941,-6.018598770807986,-6.018598770807986,40.0,0.02826824709817037,555,-2669.7302083325485,0.5738911104624156,-1.573096427794632,306,-2512.2833333331278,0.5399963951833019,-1.7891651013059258,-2603.834374999802,0.3954248366013072,-8.21007625272264,-8.21007625272264,40.0,0.03290461756915431,-0.18004040149400685,-2964.595833333126,0.5628646382981695,-0.707678471107766,0.2973856209150327
MGC,D:\Business\Trading\VSCODE\algo-trading-intraday-research\data\processed\parquet\MGC_c_0_1m_20260322_155729.parquet,data\exports\intraday_momentum_pullback_continuation_20260328_run\data\MGC_c_0_5m_20260322_155729.parquet,impc_ef12_es34_sl5_pb5_pm0p5_tr2p0,12,34,5,5,0.5,2.0,2189,939,852,-5063.8812499989945,0.5725649220759779,-1.482158159806495,-5531.452083332406,0.3485915492957746,-5.943522593895533,-5.943522593895533,45.0,0.029694570135746605,548,-2401.5583333325344,0.6180229209841251,-1.2919717488930664,304,-2662.32291666646,0.5211611752041139,-1.8757463953239062,-2711.787499999831,0.3815789473684211,-8.757641173244934,-8.757641173244934,45.0,0.034556675131755005,-0.18521576161170225,-3155.4270833331275,0.5626996608205131,-0.7363989271380393,0.29605263157894735
MGC,D:\Business\Trading\VSCODE\algo-trading-intraday-research\data\processed\parquet\MGC_c_0_1m_20260322_155729.parquet,data\exports\intraday_momentum_pullback_continuation_20260328_run\data\MGC_c_0_5m_20260322_155729.parquet,impc_ef12_es34_sl5_pb5_pm0p5_tr2p5,12,34,5,5,0.5,2.5,2189,939,848,-4715.415624998948,0.6015953264450078,-1.3234946820940978,-5233.832291665713,0.3431603773584906,-5.560631633253477,-5.560631633253477,50.0,0.03053478916650272,546,-2254.7239583324927,0.6420013529137378,-1.1354449500610315,302,-2460.691666666455,0.5556399950038846,-1.692844888421887,-2497.2979166664954,0.38079470198675497,-8.147985651213428,-8.147985651213428,50.0,0.03517107670462303,-0.2207246946150274,-3003.827083333151,0.5626996608205131,-0.7363989271380393,0.2980132450331126
MGC,D:\Business\Trading\VSCODE\algo-trading-intraday-research\data\processed\parquet\MGC_c_0_1m_20260322_155729.parquet,data\exports\intraday_momentum_pullback_continuation_20260328_run\data\MGC_c_0_5m_20260322_155729.parquet,impc_ef8_es21_sl3_pb3_pm0p3_tr1p5,8,21,3,3,0.3,1.5,2189,939,1637,-8713.13749999826,0.6085014129004437,-1.985556874471045,-8943.206249998228,0.35858277336591327,-5.322625229076518,-5.322625229076518,30.0,0.04669568496294839,1096,-4631.296874998607,0.6224341642161108,-1.952119428511415,541,-4081.840624999654,0.5913935405725872,-2.2287740849032103,-4470.581249999646,0.3733826247689464,-7.544991913123206,-7.544991913123206,30.0,0.05182818601348953,-0.20698459411311512,-4926.718749999631,0.554400554400809,-0.8017817371938638,0.3179297597042514
MGC,D:\Business\Trading\VSCODE\algo-trading-intraday-research\data\processed\parquet\MGC_c_0_1m_20260322_155729.parquet,data\exports\intraday_momentum_pullback_continuation_20260328_run\data\MGC_c_0_5m_20260322_155729.parquet,impc_ef8_es21_sl3_pb3_pm0p3_tr2p0,8,21,3,3,0.3,2.0,2189,939,1614,-8463.799999998038,0.6248717446787089,-1.8871898207656683,-8463.799999998038,0.3351920693928129,-5.2439900867398,-5.2439900867398,35.0,0.05015902682143091,1079,-4384.531249998481,0.647710265285138,-1.7400868589566953,535,-4079.2687499995577,0.5967749807402356,-2.2451650239463783,-4289.443749999591,0.35887850467289717,-7.624801401868332,-7.624801401868332,40.0,0.05551459545069769,-0.1611655275225703,-4736.706249999572,0.5504038288962697,-0.8065784769396153,0.3177570093457944
MGC,D:\Business\Trading\VSCODE\algo-trading-intraday-research\data\processed\parquet\MGC_c_0_1m_20260322_155729.parquet,data\exports\intraday_momentum_pullback_continuation_20260328_run\data\MGC_c_0_5m_20260322_155729.parquet,impc_ef8_es21_sl3_pb3_pm0p3_tr2p5,8,21,3,3,0.3,2.5,2189,939,1601,-8086.183333331299,0.6415091560050392,-1.7453117922909707,-8086.18333333129,0.32604622111180515,-5.050707890900249,-5.050707890900249,35.0,0.05194193061840121,1071,-3960.7479166651,0.6817846488245873,-1.4801890013244574,530,-4125.435416666198,0.5919218534519675,-2.2519522153048315,-4338.127083332904,0.35094339622641507,-7.783840408804147,-7.783840408804147,40.0,0.05735780016930177,-0.16485254839263228,-4805.523958332844,0.5437193325829498,-0.8089319929237064,0.3132075471698113
MGC,D:\Business\Trading\VSCODE\algo-trading-intraday-research\data\processed\parquet\MGC_c_0_1m_20260322_155729.parquet,data\exports\intraday_momentum_pullback_continuation_20260328_run\data\MGC_c_0_5m_20260322_155729.parquet,impc_ef8_es21_sl3_pb3_pm0p5_tr1p5,8,21,3,3,0.5,1.5,2189,939,1492,-7655.164583331745,0.6253829982449117,-1.7905886569226719,-7871.368749998423,0.3626005361930295,-5.130807361482403,-5.130807361482403,30.0,0.04248229392091284,977,-3975.1604166654192,0.6380626625203111,-1.7534627093010442,515,-3680.0041666663265,0.6106489507437759,-2.0346419896539802,-4044.9947916663223,0.3825242718446602,-7.145639158575391,-7.145639158575391,30.0,0.049384233090303375,-0.22958618706275613,-4524.882291666305,0.5627527991089982,-0.7868852459015829,0.32427184466019415
MGC,D:\Business\Trading\VSCODE\algo-trading-intraday-research\data\processed\parquet\MGC_c_0_1m_20260322_155729.parquet,data\exports\intraday_momentum_pullback_continuation_20260328_run\data\MGC_c_0_5m_20260322_155729.parquet,impc_ef8_es21_sl3_pb3_pm0p5_tr2p0,8,21,3,3,0.5,2.0,2189,939,1471,-7564.320833331531,0.6357975578030289,-1.7347882795368614,-7586.641666664866,0.33786539768864715,-5.142298323134963,-5.142298323134963,35.0,0.04555626598465473,961,-3857.6624999986348,0.6543459001319861,-1.6035495191831233,510,-3706.658333332896,0.614254574341399,-2.0678165341278896,-3928.5833333329283,0.36666666666666664,-7.2679575163390115,-7.2679575163390115,40.0,0.053084295895797495,-0.17736663077032783,-4364.095833332911,0.5574866470463016,-0.8002253111925692,0.3235294117647059
MGC,D:\Business\Trading\VSCODE\algo-trading-intraday-research\data\processed\parquet\MGC_c_0_1m_20260322_155729.parquet,data\exports\intraday_momentum_pullback_continuation_20260328_run\data\MGC_c_0_5m_20260322_155729.parquet,impc_ef8_es21_sl3_pb3_pm0p5_tr2p5,8,21,3,3,0.5,2.5,2189,939,1462,-7180.037499998136,0.6539525726525492,-1.5904180724816044,-7212.249999998145,0.32968536251709984,-4.911106361147835,-4.911106361147835,35.0,0.04726539445209522,956,-3453.978124998598,0.6901375664323456,-1.3457691482948384,506,-3726.0593749995382,0.611945533337519,-2.057796054525013,-3950.501041666248,0.35968379446640314,-7.363753705532685,-7.363753705532685,40.0,0.05494115398268753,-0.18252219656771523,-4406.147916666181,0.554996968151602,-0.8029416639768026,0.3201581027667984
MGC,D:\Business\Trading\VSCODE\algo-trading-intraday-research\data\processed\parquet\MGC_c_0_1m_20260322_155729.parquet,data\exports\intraday_momentum_pullback_continuation_20260328_run\data\MGC_c_0_5m_20260322_155729.parquet,impc_ef8_es21_sl5_pb5_pm0p3_tr1p5,8,21,5,5,0.3,1.5,2189,939,672,-3640.262499999319,0.6024981300196482,-1.38982455887342,-3969.831249999457,0.37351190476190477,-5.417057291665653,-5.417057291665653,35.0,0.021603875663977964,434,-1518.3135416660957,0.68281952226035,-1.016115178182068,238,-2121.9489583332233,0.5145328822801241,-2.0272108919913236,-2169.588541666584,0.36554621848739494,-8.915751925769847,-8.915751925769847,35.0,0.024739903334152536,-0.20632123278963016,-2559.7520833332055,0.5828591333452529,-0.7545631767252472,0.31092436974789917
MGC,D:\Business\Trading\VSCODE\algo-trading-intraday-research\data\processed\parquet\MGC_c_0_1m_20260322_155729.parquet,data\exports\intraday_momentum_pullback_continuation_20260328_run\data\MGC_c_0_5m_20260322_155729.parquet,impc_ef8_es21_sl5_pb5_pm0p3_tr2p0,8,21,5,5,0.3,2.0,2189,939,664,-3513.6145833325963,0.6211764378207075,-1.2818387996091323,-3841.0458333327333,0.3629518072289157,-5.291588227910537,-5.291588227910537,40.0,0.02293183159551446,427,-1364.4062499994016,0.717460490026019,-0.8427203869189925,237,-2149.208333333195,0.5165959568412494,-2.0269740225993393,-2195.7687499998938,0.35864978902953587,-9.068389592123184,-9.068389592123184,45.0,0.02603697332131837,-0.21733777941491542,-2616.3124999998627,0.5629764774873406,-0.7658556043080699,0.3080168776371308
MGC,D:\Business\Trading\VSCODE\algo-trading-intraday-research\data\processed\parquet\MGC_c_0_1m_20260322_155729.parquet,data\exports\intraday_momentum_pullback_continuation_20260328_run\data\MGC_c_0_5m_20260322_155729.parquet,impc_ef8_es21_sl5_pb5_pm0p3_tr2p5,8,21,5,5,0.3,2.5,2189,939,662,-3147.739583332559,0.6603803908655543,-1.0925896839713458,-3578.2614583327304,0.3580060422960725,-4.75489363041172,-4.75489363041172,45.0,0.023722867073250706,426,-1174.2104166660397,0.7571155050289109,-0.6794052578195771,236,-1973.5291666665194,0.5549087211755592,-1.7983477840668582,-2012.1312499998821,0.3559322033898305,-8.362411723163218,-8.362411723163218,45.0,0.02656945468447066,-0.2610963439017064,-2488.810416666529,0.5628646382981695,-0.7707195436262447,0.3093220338983051
MGC,D:\Business\Trading\VSCODE\algo-trading-intraday-research\data\processed\parquet\MGC_c_0_1m_20260322_155729.parquet,data\exports\intraday_momentum_pullback_continuation_20260328_run\data\MGC_c_0_5m_20260322_155729.parquet,impc_ef8_es21_sl5_pb5_pm0p5_tr1p5,8,21,5,5,0.5,1.5,2189,939,647,-3516.236458332685,0.60447348816221,-1.3492374960561753,-3904.3833333328075,0.3755795981452859,-5.4346776790304245,-5.4346776790304245,35.0,0.02079234703915011,410,-1409.7874999994588,0.689102402859234,-0.952372985192457,237,-2106.448958333226,0.5163639842390781,-2.0152227010739603,-2154.088541666584,0.3670886075949367,-8.887970288325848,-8.887970288325848,35.0,0.024576062914721062,-0.20783941774046283,-2544.2520833332082,0.5867074102368981,-0.7563819728963664,0.31223628691983124
MGC,D:\Business\Trading\VSCODE\algo-trading-intraday-research\data\processed\parquet\MGC_c_0_1m_20260322_155729.parquet,data\exports\intraday_momentum_pullback_continuation_20260328_run\data\MGC_c_0_5m_20260322_155729.parquet,impc_ef8_es21_sl5_pb5_pm0p5_tr2p0,8,21,5,5,0.5,2.0,2189,939,640,-3365.058333332629,0.626647891517165,-1.2332125873182758,-3796.645833332761,0.365625,-5.257903645832233,-5.257903645832233,45.0,0.02201783723522854,404,-1231.3499999994315,0.7312993146189548,-0.7665734033737933,236,-2133.7083333331975,0.5184032607397568,-2.01510041320785,-2180.2687499998938,0.3601694915254237,-9.041137005649142,-9.041137005649142,45.0,0.025873132901886895,-0.21891659669200225,-2600.8124999998654,0.5709936669704742,-0.7707195436262447,0.3093220338983051
MGC,D:\Business\Trading\VSCODE\algo-trading-intraday-research\data\processed\parquet\MGC_c_0_1m_20260322_155729.parquet,data\exports\intraday_momentum_pullback_continuation_20260328_run\data\MGC_c_0_5m_20260322_155729.parquet,impc_ef8_es21_sl5_pb5_pm0p5_tr2p5,8,21,5,5,0.5,2.5,2189,939,638,-3021.4124999992578,0.6645280768560551,-1.0543266449962059,-3566.590624999415,0.3605015673981191,-4.735756269591313,-4.735756269591313,45.0,0.02280067545412814,403,-1063.3833333327357,0.7682233959852564,-0.6210040635647969,235,-1958.029166666522,0.5568553341688561,-1.7865112778090435,-1996.6312499998821,0.3574468085106383,-8.332039007091584,-8.332039007091584,45.0,0.026405614265039186,-0.2631632147120966,-2473.3104166665316,0.5629764774873406,-0.7755834829444196,0.31063829787234043
MNQ,D:\Business\Trading\VSCODE\algo-trading-intraday-research\data\processed\parquet\MNQ_c_0_1m_20260321_094501.parquet,data\exports\intraday_momentum_pullback_continuation_20260328_run\data\MNQ_c_0_5m_20260321_094501.parquet,impc_ef12_es34_sl3_pb3_pm0p3_tr1p5,12,34,3,3,0.3,1.5,1222,525,1897,-7388.8687499999705,0.8664956953684457,-0.9814212632640337,-7506.114062499946,0.42857142857142855,-3.895028334211898,-3.895028334211898,35.0,0.09944520276517987,1349,-4276.185416666673,0.8772501232166993,-0.9137428659242687,548,-3112.683333333298,0.8482282042025121,-1.127601204231489,-3764.7375000000175,0.41058394160583944,-5.680079075425726,-5.680079075425726,35.0,0.09514041514041514,-0.516734121417223,-4721.1130208333125,0.6674279630820399,-0.9257647535298458,0.3613138686131387
MNQ,D:\Business\Trading\VSCODE\algo-trading-intraday-research\data\processed\parquet\MNQ_c_0_1m_20260321_094501.parquet,data\exports\intraday_momentum_pullback_continuation_20260328_run\data\MNQ_c_0_5m_20260321_094501.parquet,impc_ef12_es34_sl3_pb3_pm0p3_tr2p0,12,34,3,3,0.3,2.0,1222,525,1873,-7116.332291666662,0.8725141160581745,-0.9175161540083135,-7983.602083333317,0.41057127602776294,-3.7994299474995525,-3.7994299474995525,40.0,0.1060792861021825,1334,-3598.089583333367,0.8974935985543661,-0.7431557829641445,539,-3518.242708333295,0.8301959719472274,-1.2441782839482667,-4303.200000000012,0.38961038961038963,-6.527351963512607,-6.527351963512607,40.0,0.10180708180708181,-0.4872256598272189,-5232.420833333286,0.6662382727155693,-0.9410405101429772,0.35992578849721707
MNQ,D:\Business\Trading\VSCODE\algo-trading-intraday-research\data\processed\parquet\MNQ_c_0_1m_20260321_094501.parquet,data\exports\intraday_momentum_pullback_continuation_20260328_run\data\MNQ_c_0_5m_20260321_094501.parquet,impc_ef12_es34_sl3_pb3_pm0p3_tr2p5,12,34,3,3,0.3,2.5,1222,525,1855,-5432.293749999977,0.9025949098304713,-0.6674561966709978,-6561.249999999978,0.40539083557951483,-2.9284602425875885,-2.9284602425875885,45.0,0.11017421807347394,1320,-3394.9572916666893,0.9034398619082581,-0.6866110270660614,535,-2037.3364583332877,0.9011535687916992,-0.6644459357215643,-3779.7145833333125,0.38878504672897196,-3.8081055295949304,-3.8081055295949304,45.0,0.10512820512820513,-1.0390780343821207,-4154.288020833272,0.6686176534485103,-0.9410405101429772,0.3644859813084112
MNQ,D:\Business\Trading\VSCODE\algo-trading-intraday-research\data\processed\parquet\MNQ_c_0_1m_20260321_094501.parquet,data\exports\intraday_momentum_pullback_continuation_20260328_run\data\MNQ_c_0_5m_20260321_094501.parquet,impc_ef12_es34_sl3_pb3_pm0p5_tr1p5,12,34,3,3,0.5,1.5,1222,525,1878,-7348.775520833307,0.8664343525835347,-0.9763880578157176,-7518.957812499953,0.4291799787007455,-3.913086006833497,-3.913086006833497,35.0,0.09856457223371934,1336,-4076.3906250000036,0.8820376186094157,-0.8728571908660486,542,-3272.3848958333037,0.8400848075121666,-1.1833743152499907,-3876.223437500019,0.4077490774907749,-6.037610508917535,-6.037610508917535,35.0,0.09421245421245421,-0.49151604676699634,-4880.814583333318,0.6652491002567016,-0.9359671323214478,0.35793357933579334
MNQ,D:\Business\Trading\VSCODE\algo-trading-intraday-research\data\processed\parquet\MNQ_c_0_1m_20260321_094501.parquet,data\exports\intraday_momentum_pullback_continuation_20260328_run\data\MNQ_c_0_5m_20260321_094501.parquet,impc_ef12_es34_sl3_pb3_pm0p5_tr2p0,12,34,3,3,0.5,2.0,1222,525,1854,-7151.090625000004,0.8711555998592911,-0.9222627179948775,-8053.257291666661,0.4104638619201726,-3.857114684466022,-3.857114684466022,40.0,0.10515462404414895,1321,-3410.8395833333634,0.9020662945128863,-0.705790064918942,533,-3740.251041666641,0.8190817817494985,-1.3207598698818253,-4459.920833333352,0.38649155722326456,-7.017356550969308,-7.017356550969308,40.0,0.1008058608058608,-0.45830563400796764,-5454.429166666632,0.6642599277978339,-0.942918459809014,0.35647279549718575
MNQ,D:\Business\Trading\VSCODE\algo-trading-intraday-research\data\processed\parquet\MNQ_c_0_1m_20260321_094501.parquet,data\exports\intraday_momentum_pullback_continuation_20260328_run\data\MNQ_c_0_5m_20260321_094501.parquet,impc_ef12_es34_sl3_pb3_pm0p5_tr2p5,12,34,3,3,0.5,2.5,1222,525,1836,-5505.700520833319,0.9007111153690995,-0.676802729670996,-6662.878645833327,0.40522875816993464,-2.9987475603667315,-2.9987475603667315,45.0,0.10920552448886736,1307,-3214.3822916666886,0.9078601794981626,-0.6511961401040433,529,-2291.3182291666308,0.888583874632127,-0.7466820880391738,-3838.8369791666482,0.3856332703213611,-4.3314144218650865,-4.3314144218650865,45.0,0.10405372405372405,-0.9239011567895284,-4408.269791666615,0.6662382727155693,-0.9441238127281523,0.3610586011342155
MNQ,D:\Business\Trading\VSCODE\algo-trading-intraday-research\data\processed\parquet\MNQ_c_0_1m_20260321_094501.parquet,data\exports\intraday_momentum_pullback_continuation_20260328_run\data\MNQ_c_0_5m_20260321_094501.parquet,impc_ef12_es34_sl5_pb5_pm0p3_tr1p5,12,34,5,5,0.3,1.5,1222,525,871,-1718.3906249999472,0.9280680330930104,-0.32471472947646185,-3161.5598958332776,0.4431687715269805,-1.9728939437427637,-1.9728939437427637,40.0,0.04937401846388681,625,482.33645833331866,1.0331409523438702,0.14442419449427885,246,-2200.727083333266,0.764250357943221,-1.1585970901956986,-2715.159374999974,0.3983739837398374,-8.946045054200267,-8.946045054200267,40.0,0.04512820512820513,-0.5345761675355609,-3377.183333333276,0.7036518328503107,-0.9363474959307109,0.34959349593495936
MNQ,D:\Business\Trading\VSCODE\algo-trading-intraday-research\data\processed\parquet\MNQ_c_0_1m_20260321_094501.parquet,data\exports\intraday_momentum_pullback_continuation_20260328_run\data\MNQ_c_0_5m_20260321_094501.parquet,impc_ef12_es34_sl5_pb5_pm0p3_tr2p0,12,34,5,5,0.3,2.0,1222,525,865,-645.943750000004,0.9733350889032472,-0.11333245552112163,-2827.1010416666395,0.4254335260115607,-0.7467557803468254,-0.7467557803468254,50.0,0.05267638295686378,619,1097.120833333278,1.07449855598553,0.30739202112228975,246,-1743.064583333282,0.8164759708334348,-0.8429607853948341,-2785.6677083333198,0.3861788617886179,-7.085628387533666,-7.085628387533666,45.0,0.04825396825396826,-0.8160232636245585,-3165.4458333332877,0.7036518328503107,-0.940405770253171,0.34959349593495936
MNQ,D:\Business\Trading\VSCODE\algo-trading-intraday-research\data\processed\parquet\MNQ_c_0_1m_20260321_094501.parquet,data\exports\intraday_momentum_pullback_continuation_20260328_run\data\MNQ_c_0_5m_20260321_094501.parquet,impc_ef12_es34_sl5_pb5_pm0p3_tr2p5,12,34,5,5,0.3,2.5,1222,525,861,-920.020833333303,0.9620707558493337,-0.1619495730817364,-2923.0885416666206,0.42044134727061555,-1.0685491676344983,-1.0685491676344983,55.0,0.05447433695859569,615,1099.2020833333045,1.0749043087826358,0.3096922981553794,246,-2019.2229166666075,0.7892579104086285,-0.9772953729872966,-2752.0255208332965,0.37398373983739835,-8.208223238482145,-8.208223238482145,50.0,0.04993894993894994,-0.6943961528104559,-3421.3635416666075,0.7036518328503107,-0.9415086766061402,0.34959349593495936
MNQ,D:\Business\Trading\VSCODE\algo-trading-intraday-research\data\processed\parquet\MNQ_c_0_1m_20260321_094501.parquet,data\exports\intraday_momentum_pullback_continuation_20260328_run\data\MNQ_c_0_5m_20260321_094501.parquet,impc_ef12_es34_sl5_pb5_pm0p5_tr1p5,12,34,5,5,0.5,1.5,1222,525,869,-1694.70416666661,0.9288389632696947,-0.3205732903592411,-3095.6421874999432,0.4430379746835443,-1.9501774069811393,-1.9501774069811393,40.0,0.04926393964745424,624,431.9708333333201,1.0296803705258135,0.12949323100329016,245,-2126.67499999993,0.7703614195199067,-1.120421720016027,-2649.2416666666395,0.4,-8.680306122448695,-8.680306122448695,40.0,0.045006105006105,-0.5531904263698256,-3303.1312499999403,0.7231153393730246,-0.9348093480934475,0.3510204081632653
MNQ,D:\Business\Trading\VSCODE\algo-trading-intraday-research\data\processed\parquet\MNQ_c_0_1m_20260321_094501.parquet,data\exports\intraday_momentum_pullback_continuation_20260328_run\data\MNQ_c_0_5m_20260321_094501.parquet,impc_ef12_es34_sl5_pb5_pm0p5_tr2p0,12,34,5,5,0.5,2.0,1222,525,863,-640.0458333333354,0.9734975424871603,-0.11243656348933426,-2753.0489583333037,0.42526071842410196,-0.7416521823097745,-0.7416521823097745,50.0,0.05255896555266904,618,1028.9666666666108,1.06987063639199,0.288755441716881,245,-1669.0124999999462,0.8228918994741362,-0.8076667745759485,-2711.615624999984,0.3877551020408163,-6.812295918367127,-6.812295918367127,45.0,0.04813186813186813,-0.852229237348463,-3091.393749999952,0.7231153393730246,-0.9397710303633648,0.3510204081632653
MNQ,D:\Business\Trading\VSCODE\algo-trading-intraday-research\data\processed\parquet\MNQ_c_0_1m_20260321_094501.parquet,data\exports\intraday_momentum_pullback_continuation_20260328_run\data\MNQ_c_0_5m_20260321_094501.parquet,impc_ef12_es34_sl5_pb5_pm0p5_tr2p5,12,34,5,5,0.5,2.5,1222,525,859,-913.4687499999673,0.9622255534161261,-0.16099421947929368,-2849.0364583332776,0.420256111757858,-1.0634094877764462,-1.0634094877764462,55.0,0.05434958096663878,614,1031.7020833333045,1.070304571464548,0.2911355296760398,245,-1945.1708333332717,0.7954053290960125,-0.9420419458050625,-2677.9734374999607,0.37551020408163266,-7.939472789115395,-7.939472789115395,50.0,0.04981684981684982,-0.7208316107625736,-3347.3114583332717,0.7231153393730246,-0.9410405101429772,0.3510204081632653
MNQ,D:\Business\Trading\VSCODE\algo-trading-intraday-research\data\processed\parquet\MNQ_c_0_1m_20260321_094501.parquet,data\exports\intraday_momentum_pullback_continuation_20260328_run\data\MNQ_c_0_5m_20260321_094501.parquet,impc_ef8_es21_sl3_pb3_pm0p3_tr1p5,8,21,3,3,0.3,1.5,1222,525,1580,-6153.941145833287,0.8675480818867144,-0.8767821237300616,-6241.173437499958,0.4208860759493671,-3.8948994593881565,-3.8948994593881565,32.5,0.08134824534366607,1131,-3798.681249999976,0.8716957847354916,-0.879248578247987,449,-2355.259895833311,0.8602623327225027,-0.9042839945712712,-3003.2843750000247,0.4142538975501114,-5.245567696733432,-5.245567696733432,30.0,0.07641025641025641,-0.6774491226308903,-3950.8286458333096,0.6728643461401683,-0.9077298873217408,0.37639198218262804
MNQ,D:\Business\Trading\VSCODE\algo-trading-intraday-research\data\processed\parquet\MNQ_c_0_1m_20260321_094501.parquet,data\exports\intraday_momentum_pullback_continuation_20260328_run\data\MNQ_c_0_5m_20260321_094501.parquet,impc_ef8_es21_sl3_pb3_pm0p3_tr2p0,8,21,3,3,0.3,2.0,1222,525,1560,-6198.031249999982,0.868692855138766,-0.8404212521277724,-6545.892708333326,0.39871794871794874,-3.9730969551281934,-3.9730969551281934,40.0,0.08749064330060323,1117,-3228.6062500000007,0.8921687119202505,-0.7155083504744385,443,-2969.424999999981,0.8279717995816509,-1.0778144473061553,-3700.4885416666802,0.3860045146726862,-6.702990970654585,-6.702990970654585,40.0,0.08285714285714285,-0.6352576677302856,-4855.774999999972,0.6728643461401683,-0.9410405101429772,0.3747178329571106
MNQ,D:\Business\Trading\VSCODE\algo-trading-intraday-research\data\processed\parquet\MNQ_c_0_1m_20260321_094501.parquet,data\exports\intraday_momentum_pullback_continuation_20260328_run\data\MNQ_c_0_5m_20260321_094501.parquet,impc_ef8_es21_sl3_pb3_pm0p3_tr2p5,8,21,3,3,0.3,2.5,1222,525,1544,-4736.127604166637,0.8995950950755325,-0.6096083757901336,-5201.093229166632,0.39378238341968913,-3.0674401581390134,-3.0674401581390134,45.0,0.0911232442428779,1104,-2956.1541666666835,0.9013127361677034,-0.6404452033753216,440,-1779.9734374999534,0.8966064218245053,-0.5938234415644391,-3125.8369791666555,0.38636363636363635,-4.0453941761362575,-4.0453941761362575,45.0,0.08617826617826618,-1.3204638763043604,-4130.364062499939,0.6740265662392113,-0.9418478277344606,0.3795454545454545
MNQ,D:\Business\Trading\VSCODE\algo-trading-intraday-research\data\processed\parquet\MNQ_c_0_1m_20260321_094501.parquet,data\exports\intraday_momentum_pullback_continuation_20260328_run\data\MNQ_c_0_5m_20260321_094501.parquet,impc_ef8_es21_sl3_pb3_pm0p5_tr1p5,8,21,3,3,0.5,1.5,1222,525,1562,-6111.015104166625,0.8678031515337477,-0.8713645127612708,-6198.247395833292,0.4212548015364917,-3.9123016031796576,-3.9123016031796576,35.0,0.08048229198772988,1118,-3729.776562499974,0.8733058041434125,-0.8639322355441501,444,-2381.238541666651,0.858153445575493,-0.9150823793335283,-3002.770312500026,0.4144144144144144,-5.363149868618583,-5.363149868618583,30.0,0.07582417582417582,-0.670058342362981,-3976.8072916666497,0.6740265662392113,-0.9122069054197033,0.3761261261261261
MNQ,D:\Business\Trading\VSCODE\algo-trading-intraday-research\data\processed\parquet\MNQ_c_0_1m_20260321_094501.parquet,data\exports\intraday_momentum_pullback_continuation_20260328_run\data\MNQ_c_0_5m_20260321_094501.parquet,impc_ef8_es21_sl3_pb3_pm0p5_tr2p0,8,21,3,3,0.5,2.0,1222,525,1543,-6184.590624999988,0.8683281287018949,-0.839394189283195,-6521.782291666663,0.39857420609202854,-4.0081598347375165,-4.0081598347375165,40.0,0.08660267418138054,1105,-3156.046874999998,0.8940066339325492,-0.6998508184026414,438,-3028.54374999999,0.8238586595455711,-1.1008122022087938,-3716.042708333349,0.3858447488584475,-6.9144834474885615,-6.9144834474885615,40.0,0.08224664224664224,-0.6228571074794602,-4914.893749999981,0.6740265662392113,-0.9425317611446911,0.3744292237442922
MNQ,D:\Business\Trading\VSCODE\algo-trading-intraday-research\data\processed\parquet\MNQ_c_0_1m_20260321_094501.parquet,data\exports\intraday_momentum_pullback_continuation_20260328_run\data\MNQ_c_0_5m_20260321_094501.parquet,impc_ef8_es21_sl3_pb3_pm0p5_tr2p5,8,21,3,3,0.5,2.5,1222,525,1527,-4762.502083333315,0.8985351450734855,-0.6137033085691976,-5210.122916666645,0.3935821872953504,-3.118861875136421,-3.118861875136421,45.0,0.09020592077260652,1092,-2890.269791666684,0.9029765182360642,-0.6265285170964715,435,-1872.2322916666308,0.8908196548834352,-0.6256936365208978,-3157.4593749999913,0.38620689655172413,-4.303982279693404,-4.303982279693404,45.0,0.08554334554334554,-1.2553947688337892,-4222.622916666616,0.6751887863382543,-0.942918459809014,0.3793103448275862
MNQ,D:\Business\Trading\VSCODE\algo-trading-intraday-research\data\processed\parquet\MNQ_c_0_1m_20260321_094501.parquet,data\exports\intraday_momentum_pullback_continuation_20260328_run\data\MNQ_c_0_5m_20260321_094501.parquet,impc_ef8_es21_sl5_pb5_pm0p3_tr1p5,8,21,5,5,0.3,1.5,1222,525,669,-2795.831249999994,0.8554108100324501,-0.5829963874988914,-3733.7052083333183,0.4304932735426009,-4.179119955156941,-4.179119955156941,40.0,0.03759558510560228,464,152.20989583332448,1.013732922953848,0.051580515891277295,205,-2948.0411458333183,0.6427830067817881,-1.6623749881851186,-3105.2880208333154,0.3804878048780488,-14.38068851626009,-14.38068851626009,40.0,0.037802197802197804,-0.39808425050603385,-4121.609895833324,0.6802996558007374,-0.9378856437679742,0.32682926829268294
MNQ,D:\Business\Trading\VSCODE\algo-trading-intraday-research\data\processed\parquet\MNQ_c_0_1m_20260321_094501.parquet,data\exports\intraday_momentum_pullback_continuation_20260328_run\data\MNQ_c_0_5m_20260321_094501.parquet,impc_ef8_es21_sl5_pb5_pm0p3_tr2p0,8,21,5,5,0.3,2.0,1222,525,664,-2308.827083333348,0.8825637215185196,-0.45209506840708263,-3644.034375000003,0.40963855421686746,-3.4771492218875726,-3.4771492218875726,45.0,0.04006868918145392,459,512.5385416666431,1.0455803578252187,0.16269369009161982,205,-2821.3656249999913,0.6647429745773842,-1.4978027295048106,-3256.8802083333285,0.36585365853658536,-13.762759146341422,-13.762759146341422,45.0,0.04,-0.4789221827048164,-4172.580208333326,0.6802996558007374,-0.9410405101429772,0.32682926829268294
MNQ,D:\Business\Trading\VSCODE\algo-trading-intraday-research\data\processed\parquet\MNQ_c_0_1m_20260321_094501.parquet,data\exports\intraday_momentum_pullback_continuation_20260328_run\data\MNQ_c_0_5m_20260321_094501.parquet,impc_ef8_es21_sl5_pb5_pm0p3_tr2p5,8,21,5,5,0.3,2.5,1222,525,662,-2695.1036458333274,0.8632105520076245,-0.5339421219724293,-3785.1463541666453,0.40483383685800606,-4.071153543554876,-4.071153543554876,55.0,0.04165382413808287,458,438.76093749998654,1.038863933673872,0.14046319610165828,204,-3133.864583333314,0.6274929934618038,-1.691176310118559,-3526.286458333321,0.35784313725490197,-15.362081290849579,-15.362081290849579,50.0,0.04151404151404151,-0.4094302495255136,-4416.963541666642,0.6822439910641671,-0.9415086766061402,0.3284313725490196
MNQ,D:\Business\Trading\VSCODE\algo-trading-intraday-research\data\processed\parquet\MNQ_c_0_1m_20260321_094501.parquet,data\exports\intraday_momentum_pullback_continuation_20260328_run\data\MNQ_c_0_5m_20260321_094501.parquet,impc_ef8_es21_sl5_pb5_pm0p5_tr1p5,8,21,5,5,0.5,1.5,1222,525,668,-2846.1968749999924,0.85280610171146,-0.5939931806397221,-3733.7052083333183,0.4296407185628742,-4.260773764970049,-4.260773764970049,40.0,0.037522199227980564,463,101.84427083332594,1.0091887555469878,0.034564231227045814,205,-2948.0411458333183,0.6427830067817881,-1.6623749881851186,-3105.2880208333154,0.3804878048780488,-14.38068851626009,-14.38068851626009,40.0,0.037802197802197804,-0.39808425050603385,-4121.609895833324,0.6802996558007374,-0.9378856437679742,0.32682926829268294
MNQ,D:\Business\Trading\VSCODE\algo-trading-intraday-research\data\processed\parquet\MNQ_c_0_1m_20260321_094501.parquet,data\exports\intraday_momentum_pullback_continuation_20260328_run\data\MNQ_c_0_5m_20260321_094501.parquet,impc_ef8_es21_sl5_pb5_pm0p5_tr2p0,8,21,5,5,0.5,2.0,1222,525,663,-2376.9812500000153,0.8790971251007469,-0.46597610243992926,-3644.034375000003,0.40874811463046756,-3.5851904223227984,-3.5851904223227984,45.0,0.03998796471607004,458,444.384374999976,1.0395193671847007,0.14135035714453914,205,-2821.3656249999913,0.6647429745773842,-1.4978027295048106,-3256.8802083333285,0.36585365853658536,-13.762759146341422,-13.762759146341422,45.0,0.04,-0.4789221827048164,-4172.580208333326,0.6802996558007374,-0.9410405101429772,0.32682926829268294
MNQ,D:\Business\Trading\VSCODE\algo-trading-intraday-research\data\processed\parquet\MNQ_c_0_1m_20260321_094501.parquet,data\exports\intraday_momentum_pullback_continuation_20260328_run\data\MNQ_c_0_5m_20260321_094501.parquet,impc_ef8_es21_sl5_pb5_pm0p5_tr2p5,8,21,5,5,0.5,2.5,1222,525,661,-2762.6036458333274,0.859784602970837,-0.5479524777740324,-3785.1463541666453,0.4039334341906203,-4.179430629097318,-4.179430629097318,55.0,0.041565761084936814,457,371.26093749998654,1.0328850160019076,0.11909965390122867,204,-3133.864583333314,0.6274929934618038,-1.691176310118559,-3526.286458333321,0.35784313725490197,-15.362081290849579,-15.362081290849579,50.0,0.04151404151404151,-0.4094302495255136,-4416.963541666642,0.6822439910641671,-0.9415086766061402,0.3284313725490196
