config_name,policy_family,strategy_tag,symbol,opposite_confirmation,opposite_breakout_buffer_ticks,opposite_breakout_confirm_bars,require_reclaim_vwap,require_reclaim_or_low_close,reclaim_confirm_bars,net_pnl,gross_pnl,number_of_trades,win_rate,avg_trade,profit_factor,Sharpe,Sortino,max_drawdown,max_daily_drawdown,average_daily_pnl,median_daily_pnl,worst_day,best_day,trade_frequency,exposure_days,prop_pass,daily_loss_limit_breaches,first_breakout_downside_count,first_breakout_upside_count,invalidated_days_count,invalidated_days_pct,trades_after_downside_first_breakout_count,pnl_after_downside_first_breakout,sharpe_after_downside_first_breakout,reclaim_trade_count,reclaim_trade_pnl,reclaim_trade_sharpe,strategy_bucket,rank_within_symbol
baseline_no_opposite_invalidation,baseline,orb_long_only,M2K,none,0,1,False,False,1,-7579.499999996975,3120.500000003025,1205,0.4522821576763485,-6.290041493773424,0.9339436828390651,-0.3468547661879948,-0.7458974268211862,-9815.999999997231,-9815.999999997231,-3.536864209051318,0.0,-250.0,464.0000000000009,0.5622958469435371,1205,False,0,882,863,0,0.0,385,-1414.999999999123,-0.1877357884576839,0,0.0,0.0,baseline,1
allow_reclaim_after_opposite_breakout_conservative__buffer_0__require_vwap_true,reclaim_conservative,failed_breakdown_reclaim_long,M2K,touch,0,1,True,True,1,-6281.499999997082,4028.5000000029177,1166,0.4519725557461406,-5.387221269294239,0.9432634683214132,-0.2916073802285737,-0.6131704804381296,-8765.499999998274,-8765.499999998274,-2.9311712552482883,0.0,-250.0,464.0000000000009,0.5440970601959869,1166,False,0,882,863,0,0.0,353,-1398.4999999991658,-0.1934373955936196,384,-1143.999999999072,-0.2294983117879886,reclaim,2
allow_reclaim_after_opposite_breakout_strict__buffer_0__reclaim_1,reclaim_strict,failed_breakdown_reclaim_long,M2K,touch,0,1,False,False,1,-6281.499999997082,4028.5000000029177,1166,0.4519725557461406,-5.387221269294239,0.9432634683214132,-0.2916073802285737,-0.6131704804381296,-8765.499999998274,-8765.499999998274,-2.9311712552482883,0.0,-250.0,464.0000000000009,0.5440970601959869,1166,False,0,882,863,0,0.0,353,-1398.4999999991658,-0.1934373955936196,384,-1143.999999999072,-0.2294983117879886,reclaim,3
allow_reclaim_after_opposite_breakout_strict__buffer_0__reclaim_2,reclaim_strict,failed_breakdown_reclaim_long,M2K,touch,0,1,False,False,2,-6281.499999997082,4028.5000000029177,1166,0.4519725557461406,-5.387221269294239,0.9432634683214132,-0.2916073802285737,-0.6131704804381296,-8765.499999998274,-8765.499999998274,-2.9311712552482883,0.0,-250.0,464.0000000000009,0.5440970601959869,1166,False,0,882,863,0,0.0,353,-1398.4999999991658,-0.1934373955936196,384,-1143.999999999072,-0.2294983117879886,reclaim,4
allow_reclaim_after_opposite_breakout_strict__buffer_0__reclaim_3,reclaim_strict,failed_breakdown_reclaim_long,M2K,touch,0,1,False,False,3,-6281.499999997082,4028.5000000029177,1166,0.4519725557461406,-5.387221269294239,0.9432634683214132,-0.2916073802285737,-0.6131704804381296,-8765.499999998274,-8765.499999998274,-2.9311712552482883,0.0,-250.0,464.0000000000009,0.5440970601959869,1166,False,0,882,863,0,0.0,353,-1398.4999999991658,-0.1934373955936196,384,-1143.999999999072,-0.2294983117879886,reclaim,5
allow_reclaim_after_opposite_breakout_conservative__buffer_1__require_vwap_true,reclaim_conservative,failed_breakdown_reclaim_long,M2K,touch,1,1,True,True,1,-6654.999999997079,3662.50000000292,1168,0.4511986301369863,-5.697773972600238,0.940091999964017,-0.3087522172889653,-0.6505096235747787,-8765.499999998272,-8765.499999998272,-3.105459636022902,0.0,-250.0,464.0000000000009,0.5450303313112459,1168,False,0,874,871,0,0.0,348,-1544.4999999991726,-0.2171116889581598,379,-1289.9999999990794,-0.2632726116826679,reclaim,6
allow_reclaim_after_opposite_breakout_strict__buffer_1__reclaim_1,reclaim_strict,failed_breakdown_reclaim_long,M2K,touch,1,1,False,False,1,-6654.999999997079,3662.50000000292,1168,0.4511986301369863,-5.697773972600238,0.940091999964017,-0.3087522172889653,-0.6505096235747787,-8765.499999998272,-8765.499999998272,-3.105459636022902,0.0,-250.0,464.0000000000009,0.5450303313112459,1168,False,0,874,871,0,0.0,348,-1544.4999999991726,-0.2171116889581598,379,-1289.9999999990794,-0.2632726116826679,reclaim,7
allow_reclaim_after_opposite_breakout_strict__buffer_1__reclaim_2,reclaim_strict,failed_breakdown_reclaim_long,M2K,touch,1,1,False,False,2,-6654.999999997079,3662.50000000292,1168,0.4511986301369863,-5.697773972600238,0.940091999964017,-0.3087522172889653,-0.6505096235747787,-8765.499999998272,-8765.499999998272,-3.105459636022902,0.0,-250.0,464.0000000000009,0.5450303313112459,1168,False,0,874,871,0,0.0,348,-1544.4999999991726,-0.2171116889581598,379,-1289.9999999990794,-0.2632726116826679,reclaim,8
allow_reclaim_after_opposite_breakout_strict__buffer_1__reclaim_3,reclaim_strict,failed_breakdown_reclaim_long,M2K,touch,1,1,False,False,3,-6654.999999997079,3662.50000000292,1168,0.4511986301369863,-5.697773972600238,0.940091999964017,-0.3087522172889653,-0.6505096235747787,-8765.499999998272,-8765.499999998272,-3.105459636022902,0.0,-250.0,464.0000000000009,0.5450303313112459,1168,False,0,874,871,0,0.0,348,-1544.4999999991726,-0.2171116889581598,379,-1289.9999999990794,-0.2632726116826679,reclaim,9
allow_reclaim_after_opposite_breakout_conservative__buffer_2__require_vwap_true,reclaim_conservative,failed_breakdown_reclaim_long,M2K,touch,2,1,True,True,1,-6782.499999997077,3537.5000000029227,1169,0.4508126603934987,-5.80196749358176,0.9390142472429652,-0.3146229516101557,-0.6633006902117455,-8765.499999998276,-8765.499999998276,-3.164955669620661,0.0,-250.0,464.0000000000009,0.5454969668688754,1169,False,0,868,876,0,0.0,344,-1250.999999999185,-0.1777307661563882,376,-1236.4999999990896,-0.2545636379436509,reclaim,10
allow_reclaim_after_opposite_breakout_strict__buffer_2__reclaim_1,reclaim_strict,failed_breakdown_reclaim_long,M2K,touch,2,1,False,False,1,-6782.499999997077,3537.5000000029227,1169,0.4508126603934987,-5.80196749358176,0.9390142472429652,-0.3146229516101557,-0.6633006902117455,-8765.499999998276,-8765.499999998276,-3.164955669620661,0.0,-250.0,464.0000000000009,0.5454969668688754,1169,False,0,868,876,0,0.0,344,-1250.999999999185,-0.1777307661563882,376,-1236.4999999990896,-0.2545636379436509,reclaim,11
allow_reclaim_after_opposite_breakout_strict__buffer_2__reclaim_2,reclaim_strict,failed_breakdown_reclaim_long,M2K,touch,2,1,False,False,2,-6782.499999997077,3537.5000000029227,1169,0.4508126603934987,-5.80196749358176,0.9390142472429652,-0.3146229516101557,-0.6633006902117455,-8765.499999998276,-8765.499999998276,-3.164955669620661,0.0,-250.0,464.0000000000009,0.5454969668688754,1169,False,0,868,876,0,0.0,344,-1250.999999999185,-0.1777307661563882,376,-1236.4999999990896,-0.2545636379436509,reclaim,12
allow_reclaim_after_opposite_breakout_strict__buffer_2__reclaim_3,reclaim_strict,failed_breakdown_reclaim_long,M2K,touch,2,1,False,False,3,-6782.499999997077,3537.5000000029227,1169,0.4508126603934987,-5.80196749358176,0.9390142472429652,-0.3146229516101557,-0.6633006902117455,-8765.499999998276,-8765.499999998276,-3.164955669620661,0.0,-250.0,464.0000000000009,0.5454969668688754,1169,False,0,868,876,0,0.0,344,-1250.999999999185,-0.1777307661563882,376,-1236.4999999990896,-0.2545636379436509,reclaim,13
allow_reclaim_after_opposite_breakout_conservative__buffer_2__require_vwap_false,reclaim_conservative,failed_breakdown_reclaim_long,M2K,touch,2,1,False,True,1,-7579.499999996975,3120.500000003025,1205,0.4522821576763485,-6.290041493773424,0.9339436828390651,-0.3468547661879948,-0.7458974268211862,-9815.999999997231,-9815.999999997231,-3.536864209051318,0.0,-250.0,464.0000000000009,0.5622958469435371,1205,False,0,868,876,0,0.0,373,-766.4999999991469,-0.1045830809341931,412,-2033.499999998986,-0.3821875148077701,reclaim,14
allow_reclaim_after_opposite_breakout_conservative__buffer_0__require_vwap_false,reclaim_conservative,failed_breakdown_reclaim_long,M2K,touch,0,1,False,True,1,-7579.499999996975,3120.500000003025,1205,0.4522821576763485,-6.290041493773424,0.9339436828390651,-0.3468547661879948,-0.7458974268211862,-9815.999999997231,-9815.999999997231,-3.536864209051318,0.0,-250.0,464.0000000000009,0.5622958469435371,1205,False,0,882,863,0,0.0,385,-1414.999999999123,-0.1877357884576839,423,-2441.999999998965,-0.4456024969930476,reclaim,15
allow_reclaim_after_opposite_breakout_conservative__buffer_1__require_vwap_false,reclaim_conservative,failed_breakdown_reclaim_long,M2K,touch,1,1,False,True,1,-7579.499999996975,3120.500000003025,1205,0.4522821576763485,-6.290041493773424,0.9339436828390651,-0.3468547661879948,-0.7458974268211862,-9815.999999997231,-9815.999999997231,-3.536864209051318,0.0,-250.0,464.0000000000009,0.5622958469435371,1205,False,0,874,871,0,0.0,378,-1187.4999999991326,-0.160320857818402,416,-2214.4999999989736,-0.4122333692778929,reclaim,16
invalidate_on_opposite_close_1m__buffer_4,invalidate_for_day,orb_long_only,M2K,close_1m,4,1,False,False,1,-5292.999999997875,2099.5000000021246,854,0.4566744730679157,-6.197892271660276,0.9376274142421374,-0.279338724017717,-0.5815639281828405,-9954.499999998545,-9954.499999998545,-2.4699020065319064,0.0,-250.0,464.0000000000009,0.3985067662155856,854,True,0,808,934,1231,0.5744283714419038,0,0.0,0.0,0,0.0,0.0,simple_invalidation,17
invalidate_on_opposite_touch__buffer_0,invalidate_for_day,orb_long_only,M2K,touch,0,1,False,False,1,-5137.49999999801,1575.0000000019895,782,0.459079283887468,-6.569693094626611,0.9336304621645432,-0.2848173753495047,-0.5620050219983858,-8584.999999998687,-8584.999999998687,-2.397340177320584,0.0,-250.0,464.0000000000009,0.3649090060662622,782,False,0,882,863,1305,0.6089594027064862,0,0.0,0.0,0,0.0,0.0,simple_invalidation,18
invalidate_on_opposite_close_1m__buffer_1,invalidate_for_day,orb_long_only,M2K,close_1m,1,1,False,False,1,-5373.9999999979045,1873.5000000020948,840,0.4571428571428571,-6.397619047616553,0.9353950650677963,-0.2869975109078191,-0.5880218855158668,-8591.999999998585,-8591.999999998585,-2.507699486699909,0.0,-250.0,464.0000000000009,0.3919738684087727,840,False,0,822,922,1251,0.5837610825944937,0,0.0,0.0,0,0.0,0.0,simple_invalidation,19
invalidate_on_opposite_touch__buffer_1,invalidate_for_day,orb_long_only,M2K,touch,1,1,False,False,1,-5364.999999998001,1420.000000002,789,0.4575411913814955,-6.799746514572878,0.9314950424884202,-0.295841732193361,-0.5884526130344732,-8585.999999998681,-8585.999999998681,-2.5034997666812884,0.0,-250.0,464.0000000000009,0.3681754549696687,789,False,0,874,871,1299,0.6061595893607092,0,0.0,0.0,0,0.0,0.0,simple_invalidation,20
invalidate_on_opposite_close_1m__buffer_2,invalidate_for_day,orb_long_only,M2K,close_1m,2,1,False,False,1,-5745.499999997876,1579.500000002124,847,0.4557260920897285,-6.78335301062323,0.93185106988663,-0.3048612072259885,-0.6306627280367181,-9504.999999998565,-9504.999999998565,-2.681054596359252,0.0,-250.0,464.0000000000009,0.3952403173121792,847,False,0,815,928,1243,0.5800279981334577,0,0.0,0.0,0,0.0,0.0,simple_invalidation,21
invalidate_on_opposite_touch__buffer_2,invalidate_for_day,orb_long_only,M2K,touch,2,1,False,False,1,-5545.999999997989,1276.5000000020102,793,0.4564943253467843,-6.993694829757867,0.9296108033329132,-0.3051666578176192,-0.6092621382524588,-8713.49999999868,-8713.49999999868,-2.5879608026122205,0.0,-250.0,464.0000000000009,0.3700419972001866,793,False,0,868,876,1295,0.6042930471301913,0,0.0,0.0,0,0.0,0.0,simple_invalidation,22
invalidate_on_opposite_close_5m__buffer_1,invalidate_for_day,orb_long_only,M2K,close_5m,1,1,False,False,1,-5908.499999997789,1786.500000002211,893,0.4568868980963046,-6.616461366178935,0.9329090351664312,-0.3075903980389406,-0.6402896958911412,-9249.499999998445,-9249.499999998445,-2.7571161922528185,0.0,-250.0,464.0000000000009,0.4167055529631358,893,False,0,764,979,1191,0.5557629491367242,0,0.0,0.0,0,0.0,0.0,simple_invalidation,23
invalidate_on_opposite_n_closes_1m__buffer_0__confirm_2,invalidate_for_day,orb_long_only,M2K,n_closes_1m,0,2,False,False,1,-6052.49999999782,1432.50000000218,869,0.4556962025316455,-6.964902186418665,0.9299170931659996,-0.3181469504962948,-0.6655460764411458,-9648.999999998528,-9648.999999998528,-2.8243117125514794,0.0,-250.0,464.0000000000009,0.405506299580028,869,False,0,787,953,1212,0.5655622958469435,0,0.0,0.0,0,0.0,0.0,simple_invalidation,24
invalidate_on_opposite_close_5m__buffer_0,invalidate_for_day,orb_long_only,M2K,close_5m,0,1,False,False,1,-6228.4999999977945,1451.5000000022055,891,0.4567901234567901,-6.990460157124349,0.9292304371044764,-0.3247973905057724,-0.6766344787370254,-9249.499999998448,-9249.499999998448,-2.906439570694258,0.0,-250.0,464.0000000000009,0.4157722818478768,891,False,0,767,976,1196,0.5580961269248716,0,0.0,0.0,0,0.0,0.0,simple_invalidation,25
invalidate_on_opposite_close_1m__buffer_0,invalidate_for_day,orb_long_only,M2K,close_1m,0,1,False,False,1,-6117.499999997916,1095.000000002084,836,0.4545454545454545,-7.317583732054924,0.9264568869654308,-0.3276628564220533,-0.6693754902574417,-9321.999999998585,-9321.999999998585,-2.8546430237974407,0.0,-250.0,464.0000000000009,0.3901073261782548,836,False,0,825,919,1258,0.5870275314979001,0,0.0,0.0,0,0.0,0.0,simple_invalidation,26
invalidate_on_opposite_n_closes_1m__buffer_1__confirm_2,invalidate_for_day,orb_long_only,M2K,n_closes_1m,1,2,False,False,1,-6238.499999997817,1274.0000000021832,872,0.4552752293577982,-7.154243119263552,0.9280051239440756,-0.3276716078374412,-0.6848063504856782,-9710.999999998528,-9710.999999998528,-2.9111059262705634,0.0,-250.0,464.0000000000009,0.4069062062529164,872,False,0,784,956,1210,0.5646290247316845,0,0.0,0.0,0,0.0,0.0,simple_invalidation,27
invalidate_on_opposite_n_closes_1m__buffer_2__confirm_2,invalidate_for_day,orb_long_only,M2K,n_closes_1m,2,2,False,False,1,-6552.499999997794,1017.5000000022056,878,0.4544419134396355,-7.462984054667191,0.9248031857513606,-0.3436454055998623,-0.7108546287113605,-10130.999999998512,-10130.999999998512,-3.0576294913662125,0.0,-250.0,464.0000000000009,0.4097060195986934,878,False,0,778,961,1204,0.5618292113859076,0,0.0,0.0,0,0.0,0.0,simple_invalidation,28
invalidate_on_opposite_close_5m__buffer_2,invalidate_for_day,orb_long_only,M2K,close_5m,2,1,False,False,1,-6903.4999999977545,894.0000000022451,901,0.4550499445061043,-7.662042175358218,0.9225235538048258,-0.3584730119786185,-0.7448605899057082,-9949.499999998425,-9949.499999998425,-3.2214185720941457,0.0,-250.0,464.0000000000009,0.4204386374241717,901,False,0,753,987,1183,0.5520298646756883,0,0.0,0.0,0,0.0,0.0,simple_invalidation,29
invalidate_on_opposite_touch__buffer_4,invalidate_for_day,orb_long_only,M2K,touch,4,1,False,False,1,-6560.499999997949,382.0000000020498,805,0.453416149068323,-8.14968944099124,0.9183474077900332,-0.3586947772072151,-0.7193327015388022,-9200.99999999864,-9200.99999999864,-3.0613625758273217,0.0,-250.0,464.0000000000009,0.3756416238917405,805,False,0,856,888,1282,0.5982267848810079,0,0.0,0.0,0,0.0,0.0,simple_invalidation,30
invalidate_on_opposite_n_closes_1m__buffer_2__confirm_3,invalidate_for_day,orb_long_only,M2K,n_closes_1m,2,3,False,False,1,-7440.499999997706,502.0000000022942,913,0.452354874041621,-8.149507119384126,0.9177076939241848,-0.3842358118077288,-0.7917013131750361,-9720.4999999986,-9720.4999999986,-3.4720018665411603,0.0,-250.0,464.0000000000009,0.4260382641157256,913,False,0,744,993,1170,0.5459636024265049,0,0.0,0.0,0,0.0,0.0,simple_invalidation,31
invalidate_on_opposite_n_closes_1m__buffer_0__confirm_3,invalidate_for_day,orb_long_only,M2K,n_closes_1m,0,3,False,False,1,-7588.499999997727,189.00000000227283,903,0.4529346622369878,-8.403654485047317,0.9152903747942076,-0.394043972698776,-0.8134094553051784,-9858.999999998416,-9858.999999998416,-3.541063929070335,0.0,-250.0,464.0000000000009,0.4213719085394307,903,False,0,754,985,1181,0.5510965935604293,0,0.0,0.0,0,0.0,0.0,simple_invalidation,32
invalidate_on_opposite_n_closes_1m__buffer_1__confirm_3,invalidate_for_day,orb_long_only,M2K,n_closes_1m,1,3,False,False,1,-7677.499999997715,200.00000000228465,909,0.4532453245324532,-8.446094609458433,0.9149481823670728,-0.3972008981311903,-0.8242502072356561,-10062.499999998608,-10062.499999998608,-3.5825944936993537,0.0,-250.0,464.0000000000009,0.4241717218852076,909,False,0,750,989,1177,0.5492300513299113,0,0.0,0.0,0,0.0,0.0,simple_invalidation,33
invalidate_on_opposite_close_5m__buffer_4,invalidate_for_day,orb_long_only,M2K,close_5m,4,1,False,False,1,-7794.999999997739,135.000000002261,913,0.452354874041621,-8.537787513688652,0.9139439504087756,-0.4025630515508235,-0.8361715280562229,-10758.499999998405,-10758.499999998405,-3.6374241717208298,0.0,-250.0,464.0000000000009,0.4260382641157256,913,False,0,736,1001,1167,0.5445636957536164,0,0.0,0.0,0,0.0,0.0,simple_invalidation,34
invalidate_on_opposite_n_closes_1m__buffer_0__confirm_5,invalidate_for_day,orb_long_only,M2K,n_closes_1m,0,5,False,False,1,-8073.499999997653,101.50000000234786,940,0.4521276595744681,-8.588829787231544,0.9135927993107776,-0.4106437124602023,-0.8606599114336834,-9998.499999998352,-9998.499999998352,-3.767382174520603,0.0,-250.0,464.0000000000009,0.4386374241717219,940,False,0,710,1024,1139,0.5314979001399907,0,0.0,0.0,0,0.0,0.0,simple_invalidation,35
invalidate_on_opposite_n_closes_1m__buffer_1__confirm_5,invalidate_for_day,orb_long_only,M2K,n_closes_1m,1,5,False,False,1,-8609.499999997612,-356.99999999761303,944,0.451271186440678,-9.120233050844927,0.9084431777698844,-0.437290061471865,-0.918658434561948,-10128.499999998296,-10128.499999998296,-4.017498833409992,0.0,-250.0,464.0000000000009,0.4405039664022399,944,False,0,707,1027,1136,0.5300979934671022,0,0.0,0.0,0,0.0,0.0,simple_invalidation,36
invalidate_on_opposite_n_closes_1m__buffer_2__confirm_5,invalidate_for_day,orb_long_only,M2K,n_closes_1m,2,5,False,False,1,-8800.9999999976,-520.9999999976017,947,0.4508975712777191,-9.29355860612207,0.9066192034886732,-0.4468056249054653,-0.9348775328342044,-10132.499999998292,-10132.499999998292,-4.106859542696034,0.0,-250.0,464.0000000000009,0.4419038730751283,947,False,0,701,1031,1131,0.5277648156789547,0,0.0,0.0,0,0.0,0.0,simple_invalidation,37
baseline_no_opposite_invalidation,baseline,orb_long_only,MES,none,0,1,False,False,1,-6931.25,3796.25,1354,0.4165435745937961,-5.119091580502215,0.9533606412596412,-0.2680660734237066,-0.8149955336799792,-8267.5,-8267.5,-3.234367708819412,0.0,-250.0,472.5,0.6318245450303314,1354,False,0,882,865,0,0.0,539,-12947.5,-1.3150646988013643,0,0.0,0.0,baseline,1
allow_reclaim_after_opposite_breakout_conservative__buffer_2__require_vwap_false,reclaim_conservative,failed_breakdown_reclaim_long,MES,touch,2,1,False,True,1,-6693.75,4021.25,1353,0.4168514412416851,-4.947339246119734,0.9548866479642126,-0.2589711936245182,-0.7868649529006849,-8267.5,-8267.5,-3.123541763882408,0.0,-250.0,472.5,0.6313579094727019,1353,False,0,858,888,0,0.0,518,-11330.0,-1.1904423996285634,563,-11350.0,-1.412452248022481,reclaim,2
allow_reclaim_after_opposite_breakout_conservative__buffer_0__require_vwap_false,reclaim_conservative,failed_breakdown_reclaim_long,MES,touch,0,1,False,True,1,-6693.75,4021.25,1353,0.4168514412416851,-4.947339246119734,0.9548866479642126,-0.2589711936245182,-0.7868649529006849,-8267.5,-8267.5,-3.123541763882408,0.0,-250.0,472.5,0.6313579094727019,1353,False,0,882,865,0,0.0,538,-12710.0,-1.2920971921884723,586,-13153.75,-1.5699264727012168,reclaim,3
allow_reclaim_after_opposite_breakout_conservative__buffer_1__require_vwap_false,reclaim_conservative,failed_breakdown_reclaim_long,MES,touch,1,1,False,True,1,-6693.75,4021.25,1353,0.4168514412416851,-4.947339246119734,0.9548866479642126,-0.2589711936245182,-0.7868649529006849,-8267.5,-8267.5,-3.123541763882408,0.0,-250.0,472.5,0.6313579094727019,1353,False,0,869,877,0,0.0,526,-11793.75,-1.2229975179203822,571,-11813.75,-1.4508875197212905,reclaim,4
allow_reclaim_after_opposite_breakout_strict__buffer_0__reclaim_3,reclaim_strict,failed_breakdown_reclaim_long,MES,touch,0,1,False,False,3,-6882.5,3332.5,1287,0.4172494172494173,-5.347707847707848,0.9511948659764572,-0.2736931213804648,-0.8069163372472259,-8445.0,-8445.0,-3.2116192253849745,0.0,-250.0,472.5,0.6005599626691553,1287,False,0,882,865,0,0.0,479,-12912.5,-1.4089029701036335,520,-13342.5,-1.8236532922708968,reclaim,5
allow_reclaim_after_opposite_breakout_strict__buffer_0__reclaim_2,reclaim_strict,failed_breakdown_reclaim_long,MES,touch,0,1,False,False,2,-7341.25,2928.75,1292,0.4164086687306501,-5.682082043343653,0.9482614326112428,-0.2912344573598009,-0.8622670558278787,-9316.25,-9316.25,-3.425688287447504,0.0,-250.0,472.5,0.6028931404573028,1292,False,0,882,865,0,0.0,483,-13121.25,-1.4230175109509375,525,-13801.25,-1.86512262157845,reclaim,6
allow_reclaim_after_opposite_breakout_conservative__buffer_0__require_vwap_true,reclaim_conservative,failed_breakdown_reclaim_long,MES,touch,0,1,True,True,1,-7347.5,2930.0,1294,0.4165378670788253,-5.678129829984544,0.9482670609565048,-0.2914133357800611,-0.8631714806386245,-9186.25,-9186.25,-3.428604759682688,0.0,-250.0,472.5,0.6038264115725618,1294,False,0,882,865,0,0.0,485,-13127.5,-1.422662672485998,527,-13807.5,-1.861130786953285,reclaim,7
allow_reclaim_after_opposite_breakout_strict__buffer_0__reclaim_1,reclaim_strict,failed_breakdown_reclaim_long,MES,touch,0,1,False,False,1,-7347.5,2930.0,1294,0.4165378670788253,-5.678129829984544,0.9482670609565048,-0.2914133357800611,-0.8631714806386245,-9186.25,-9186.25,-3.428604759682688,0.0,-250.0,472.5,0.6038264115725618,1294,False,0,882,865,0,0.0,485,-13127.5,-1.422662672485998,527,-13807.5,-1.861130786953285,reclaim,8
allow_reclaim_after_opposite_breakout_strict__buffer_1__reclaim_3,reclaim_strict,failed_breakdown_reclaim_long,MES,touch,1,1,False,False,3,-7358.75,2878.75,1289,0.4166020170674941,-5.7088828549263,0.947993321377775,-0.2924151281445244,-0.8632029282512904,-8688.75,-8688.75,-3.4338544097060195,0.0,-250.0,472.5,0.6014932337844143,1289,False,0,869,877,0,0.0,469,-12123.75,-1.350170979798761,507,-12478.75,-1.7556707247072614,reclaim,9
allow_reclaim_after_opposite_breakout_strict__buffer_2__reclaim_3,reclaim_strict,failed_breakdown_reclaim_long,MES,touch,2,1,False,False,3,-7358.75,2878.75,1289,0.4166020170674941,-5.7088828549263,0.947993321377775,-0.2924151281445244,-0.8632029282512904,-8688.75,-8688.75,-3.4338544097060195,0.0,-250.0,472.5,0.6014932337844143,1289,False,0,858,888,0,0.0,461,-11660.0,-1.3170644543798993,499,-12015.0,-1.7160979785398234,reclaim,10
allow_reclaim_after_opposite_breakout_strict__buffer_1__reclaim_2,reclaim_strict,failed_breakdown_reclaim_long,MES,touch,1,1,False,False,2,-7817.5,2475.0,1294,0.4157650695517774,-6.041344667697064,0.9450892935536552,-0.3098995137068638,-0.9186835142966226,-9560.0,-9560.0,-3.6479234717685487,0.0,-250.0,472.5,0.6038264115725618,1294,False,0,869,877,0,0.0,473,-12332.5,-1.3648830616870988,512,-12937.5,-1.799095030650453,reclaim,11
allow_reclaim_after_opposite_breakout_strict__buffer_2__reclaim_2,reclaim_strict,failed_breakdown_reclaim_long,MES,touch,2,1,False,False,2,-7817.5,2475.0,1294,0.4157650695517774,-6.041344667697064,0.9450892935536552,-0.3098995137068638,-0.9186835142966226,-9560.0,-9560.0,-3.6479234717685487,0.0,-250.0,472.5,0.6038264115725618,1294,False,0,858,888,0,0.0,465,-11868.75,-1.3321779686355386,504,-12473.75,-1.7606304231302754,reclaim,12
allow_reclaim_after_opposite_breakout_conservative__buffer_2__require_vwap_true,reclaim_conservative,failed_breakdown_reclaim_long,MES,touch,2,1,True,True,1,-7823.75,2476.25,1296,0.4158950617283951,-6.036844135802469,0.9450979360192276,-0.3100739009579522,-0.9195964066212504,-9430.0,-9430.0,-3.650839944003733,0.0,-250.0,472.5,0.6047596826878208,1296,False,0,858,888,0,0.0,467,-11875.0,-1.3318717762232262,506,-12480.0,-1.7567552347304074,reclaim,13
allow_reclaim_after_opposite_breakout_conservative__buffer_1__require_vwap_true,reclaim_conservative,failed_breakdown_reclaim_long,MES,touch,1,1,True,True,1,-7823.75,2476.25,1296,0.4158950617283951,-6.036844135802469,0.9450979360192276,-0.3100739009579522,-0.9195964066212504,-9430.0,-9430.0,-3.650839944003733,0.0,-250.0,472.5,0.6047596826878208,1296,False,0,869,877,0,0.0,475,-12338.75,-1.3645582465455215,514,-12943.75,-1.7951748996815635,reclaim,14
allow_reclaim_after_opposite_breakout_strict__buffer_1__reclaim_1,reclaim_strict,failed_breakdown_reclaim_long,MES,touch,1,1,False,False,1,-7823.75,2476.25,1296,0.4158950617283951,-6.036844135802469,0.9450979360192276,-0.3100739009579522,-0.9195964066212504,-9430.0,-9430.0,-3.650839944003733,0.0,-250.0,472.5,0.6047596826878208,1296,False,0,869,877,0,0.0,475,-12338.75,-1.3645582465455215,514,-12943.75,-1.7951748996815635,reclaim,15
allow_reclaim_after_opposite_breakout_strict__buffer_2__reclaim_1,reclaim_strict,failed_breakdown_reclaim_long,MES,touch,2,1,False,False,1,-7823.75,2476.25,1296,0.4158950617283951,-6.036844135802469,0.9450979360192276,-0.3100739009579522,-0.9195964066212504,-9430.0,-9430.0,-3.650839944003733,0.0,-250.0,472.5,0.6047596826878208,1296,False,0,858,888,0,0.0,467,-11875.0,-1.3318717762232262,506,-12480.0,-1.7567552347304074,reclaim,16
invalidate_on_opposite_touch__buffer_0,invalidate_for_day,orb_long_only,MES,touch,0,1,False,False,1,6460.0,12415.0,767,0.4406779661016949,8.422425032594525,1.077610416134797,0.3194772876014375,0.9044122921269208,-4438.75,-4438.75,3.0144657022865142,0.0,-250.0,472.5,0.3579094727018199,767,False,0,882,865,1384,0.6458236117592161,0,0.0,0.0,0,0.0,0.0,simple_invalidation,17
invalidate_on_opposite_touch__buffer_4,invalidate_for_day,orb_long_only,MES,touch,4,1,False,False,1,6157.5,12657.5,810,0.4395061728395061,7.601851851851852,1.069564480596509,0.2956575179172553,0.8579085484044027,-4178.75,-4178.75,2.873308446103593,0.0,-250.0,472.5,0.377974801679888,810,False,0,840,905,1338,0.6243583761082594,0,0.0,0.0,0,0.0,0.0,simple_invalidation,18
invalidate_on_opposite_close_1m__buffer_0,invalidate_for_day,orb_long_only,MES,close_1m,0,1,False,False,1,6058.75,12586.25,842,0.4382422802850356,7.195665083135392,1.0657951892273445,0.2857254334687567,0.853680720875439,-3643.75,-3643.75,2.827228184787681,0.0,-250.0,472.5,0.3929071395240317,842,False,0,805,941,1323,0.617358842743817,0,0.0,0.0,0,0.0,0.0,simple_invalidation,19
invalidate_on_opposite_touch__buffer_1,invalidate_for_day,orb_long_only,MES,touch,1,1,False,False,1,5120.0,11245.0,782,0.4360613810741688,6.547314578005115,1.0597345778037042,0.2506487999929231,0.7160153705467345,-4091.25,-4091.25,2.389174055062996,0.0,-250.0,472.5,0.3649090060662622,782,False,0,869,877,1372,0.6402239850676622,0,0.0,0.0,0,0.0,0.0,simple_invalidation,20
invalidate_on_opposite_n_closes_1m__buffer_0__confirm_2,invalidate_for_day,orb_long_only,MES,n_closes_1m,0,2,False,False,1,5201.25,12206.25,894,0.4351230425055928,5.817953020134228,1.0529537529588435,0.2381956908893729,0.7221177607192494,-3931.25,-3931.25,2.427088194120392,0.0,-250.0,472.5,0.4171721885207652,894,False,0,752,994,1281,0.5977601493233784,0,0.0,0.0,0,0.0,0.0,simple_invalidation,21
invalidate_on_opposite_close_1m__buffer_1,invalidate_for_day,orb_long_only,MES,close_1m,1,1,False,False,1,5046.25,11828.75,858,0.4358974358974359,5.881410256410256,1.0534624094502787,0.2357716533221593,0.7093679465227217,-4418.75,-4418.75,2.354759682687821,0.0,-250.0,472.5,0.4003733084461036,858,False,0,791,955,1312,0.6122258516098926,0,0.0,0.0,0,0.0,0.0,simple_invalidation,22
invalidate_on_opposite_close_1m__buffer_2,invalidate_for_day,orb_long_only,MES,close_1m,2,1,False,False,1,5033.75,11971.25,870,0.435632183908046,5.785919540229885,1.052410328491853,0.2329481667230202,0.7094493783955301,-4418.75,-4418.75,2.348926738217452,0.0,-250.0,472.5,0.4059729351376575,870,False,0,778,968,1302,0.6075594960335977,0,0.0,0.0,0,0.0,0.0,simple_invalidation,23
invalidate_on_opposite_touch__buffer_2,invalidate_for_day,orb_long_only,MES,touch,2,1,False,False,1,4656.25,10938.75,790,0.4354430379746835,5.893987341772152,1.0537138242800903,0.227079806605612,0.6458918591201472,-4091.25,-4091.25,2.172771815212319,0.0,-250.0,472.5,0.3686420905272982,790,False,0,858,888,1363,0.6360242650489968,0,0.0,0.0,0,0.0,0.0,simple_invalidation,24
invalidate_on_opposite_close_5m__buffer_0,invalidate_for_day,orb_long_only,MES,close_5m,0,1,False,False,1,4937.5,12227.5,923,0.4344528710725894,5.349404117009751,1.0486159829659445,0.2226183243807254,0.6804850998622429,-3751.25,-3751.25,2.3040130657956137,0.0,-250.0,472.5,0.4307046196920205,923,False,0,721,1025,1260,0.5879608026131591,0,0.0,0.0,0,0.0,0.0,simple_invalidation,25
invalidate_on_opposite_close_5m__buffer_1,invalidate_for_day,orb_long_only,MES,close_5m,1,1,False,False,1,4703.75,12116.25,932,0.4334763948497854,5.046942060085837,1.0458376982483495,0.2111470407707286,0.644313650921057,-3896.25,-3896.25,2.19493700419972,0.0,-250.0,472.5,0.4349043397106859,932,False,0,713,1033,1247,0.5818945403639757,0,0.0,0.0,0,0.0,0.0,simple_invalidation,26
invalidate_on_opposite_n_closes_1m__buffer_0__confirm_3,invalidate_for_day,orb_long_only,MES,n_closes_1m,0,3,False,False,1,4291.25,11628.75,927,0.4336569579288026,4.629180151024811,1.0419456527051465,0.1932111483557159,0.5908403411436656,-3601.25,-3601.25,2.0024498366775547,0.0,-250.0,472.5,0.4325711619225384,927,False,0,722,1024,1255,0.5856276248250116,0,0.0,0.0,0,0.0,0.0,simple_invalidation,27
invalidate_on_opposite_n_closes_1m__buffer_2__confirm_2,invalidate_for_day,orb_long_only,MES,n_closes_1m,2,2,False,False,1,3817.5,11157.5,921,0.4321389793702497,4.144951140065147,1.0374558477237048,0.172351435298999,0.525296639290453,-4402.5,-4402.5,1.7813812412505834,0.0,-250.0,472.5,0.4297713485767615,921,False,0,725,1020,1259,0.5874941670555296,0,0.0,0.0,0,0.0,0.0,simple_invalidation,28
invalidate_on_opposite_close_1m__buffer_4,invalidate_for_day,orb_long_only,MES,close_1m,4,1,False,False,1,3742.5,10992.5,901,0.4328523862375139,4.153718091009989,1.0374081663251538,0.170495080429326,0.5294156484108951,-3747.5,-3747.5,1.746383574428371,0.0,-250.0,472.5,0.4204386374241717,901,False,0,742,1003,1278,0.5963602426504899,0,0.0,0.0,0,0.0,0.0,simple_invalidation,29
invalidate_on_opposite_close_5m__buffer_2,invalidate_for_day,orb_long_only,MES,close_5m,2,1,False,False,1,3736.25,11258.75,944,0.4322033898305085,3.9578919491525424,1.03581485076147,0.1669029085643311,0.5143087414598183,-3876.25,-3876.25,1.7434671021931871,0.0,-250.0,472.5,0.4405039664022399,944,False,0,701,1044,1237,0.5772281847876808,0,0.0,0.0,0,0.0,0.0,simple_invalidation,30
invalidate_on_opposite_n_closes_1m__buffer_1__confirm_2,invalidate_for_day,orb_long_only,MES,n_closes_1m,1,2,False,False,1,3640.0,10872.5,909,0.4323432343234323,4.004400440044004,1.0361294805146466,0.1653475751937567,0.5077133335415014,-3968.75,-3968.75,1.6985534297713485,0.0,-250.0,472.5,0.4241717218852076,909,False,0,737,1009,1271,0.5930937937470835,0,0.0,0.0,0,0.0,0.0,simple_invalidation,31
invalidate_on_opposite_n_closes_1m__buffer_2__confirm_3,invalidate_for_day,orb_long_only,MES,n_closes_1m,2,3,False,False,1,2918.75,10581.25,955,0.431413612565445,3.056282722513089,1.0275753746589984,0.1297866739885085,0.3993075796438217,-4098.75,-4098.75,1.361992533831078,0.0,-250.0,472.5,0.4456369575361643,955,False,0,692,1053,1229,0.5734951003266449,0,0.0,0.0,0,0.0,0.0,simple_invalidation,32
invalidate_on_opposite_n_closes_1m__buffer_1__confirm_3,invalidate_for_day,orb_long_only,MES,n_closes_1m,1,3,False,False,1,2855.0,10357.5,940,0.4308510638297872,3.0372340425531914,1.0273388872929234,0.127754836390176,0.3939946869792577,-3880.0,-3880.0,1.332244517032198,0.0,-250.0,472.5,0.4386374241717219,940,False,0,708,1038,1242,0.5795613625758282,0,0.0,0.0,0,0.0,0.0,simple_invalidation,33
invalidate_on_opposite_n_closes_1m__buffer_2__confirm_5,invalidate_for_day,orb_long_only,MES,n_closes_1m,2,5,False,False,1,2695.0,10697.5,1003,0.4327018943170488,2.686939182452642,1.0243478260869563,0.1175136519599202,0.3663262899337834,-4380.0,-4380.0,1.2575828278114791,0.0,-250.0,472.5,0.4680354643023798,1003,False,0,636,1107,1169,0.5454969668688754,0,0.0,0.0,0,0.0,0.0,simple_invalidation,34
invalidate_on_opposite_close_5m__buffer_4,invalidate_for_day,orb_long_only,MES,close_5m,4,1,False,False,1,2393.75,10208.75,973,0.4306269270298047,2.460174717368962,1.0221592224022218,0.1055858380190507,0.3307127779480985,-3777.5,-3777.5,1.117008866075595,0.0,-250.0,472.5,0.4540363975734951,973,False,0,672,1071,1215,0.566962202519832,0,0.0,0.0,0,0.0,0.0,simple_invalidation,35
invalidate_on_opposite_n_closes_1m__buffer_0__confirm_5,invalidate_for_day,orb_long_only,MES,n_closes_1m,0,5,False,False,1,2123.75,9903.75,981,0.4311926605504587,2.164882772680938,1.019549408569982,0.0936268591298185,0.2914128795421937,-4103.75,-4103.75,0.9910172655156324,0.0,-250.0,472.5,0.457769482034531,981,False,0,662,1083,1200,0.5599626691553896,0,0.0,0.0,0,0.0,0.0,simple_invalidation,36
invalidate_on_opposite_n_closes_1m__buffer_1__confirm_5,invalidate_for_day,orb_long_only,MES,n_closes_1m,1,5,False,False,1,1986.25,9896.25,992,0.4304435483870967,2.0022681451612905,1.0180888848413097,0.0871410499920965,0.2695580528413919,-4341.25,-4341.25,0.9268548763415771,0.0,-250.0,472.5,0.4629024731684554,992,False,0,648,1096,1184,0.5524965002333178,0,0.0,0.0,0,0.0,0.0,simple_invalidation,37
baseline_no_opposite_invalidation,baseline,orb_long_only,MGC,none,0,1,False,False,1,-12519.499999995913,-2806.99999999591,861,0.397212543554007,-14.540650406499315,0.8586413445416506,-0.6293730938894941,-1.0463849116570387,-17101.99999999588,-17101.99999999588,-5.579099821745057,0.0,-249.9999999999909,468.9999999999782,0.3836898395721925,861,False,0,674,593,0,0.0,349,-11000.999999998468,-1.7061055645533791,0,0.0,0.0,baseline,1
allow_reclaim_after_opposite_breakout_strict__buffer_1__reclaim_3,reclaim_strict,failed_breakdown_reclaim_long,MGC,touch,1,1,False,False,3,-6967.499999996525,1030.0000000034745,734,0.4209809264305177,-9.492506811984368,0.9061508724904962,-0.3767276894386883,-0.6055644732638039,-10267.49999999669,-10267.49999999669,-3.104946524062623,0.0,-249.9999999999909,468.9999999999782,0.3270944741532977,734,False,0,657,609,0,0.0,225,-3890.999999999056,-0.7710154783877926,250,-5674.99999999892,-1.7507561440381498,reclaim,2
allow_reclaim_after_opposite_breakout_strict__buffer_0__reclaim_3,reclaim_strict,failed_breakdown_reclaim_long,MGC,touch,0,1,False,False,3,-6991.49999999654,976.0000000034596,731,0.4213406292749658,-9.564295485631382,0.9053706536010064,-0.3790872812930504,-0.6066752392802666,-10477.49999999665,-10477.49999999665,-3.1156417112284047,0.0,-249.9999999999909,468.9999999999782,0.3257575757575757,731,False,0,674,593,0,0.0,235,-5653.499999998965,-1.0849446347044818,260,-7635.499999998834,-2.2708201608734333,reclaim,3
allow_reclaim_after_opposite_breakout_strict__buffer_2__reclaim_3,reclaim_strict,failed_breakdown_reclaim_long,MGC,touch,2,1,False,False,3,-7554.499999996486,503.00000000351474,738,0.4200542005420054,-10.236449864493885,0.899201430353695,-0.4075336142924485,-0.6576037909621488,-10854.49999999665,-10854.49999999665,-3.3665329768255283,0.0,-249.9999999999909,468.9999999999782,0.3288770053475935,738,False,0,638,628,0,0.0,214,-3219.999999999152,-0.6584496939786785,238,-4566.499999999035,-1.4697297036694124,reclaim,4
allow_reclaim_after_opposite_breakout_strict__buffer_1__reclaim_2,reclaim_strict,failed_breakdown_reclaim_long,MGC,touch,1,1,False,False,2,-7574.999999996443,585.0000000035584,739,0.4194857916102841,-10.25033829498842,0.8992887057103401,-0.4076315864477302,-0.6592512234497951,-10756.999999996337,-10756.999999996337,-3.3756684491962754,0.0,-249.9999999999909,468.9999999999782,0.3293226381461676,739,False,0,657,609,0,0.0,230,-4498.499999998971,-0.8752672312412063,255,-6282.499999998836,-1.8885563081153875,reclaim,5
allow_reclaim_after_opposite_breakout_strict__buffer_0__reclaim_2,reclaim_strict,failed_breakdown_reclaim_long,MGC,touch,0,1,False,False,2,-7828.499999996446,309.0000000035548,737,0.4192672998643147,-10.622116689276046,0.8957395519804386,-0.4221658009313748,-0.6806740446041206,-10966.999999996297,-10966.999999996297,-3.48863636363478,0.0,-249.9999999999909,468.9999999999782,0.3284313725490196,737,False,0,674,593,0,0.0,241,-6490.499999998869,-1.2212354756738322,266,-8472.499999998738,-2.449271546719197,reclaim,6
allow_reclaim_after_opposite_breakout_conservative__buffer_1__require_vwap_true,reclaim_conservative,failed_breakdown_reclaim_long,MGC,touch,1,1,True,True,1,-8070.999999996448,234.0000000035525,748,0.4184491978609626,-10.79010695186691,0.894586987611956,-0.4310086064637606,-0.7050435801200452,-11645.999999996277,-11645.999999996277,-3.5967023172889703,0.0,-249.9999999999909,468.9999999999782,0.3333333333333333,748,False,0,657,609,0,0.0,238,-4757.999999998992,-0.9019248175824244,264,-6778.499999998841,-1.9512989892259172,reclaim,7
allow_reclaim_after_opposite_breakout_strict__buffer_1__reclaim_1,reclaim_strict,failed_breakdown_reclaim_long,MGC,touch,1,1,False,False,1,-8070.999999996448,234.0000000035525,748,0.4184491978609626,-10.79010695186691,0.894586987611956,-0.4310086064637606,-0.7050435801200452,-11645.999999996277,-11645.999999996277,-3.5967023172889703,0.0,-249.9999999999909,468.9999999999782,0.3333333333333333,748,False,0,657,609,0,0.0,238,-4757.999999998992,-0.9019248175824244,264,-6778.499999998841,-1.9512989892259172,reclaim,8
allow_reclaim_after_opposite_breakout_conservative__buffer_0__require_vwap_true,reclaim_conservative,failed_breakdown_reclaim_long,MGC,touch,0,1,True,True,1,-8087.999999996466,167.00000000353384,745,0.4187919463087248,-10.85637583892143,0.8938582677165774,-0.4331177699560707,-0.70552249458623,-11662.99999999629,-11662.99999999629,-3.604278074864735,0.0,-249.9999999999909,468.9999999999782,0.3319964349376114,745,False,0,674,593,0,0.0,249,-6749.9999999988895,-1.2387251166517597,274,-8731.99999999876,-2.430190386422676,reclaim,9
allow_reclaim_after_opposite_breakout_strict__buffer_0__reclaim_1,reclaim_strict,failed_breakdown_reclaim_long,MGC,touch,0,1,False,False,1,-8087.999999996466,167.00000000353384,745,0.4187919463087248,-10.85637583892143,0.8938582677165774,-0.4331177699560707,-0.70552249458623,-11662.99999999629,-11662.99999999629,-3.604278074864735,0.0,-249.9999999999909,468.9999999999782,0.3319964349376114,745,False,0,674,593,0,0.0,249,-6749.9999999988895,-1.2387251166517597,274,-8731.99999999876,-2.430190386422676,reclaim,10
allow_reclaim_after_opposite_breakout_strict__buffer_2__reclaim_2,reclaim_strict,failed_breakdown_reclaim_long,MGC,touch,2,1,False,False,2,-8161.999999996402,58.00000000359887,743,0.4185733512786003,-10.985195154773084,0.8924920969441945,-0.4382279542634366,-0.7114574844904872,-11343.9999999963,-11343.9999999963,-3.637254901959181,0.0,-249.9999999999909,468.9999999999782,0.3311051693404634,743,False,0,638,628,0,0.0,219,-3827.4999999990673,-0.7680050580812764,243,-5173.99999999895,-1.620637157294344,reclaim,11
allow_reclaim_after_opposite_breakout_conservative__buffer_2__require_vwap_true,reclaim_conservative,failed_breakdown_reclaim_long,MGC,touch,2,1,True,True,1,-8657.999999996406,-292.99999999640704,752,0.4175531914893617,-11.513297872335643,0.8879520645007245,-0.4613290335670499,-0.7575182076898573,-12232.999999996233,-12232.999999996233,-3.858288770051875,0.0,-249.9999999999909,468.9999999999782,0.3351158645276292,752,False,0,638,628,0,0.0,227,-4086.999999999089,-0.7982810937267225,252,-5669.999999998956,-1.6976711807102487,reclaim,12
allow_reclaim_after_opposite_breakout_strict__buffer_2__reclaim_1,reclaim_strict,failed_breakdown_reclaim_long,MGC,touch,2,1,False,False,1,-8657.999999996406,-292.99999999640704,752,0.4175531914893617,-11.513297872335643,0.8879520645007245,-0.4613290335670499,-0.7575182076898573,-12232.999999996233,-12232.999999996233,-3.858288770051875,0.0,-249.9999999999909,468.9999999999782,0.3351158645276292,752,False,0,638,628,0,0.0,227,-4086.999999999089,-0.7982810937267225,252,-5669.999999998956,-1.6976711807102487,reclaim,13
allow_reclaim_after_opposite_breakout_conservative__buffer_1__require_vwap_false,reclaim_conservative,failed_breakdown_reclaim_long,MGC,touch,1,1,False,True,1,-11273.99999999602,-1848.99999999602,842,0.4014251781472684,-13.389548693581972,0.8690272888858316,-0.5731692571906828,-0.9473459456116292,-15553.99999999598,-15553.99999999598,-5.024064171121221,0.0,-249.9999999999909,468.9999999999782,0.375222816399287,842,False,0,657,609,0,0.0,318,-7294.4999999987,-1.2016950240701652,358,-9981.499999998414,-2.1263087668649963,reclaim,14
allow_reclaim_after_opposite_breakout_conservative__buffer_2__require_vwap_false,reclaim_conservative,failed_breakdown_reclaim_long,MGC,touch,2,1,False,True,1,-11710.999999996027,-2285.9999999960264,841,0.4007134363852556,-13.925089179543432,0.864005063085387,-0.5964300983878317,-0.9836875041499908,-15990.999999995984,-15990.999999995984,-5.218805704098051,0.0,-249.9999999999909,468.9999999999782,0.374777183600713,841,False,0,638,628,0,0.0,301,-6216.499999998849,-1.0581186186889389,341,-8722.999999998578,-1.9473221393896167,reclaim,15
allow_reclaim_after_opposite_breakout_conservative__buffer_0__require_vwap_false,reclaim_conservative,failed_breakdown_reclaim_long,MGC,touch,0,1,False,True,1,-11894.999999996004,-2469.999999996008,842,0.4002375296912114,-14.127078384793355,0.8621948040664232,-0.6054089114118028,-0.9998790798473142,-16174.999999995964,-16174.999999995964,-5.300802139035653,0.0,-249.9999999999909,468.9999999999782,0.375222816399287,842,False,0,674,593,0,0.0,333,-10125.49999999856,-1.6144793695593385,371,-12538.9999999983,-2.587277177113957,reclaim,16
invalidate_on_opposite_touch__buffer_0,invalidate_for_day,orb_long_only,MGC,touch,0,1,False,False,1,644.0000000022928,5544.000000002292,471,0.4416135881104034,1.367303609346694,1.0133629365260997,0.0415043940875667,0.0602841736795301,-5497.999999999224,-5497.999999999224,0.2869875222826616,0.0,-249.99999999995453,468.9999999999782,0.2098930481283422,471,False,0,674,593,995,0.4434046345811052,0,0.0,0.0,0,0.0,0.0,simple_invalidation,17
invalidate_on_opposite_touch__buffer_1,invalidate_for_day,orb_long_only,MGC,touch,1,1,False,False,1,-1292.4999999976058,3820.000000002394,484,0.4338842975206611,-2.6704545454495987,0.9744438952051871,-0.0822756234578503,-0.1225657987045561,-6101.499999998738,-6101.499999998738,-0.5759803921557958,0.0,-249.99999999995453,468.9999999999782,0.2156862745098039,484,False,0,657,609,989,0.4407308377896613,0,0.0,0.0,0,0.0,0.0,simple_invalidation,18
invalidate_on_opposite_close_1m__buffer_0,invalidate_for_day,orb_long_only,MGC,close_1m,0,1,False,False,1,-2046.499999997543,3266.000000002457,524,0.4351145038167939,-3.905534351140349,0.9624122984241704,-0.1264819040956923,-0.1946979772236802,-6445.999999999183,-6445.999999999183,-0.9119875222805454,0.0,-249.99999999995453,468.9999999999782,0.2335115864527629,524,False,0,620,646,959,0.4273618538324421,0,0.0,0.0,0,0.0,0.0,simple_invalidation,19
invalidate_on_opposite_touch__buffer_2,invalidate_for_day,orb_long_only,MGC,touch,2,1,False,False,1,-2987.9999999974507,2352.000000002549,500,0.432,-5.975999999994901,0.9434562107335256,-0.1882205292822188,-0.2864619341391319,-6518.999999998697,-6518.999999998697,-1.3315508021379014,0.0,-249.99999999995453,468.9999999999782,0.2228163992869875,500,False,0,638,628,980,0.4367201426024955,0,0.0,0.0,0,0.0,0.0,simple_invalidation,20
invalidate_on_opposite_touch__buffer_4,invalidate_for_day,orb_long_only,MGC,touch,4,1,False,False,1,-3086.4999999973934,2581.000000002607,523,0.4302103250478011,-5.9015296367062975,0.9441423180983683,-0.1900483235652923,-0.2950109925439734,-6541.499999998672,-6541.499999998672,-1.3754456327974125,0.0,-249.99999999995453,468.9999999999782,0.2330659536541889,523,False,0,615,651,961,0.42825311942959,0,0.0,0.0,0,0.0,0.0,simple_invalidation,21
invalidate_on_opposite_close_1m__buffer_1,invalidate_for_day,orb_long_only,MGC,close_1m,1,1,False,False,1,-3627.9999999974343,1972.0000000025648,540,0.4296296296296296,-6.718518518513768,0.9363676225555104,-0.220974172392982,-0.3493077374102136,-6994.999999999167,-6994.999999999167,-1.6167557932252383,0.0,-249.99999999995453,468.9999999999782,0.2406417112299465,540,False,0,600,665,949,0.4229055258467023,0,0.0,0.0,0,0.0,0.0,simple_invalidation,22
invalidate_on_opposite_close_5m__buffer_4,invalidate_for_day,orb_long_only,MGC,close_5m,4,1,False,False,1,-4109.9999999971415,2495.000000002858,615,0.4227642276422764,-6.682926829263645,0.9360390924087694,-0.236123877558005,-0.3825429322381954,-7490.999999999277,-7490.999999999277,-1.831550802137764,0.0,-249.99999999995453,468.9999999999782,0.2740641711229946,615,False,0,524,741,876,0.3903743315508021,0,0.0,0.0,0,0.0,0.0,simple_invalidation,23
invalidate_on_opposite_close_1m__buffer_4,invalidate_for_day,orb_long_only,MGC,close_1m,4,1,False,False,1,-4224.499999997263,1978.000000002737,574,0.4285714285714285,-7.359756097556207,0.930438576991834,-0.2498855013579676,-0.4044819059914199,-7558.499999998839,-7558.499999998839,-1.8825757575745377,0.0,-249.99999999995453,468.9999999999782,0.2557932263814617,574,False,0,567,698,920,0.409982174688057,0,0.0,0.0,0,0.0,0.0,simple_invalidation,24
invalidate_on_opposite_close_5m__buffer_1,invalidate_for_day,orb_long_only,MGC,close_5m,1,1,False,False,1,-4891.999999997242,1268.0000000027571,584,0.4195205479452055,-8.376712328762402,0.920632731697466,-0.2882320471467317,-0.4572039581675775,-7990.999999997214,-8204.499999997177,-2.1800356506226573,0.0,-249.99999999995453,468.9999999999782,0.2602495543672014,584,False,0,553,712,909,0.4050802139037433,0,0.0,0.0,0,0.0,0.0,simple_invalidation,25
invalidate_on_opposite_close_5m__buffer_0,invalidate_for_day,orb_long_only,MGC,close_5m,0,1,False,False,1,-4967.999999997297,957.000000002704,569,0.421792618629174,-8.731107205619152,0.9177844157778872,-0.2957276038199439,-0.4739767303387731,-8066.999999997265,-8280.499999997228,-2.213903743314303,0.0,-249.99999999995453,468.9999999999782,0.2535650623885918,569,False,0,568,698,924,0.4117647058823529,0,0.0,0.0,0,0.0,0.0,simple_invalidation,26
invalidate_on_opposite_close_5m__buffer_2,invalidate_for_day,orb_long_only,MGC,close_5m,2,1,False,False,1,-5231.999999997177,1043.000000002823,595,0.4218487394957983,-8.793277310919626,0.9164730956201478,-0.3065078331231092,-0.4908913216492072,-8398.499999997137,-8611.999999997099,-2.33155080213778,0.0,-249.99999999995453,468.9999999999782,0.2651515151515151,595,False,0,540,725,901,0.4015151515151515,0,0.0,0.0,0,0.0,0.0,simple_invalidation,27
invalidate_on_opposite_close_1m__buffer_2,invalidate_for_day,orb_long_only,MGC,close_1m,2,1,False,False,1,-5089.499999997313,758.0000000026876,556,0.4262589928057554,-9.153776978412434,0.9137877004125128,-0.3070059353809211,-0.4880175335086826,-7727.499999999152,-7727.499999999152,-2.268048128341048,0.0,-249.99999999995453,468.9999999999782,0.2477718360071301,556,False,0,585,680,936,0.4171122994652406,0,0.0,0.0,0,0.0,0.0,simple_invalidation,28
invalidate_on_opposite_n_closes_1m__buffer_0__confirm_2,invalidate_for_day,orb_long_only,MGC,n_closes_1m,0,2,False,False,1,-5216.999999997253,833.0000000027462,578,0.4204152249134948,-9.025951557088671,0.9151431359792216,-0.3079689529414814,-0.4937486177633226,-8357.499999997191,-8570.999999997155,-2.3248663101592046,0.0,-249.99999999995453,468.9999999999782,0.2575757575757575,578,False,0,556,703,908,0.4046345811051693,0,0.0,0.0,0,0.0,0.0,simple_invalidation,29
invalidate_on_opposite_n_closes_1m__buffer_0__confirm_5,invalidate_for_day,orb_long_only,MGC,n_closes_1m,0,5,False,False,1,-5435.499999997123,1257.0000000028767,634,0.4242902208201893,-8.573343848575904,0.9180938029761186,-0.3092977548955382,-0.5077063299914398,-9546.499999997151,-9759.999999997117,-2.4222370766475594,0.0,-249.99999999995453,468.9999999999782,0.2825311942959002,634,False,0,480,769,830,0.3698752228163993,0,0.0,0.0,0,0.0,0.0,simple_invalidation,30
invalidate_on_opposite_n_closes_1m__buffer_2__confirm_3,invalidate_for_day,orb_long_only,MGC,n_closes_1m,2,3,False,False,1,-5413.999999997193,1036.0000000028067,609,0.425287356321839,-8.889983579634144,0.9158480477493566,-0.3128238732256162,-0.5140588880170325,-8644.499999997119,-8857.999999997082,-2.4126559714782494,0.0,-249.99999999995453,468.9999999999782,0.2713903743315508,609,False,0,515,739,868,0.3868092691622103,0,0.0,0.0,0,0.0,0.0,simple_invalidation,31
invalidate_on_opposite_n_closes_1m__buffer_2__confirm_2,invalidate_for_day,orb_long_only,MGC,n_closes_1m,2,2,False,False,1,-5725.999999997202,549.0000000027976,593,0.4215851602023608,-9.655986509270155,0.9090504780965498,-0.3348730355898791,-0.5416666792521172,-8866.499999997137,-9079.9999999971,-2.5516934046333346,0.0,-249.99999999995453,468.9999999999782,0.2642602495543672,593,False,0,539,720,892,0.3975044563279857,0,0.0,0.0,0,0.0,0.0,simple_invalidation,32
invalidate_on_opposite_n_closes_1m__buffer_1__confirm_2,invalidate_for_day,orb_long_only,MGC,n_closes_1m,1,2,False,False,1,-5733.499999997192,434.000000002809,586,0.4197952218430034,-9.784129692827973,0.9082287598438216,-0.3365688563727103,-0.5436777443796462,-8873.99999999713,-9087.499999997091,-2.555035650622634,0.0,-249.99999999995453,468.9999999999782,0.2611408199643494,586,False,0,546,713,900,0.4010695187165775,0,0.0,0.0,0,0.0,0.0,simple_invalidation,33
invalidate_on_opposite_n_closes_1m__buffer_2__confirm_5,invalidate_for_day,orb_long_only,MGC,n_closes_1m,2,5,False,False,1,-6148.999999997005,836.0000000029936,651,0.4208909370199692,-9.44546850998004,0.9100405249221358,-0.3456750277358361,-0.5687135297724684,-10259.999999997037,-10473.499999997,-2.740196078430038,0.0,-249.99999999995453,468.9999999999782,0.2901069518716577,651,False,0,466,783,807,0.3596256684491978,0,0.0,0.0,0,0.0,0.0,simple_invalidation,34
invalidate_on_opposite_n_closes_1m__buffer_1__confirm_3,invalidate_for_day,orb_long_only,MGC,n_closes_1m,1,3,False,False,1,-6205.499999997141,167.00000000285854,603,0.4212271973466003,-10.291044776114662,0.9031918378808852,-0.3606191831611689,-0.5887676357540376,-9368.499999997077,-9581.99999999704,-2.765374331549528,0.0,-249.99999999995453,468.9999999999782,0.2687165775401069,603,False,0,521,734,877,0.3908199643493761,0,0.0,0.0,0,0.0,0.0,simple_invalidation,35
invalidate_on_opposite_n_closes_1m__buffer_0__confirm_3,invalidate_for_day,orb_long_only,MGC,n_closes_1m,0,3,False,False,1,-6219.999999997175,20.000000002823526,595,0.4201680672268907,-10.453781512600294,0.9017718960235396,-0.3639593898866489,-0.5894214265316704,-9382.999999997111,-9596.499999997077,-2.7718360071288664,0.0,-249.99999999995453,468.9999999999782,0.2651515151515151,595,False,0,529,726,888,0.3957219251336898,0,0.0,0.0,0,0.0,0.0,simple_invalidation,36
invalidate_on_opposite_n_closes_1m__buffer_1__confirm_5,invalidate_for_day,orb_long_only,MGC,n_closes_1m,1,5,False,False,1,-6555.499999997073,332.00000000292675,642,0.4205607476635514,-10.211059190026594,0.9032819657861548,-0.370880889085215,-0.6127955874394482,-10666.4999999971,-10879.999999997064,-2.921345811050389,0.0,-249.99999999995453,468.9999999999782,0.2860962566844919,642,False,0,473,776,822,0.3663101604278075,0,0.0,0.0,0,0.0,0.0,simple_invalidation,37
baseline_no_opposite_invalidation,baseline,orb_long_only,MNQ,none,0,1,False,False,1,15540.5,20458.0,1117,0.4628469113697404,13.912712623097583,1.1532518120408264,0.709918616841008,1.7692954435735704,-2430.5,-2430.5,7.251749883341111,0.0,-250.0,489.0,0.5212319178721418,1117,True,0,843,903,0,0.0,396,-2305.5,-0.3084597141527213,0,0.0,0.0,baseline,1
allow_reclaim_after_opposite_breakout_conservative__buffer_2__require_vwap_false,reclaim_conservative,failed_breakdown_reclaim_long,MNQ,touch,2,1,False,True,1,15428.5,20326.0,1115,0.4627802690582959,13.837219730941705,1.1524721066519088,0.7057586628147672,1.755813398890088,-2755.0,-2755.0,7.199486700886608,0.0,-250.0,489.0,0.5202986467568829,1115,False,0,840,906,0,0.0,391,-2188.5,-0.295108333818408,430,-3020.0,-0.5455604743882281,reclaim,2
allow_reclaim_after_opposite_breakout_conservative__buffer_0__require_vwap_false,reclaim_conservative,failed_breakdown_reclaim_long,MNQ,touch,0,1,False,True,1,15428.5,20326.0,1115,0.4627802690582959,13.837219730941705,1.1524721066519088,0.7057586628147672,1.755813398890088,-2755.0,-2755.0,7.199486700886608,0.0,-250.0,489.0,0.5202986467568829,1115,False,0,843,903,0,0.0,394,-2417.5,-0.3249548073334072,433,-3249.0,-0.5841764775989731,reclaim,3
allow_reclaim_after_opposite_breakout_conservative__buffer_1__require_vwap_false,reclaim_conservative,failed_breakdown_reclaim_long,MNQ,touch,1,1,False,True,1,15428.5,20326.0,1115,0.4627802690582959,13.837219730941705,1.1524721066519088,0.7057586628147672,1.755813398890088,-2755.0,-2755.0,7.199486700886608,0.0,-250.0,489.0,0.5202986467568829,1115,False,0,841,905,0,0.0,392,-2221.5,-0.2993716987252163,431,-3053.0,-0.5508713830196155,reclaim,4
allow_reclaim_after_opposite_breakout_strict__buffer_0__reclaim_3,reclaim_strict,failed_breakdown_reclaim_long,MNQ,touch,0,1,False,False,3,14574.0,19291.5,1073,0.4603914259086673,13.582479030754891,1.1492641260152194,0.6783900369453022,1.6452098607103531,-2735.5,-2735.5,6.800746616892207,0.0,-250.0,489.0,0.5006999533364442,1073,False,0,843,903,0,0.0,358,-3762.0,-0.5351977369997339,391,-4103.5,-0.8223843615586207,reclaim,5
allow_reclaim_after_opposite_breakout_strict__buffer_0__reclaim_2,reclaim_strict,failed_breakdown_reclaim_long,MNQ,touch,0,1,False,False,2,14413.5,19133.5,1074,0.4599627560521415,13.420391061452516,1.1473780540800311,0.6707465102926522,1.6284767317574096,-2735.5,-2735.5,6.725851609892674,0.0,-250.0,489.0,0.5011665888940737,1074,False,0,843,903,0,0.0,359,-3922.5,-0.5575727096428551,392,-4264.0,-0.8528633232559301,reclaim,6
allow_reclaim_after_opposite_breakout_strict__buffer_1__reclaim_3,reclaim_strict,failed_breakdown_reclaim_long,MNQ,touch,1,1,False,False,3,14360.0,19087.5,1074,0.4599627560521415,13.370577281191808,1.1467507383524267,0.6681291638335745,1.6218128404440202,-2735.5,-2735.5,6.700886607559496,0.0,-250.0,489.0,0.5011665888940737,1074,False,0,841,905,0,0.0,357,-3780.0,-0.5384071146957038,390,-4121.5,-0.8270710146695103,reclaim,7
allow_reclaim_after_opposite_breakout_strict__buffer_2__reclaim_3,reclaim_strict,failed_breakdown_reclaim_long,MNQ,touch,2,1,False,False,3,14327.0,19062.0,1075,0.4595348837209302,13.327441860465116,1.1463641378746705,0.6665843774730128,1.6134457570856189,-2735.5,-2735.5,6.685487634157723,0.0,-250.0,489.0,0.5016332244517032,1075,False,0,840,906,0,0.0,357,-3780.0,-0.5387278686735771,390,-4121.5,-0.8270710146695103,reclaim,8
allow_reclaim_after_opposite_breakout_conservative__buffer_0__require_vwap_true,reclaim_conservative,failed_breakdown_reclaim_long,MNQ,touch,0,1,True,True,1,14287.0,19009.5,1075,0.4595348837209302,13.290232558139534,1.145895880562874,0.6647513948043146,1.6149818741123905,-2735.5,-2735.5,6.666822211852543,0.0,-250.0,489.0,0.5016332244517032,1075,False,0,843,903,0,0.0,360,-4049.0,-0.5752665518575719,393,-4390.5,-0.8766835590499484,reclaim,9
allow_reclaim_after_opposite_breakout_strict__buffer_0__reclaim_1,reclaim_strict,failed_breakdown_reclaim_long,MNQ,touch,0,1,False,False,1,14287.0,19009.5,1075,0.4595348837209302,13.290232558139534,1.145895880562874,0.6647513948043146,1.6149818741123905,-2735.5,-2735.5,6.666822211852543,0.0,-250.0,489.0,0.5016332244517032,1075,False,0,843,903,0,0.0,360,-4049.0,-0.5752665518575719,393,-4390.5,-0.8766835590499484,reclaim,10
allow_reclaim_after_opposite_breakout_strict__buffer_1__reclaim_2,reclaim_strict,failed_breakdown_reclaim_long,MNQ,touch,1,1,False,False,2,14199.5,18929.5,1075,0.4595348837209302,13.208837209302326,1.1448729001617124,0.6604919714115991,1.6050484432762993,-2735.5,-2735.5,6.625991600559963,0.0,-250.0,489.0,0.5016332244517032,1075,False,0,841,905,0,0.0,358,-3940.5,-0.5608071487311224,391,-4282.0,-0.8575804227117664,reclaim,11
allow_reclaim_after_opposite_breakout_strict__buffer_2__reclaim_2,reclaim_strict,failed_breakdown_reclaim_long,MNQ,touch,2,1,False,False,2,14166.5,18904.0,1076,0.4591078066914498,13.16589219330855,1.144487564573952,0.6589477215195364,1.596725435786357,-2735.5,-2735.5,6.61059262715819,0.0,-250.0,489.0,0.5020998600093327,1076,False,0,840,906,0,0.0,358,-3940.5,-0.5611412800793211,391,-4282.0,-0.8575804227117664,reclaim,12
allow_reclaim_after_opposite_breakout_conservative__buffer_1__require_vwap_true,reclaim_conservative,failed_breakdown_reclaim_long,MNQ,touch,1,1,True,True,1,14073.0,18805.5,1076,0.4591078066914498,13.07899628252788,1.1433971876910536,0.654501409125377,1.5915312945900748,-2735.5,-2735.5,6.566962202519832,0.0,-250.0,489.0,0.5020998600093327,1076,False,0,841,905,0,0.0,359,-4067.0,-0.5785212081817022,392,-4408.5,-0.8814232199200559,reclaim,13
allow_reclaim_after_opposite_breakout_strict__buffer_1__reclaim_1,reclaim_strict,failed_breakdown_reclaim_long,MNQ,touch,1,1,False,False,1,14073.0,18805.5,1076,0.4591078066914498,13.07899628252788,1.1433971876910536,0.654501409125377,1.5915312945900748,-2735.5,-2735.5,6.566962202519832,0.0,-250.0,489.0,0.5020998600093327,1076,False,0,841,905,0,0.0,359,-4067.0,-0.5785212081817022,392,-4408.5,-0.8814232199200559,reclaim,14
allow_reclaim_after_opposite_breakout_conservative__buffer_2__require_vwap_true,reclaim_conservative,failed_breakdown_reclaim_long,MNQ,touch,2,1,True,True,1,14040.0,18780.0,1077,0.4586815227483751,13.036211699164346,1.1430128446721604,0.6529575191800694,1.5832536582089278,-2735.5,-2735.5,6.5515632291180586,0.0,-250.0,489.0,0.5025664955669622,1077,False,0,840,906,0,0.0,359,-4067.0,-0.5788659212392215,392,-4408.5,-0.8814232199200559,reclaim,15
allow_reclaim_after_opposite_breakout_strict__buffer_2__reclaim_1,reclaim_strict,failed_breakdown_reclaim_long,MNQ,touch,2,1,False,False,1,14040.0,18780.0,1077,0.4586815227483751,13.036211699164346,1.1430128446721604,0.6529575191800694,1.5832536582089278,-2735.5,-2735.5,6.5515632291180586,0.0,-250.0,489.0,0.5025664955669622,1077,False,0,840,906,0,0.0,359,-4067.0,-0.5788659212392215,392,-4408.5,-0.8814232199200559,reclaim,16
invalidate_on_opposite_touch__buffer_0,invalidate_for_day,orb_long_only,MNQ,touch,0,1,False,False,1,18677.5,21520.0,682,0.4765395894428152,27.38636363636364,1.297910519180158,1.0373809512727363,2.446474547410378,-2442.0,-2442.0,8.715585627624826,0.0,-250.0,489.0,0.3182454503033131,682,False,0,843,903,1318,0.6150256649556696,0,0.0,0.0,0,0.0,0.0,simple_invalidation,17
invalidate_on_opposite_n_closes_1m__buffer_2__confirm_2,invalidate_for_day,orb_long_only,MNQ,n_closes_1m,2,2,False,False,1,19712.5,23042.5,789,0.476552598225602,24.98415716096325,1.271445390764316,1.0271317498870538,2.58828456461657,-2523.5,-2523.5,9.198553429771348,0.0,-250.0,489.0,0.3681754549696687,789,True,0,728,1018,1208,0.5636957536164255,0,0.0,0.0,0,0.0,0.0,simple_invalidation,18
invalidate_on_opposite_touch__buffer_1,invalidate_for_day,orb_long_only,MNQ,touch,1,1,False,False,1,18481.5,21344.0,684,0.4766081871345029,27.019736842105264,1.293781493903893,1.0258286794004654,2.422631392754954,-2442.0,-2442.0,8.624125058329446,0.0,-250.0,489.0,0.3191787214185721,684,False,0,841,905,1317,0.6145590293980401,0,0.0,0.0,0,0.0,0.0,simple_invalidation,19
invalidate_on_opposite_touch__buffer_2,invalidate_for_day,orb_long_only,MNQ,touch,2,1,False,False,1,18448.5,21318.5,685,0.4759124087591241,26.932116788321167,1.2931031743509898,1.0239747553275294,2.4004490018412947,-2442.0,-2442.0,8.608726084927671,0.0,-250.0,489.0,0.3196453569762016,685,False,0,840,906,1315,0.6136257582827811,0,0.0,0.0,0,0.0,0.0,simple_invalidation,20
invalidate_on_opposite_n_closes_1m__buffer_1__confirm_2,invalidate_for_day,orb_long_only,MNQ,n_closes_1m,1,2,False,False,1,19503.0,22825.5,787,0.4764930114358323,24.781448538754766,1.2691108290098243,1.0179372491677785,2.5584038488693084,-2523.5,-2523.5,9.10079328044797,0.0,-250.0,489.0,0.3672421838544097,787,True,0,730,1016,1213,0.566028931404573,0,0.0,0.0,0,0.0,0.0,simple_invalidation,21
invalidate_on_opposite_n_closes_1m__buffer_0__confirm_2,invalidate_for_day,orb_long_only,MNQ,n_closes_1m,0,2,False,False,1,19378.5,22671.0,784,0.4770408163265306,24.71747448979592,1.2685769723848792,1.0145166952264728,2.551577635100292,-2523.5,-2523.5,9.0426971535231,0.0,-250.0,489.0,0.3658422771815212,784,True,0,734,1012,1216,0.5674288380774615,0,0.0,0.0,0,0.0,0.0,simple_invalidation,22
invalidate_on_opposite_touch__buffer_4,invalidate_for_day,orb_long_only,MNQ,touch,4,1,False,False,1,18209.5,21084.5,686,0.4752186588921283,26.544460641399414,1.288211645906206,1.0098997676745505,2.368537336436222,-2442.0,-2442.0,8.497200186654222,0.0,-250.0,489.0,0.3201119925338311,686,False,0,839,907,1315,0.6136257582827811,0,0.0,0.0,0,0.0,0.0,simple_invalidation,23
invalidate_on_opposite_n_closes_1m__buffer_1__confirm_3,invalidate_for_day,orb_long_only,MNQ,n_closes_1m,1,3,False,False,1,18155.5,21563.0,813,0.4710947109471095,22.33148831488315,1.240591290980891,0.9361765875363204,2.354648843460268,-2523.5,-2523.5,8.47200186654223,0.0,-250.0,489.0,0.3793747083527765,813,True,0,700,1045,1179,0.5501633224451703,0,0.0,0.0,0,0.0,0.0,simple_invalidation,24
invalidate_on_opposite_n_closes_1m__buffer_2__confirm_3,invalidate_for_day,orb_long_only,MNQ,n_closes_1m,2,3,False,False,1,17901.5,21329.0,815,0.4699386503067485,21.965030674846627,1.236429552538433,0.9225681653833268,2.3129927344464822,-2523.5,-2523.5,8.353476434904339,0.0,-250.0,489.0,0.3803079794680354,815,True,0,699,1046,1177,0.5492300513299113,0,0.0,0.0,0,0.0,0.0,simple_invalidation,25
invalidate_on_opposite_close_1m__buffer_0,invalidate_for_day,orb_long_only,MNQ,close_1m,0,1,False,False,1,17029.5,20084.5,730,0.4698630136986301,23.328082191780823,1.250983773267896,0.9213489859603808,2.2260367354345227,-2624.5,-2624.5,7.946570228651423,0.0,-250.0,489.0,0.3406439570695287,730,True,0,784,962,1270,0.592627158189454,0,0.0,0.0,0,0.0,0.0,simple_invalidation,26
invalidate_on_opposite_close_5m__buffer_1,invalidate_for_day,orb_long_only,MNQ,close_5m,1,1,False,False,1,17565.0,20897.5,800,0.47125,21.95625,1.236910253297726,0.9153703525239046,2.276613468902509,-2487.0,-2487.0,8.196453569762015,0.0,-250.0,489.0,0.3733084461035931,800,True,0,710,1036,1198,0.5590293980401306,0,0.0,0.0,0,0.0,0.0,simple_invalidation,27
invalidate_on_opposite_close_5m__buffer_0,invalidate_for_day,orb_long_only,MNQ,close_5m,0,1,False,False,1,17487.5,20817.5,799,0.4705882352941176,21.88673341677096,1.235864961830002,0.9113814420992212,2.2665686329309773,-2487.0,-2487.0,8.16028931404573,0.0,-250.0,489.0,0.3728418105459636,799,True,0,711,1035,1200,0.5599626691553896,0,0.0,0.0,0,0.0,0.0,simple_invalidation,28
invalidate_on_opposite_close_1m__buffer_1,invalidate_for_day,orb_long_only,MNQ,close_1m,1,1,False,False,1,16735.5,19800.5,732,0.4685792349726776,22.862704918032787,1.2455866167730574,0.904903710054684,2.1918283870835693,-2624.5,-2624.5,7.809379374708353,0.0,-250.0,489.0,0.3415772281847877,732,True,0,782,964,1269,0.5921605226318245,0,0.0,0.0,0,0.0,0.0,simple_invalidation,29
invalidate_on_opposite_n_closes_1m__buffer_0__confirm_3,invalidate_for_day,orb_long_only,MNQ,n_closes_1m,0,3,False,False,1,17450.5,20845.5,811,0.469790382244143,21.517262638717632,1.2312488404760011,0.9024141549491332,2.2632149840435907,-2523.5,-2523.5,8.14302379841344,0.0,-250.0,489.0,0.3784414372375175,811,True,0,703,1043,1182,0.5515632291180588,0,0.0,0.0,0,0.0,0.0,simple_invalidation,30
invalidate_on_opposite_close_1m__buffer_4,invalidate_for_day,orb_long_only,MNQ,close_1m,4,1,False,False,1,16600.5,19718.0,740,0.4689189189189189,22.433108108108108,1.2404858827449332,0.8929871935653348,2.1769491030938912,-2624.5,-2624.5,7.746383574428371,0.0,-250.0,489.0,0.3453103126458236,740,False,0,776,970,1259,0.5874941670555296,0,0.0,0.0,0,0.0,0.0,simple_invalidation,31
invalidate_on_opposite_close_1m__buffer_2,invalidate_for_day,orb_long_only,MNQ,close_1m,2,1,False,False,1,16298.5,19378.5,734,0.4673024523160763,22.205040871934607,1.2376498206526494,0.8801567103061965,2.1368508380001763,-2624.5,-2624.5,7.605459636024265,0.0,-250.0,489.0,0.3425104993000467,734,False,0,782,964,1266,0.590760615958936,0,0.0,0.0,0,0.0,0.0,simple_invalidation,32
invalidate_on_opposite_close_5m__buffer_2,invalidate_for_day,orb_long_only,MNQ,close_5m,2,1,False,False,1,16882.0,20234.5,803,0.4694894146948941,21.02366127023661,1.2256197794854662,0.8780852196462972,2.188950313904696,-2487.0,-2487.0,7.877741483901073,0.0,-250.0,489.0,0.3747083527764815,803,False,0,709,1037,1196,0.5580961269248716,0,0.0,0.0,0,0.0,0.0,simple_invalidation,33
invalidate_on_opposite_close_5m__buffer_4,invalidate_for_day,orb_long_only,MNQ,close_5m,4,1,False,False,1,16137.5,19545.0,809,0.4672435105067985,19.94746600741656,1.2130799041388007,0.8371310628061883,2.0837943364846727,-2487.0,-2487.0,7.530331311245917,0.0,-250.0,489.0,0.3775081661222585,809,False,0,704,1042,1192,0.5562295846943537,0,0.0,0.0,0,0.0,0.0,simple_invalidation,34
invalidate_on_opposite_n_closes_1m__buffer_2__confirm_5,invalidate_for_day,orb_long_only,MNQ,n_closes_1m,2,5,False,False,1,16107.0,19747.0,860,0.4674418604651162,18.72906976744186,1.2008429242989138,0.8156940218967416,2.092818363328393,-2487.0,-2487.0,7.516098926738217,0.0,-250.0,489.0,0.4013065795613625,860,True,0,647,1097,1132,0.5282314512365842,0,0.0,0.0,0,0.0,0.0,simple_invalidation,35
invalidate_on_opposite_n_closes_1m__buffer_1__confirm_5,invalidate_for_day,orb_long_only,MNQ,n_closes_1m,1,5,False,False,1,15860.0,19455.0,857,0.4667444574095682,18.506417736289382,1.1982884183810614,0.8047751585642721,2.0594213089409057,-2487.0,-2487.0,7.400839944003733,0.0,-250.0,489.0,0.3999066728884741,857,False,0,650,1094,1136,0.5300979934671022,0,0.0,0.0,0,0.0,0.0,simple_invalidation,36
invalidate_on_opposite_n_closes_1m__buffer_0__confirm_5,invalidate_for_day,orb_long_only,MNQ,n_closes_1m,0,5,False,False,1,15743.0,19335.5,856,0.4661214953271028,18.39135514018692,1.1968256349667747,0.7989429428658094,2.0442288566618334,-2487.0,-2487.0,7.346243583761082,0.0,-250.0,489.0,0.3994400373308446,856,False,0,652,1093,1140,0.5319645356976201,0,0.0,0.0,0,0.0,0.0,simple_invalidation,37
