trade_id,session_date,direction,quantity,entry_time,entry_price,stop_price,target_price,exit_time,exit_price,exit_reason,account_size_usd,risk_per_trade_pct,risk_budget_usd,risk_per_contract_usd,actual_risk_usd,trade_risk_usd,notional_usd,leverage_used,pnl_points,pnl_ticks,pnl_usd,fees,net_pnl_usd,meta_risk_variant,meta_risk_multiplier
1,2019-05-08,long,1,2019-05-08 09:49:00-04:00,7654.25,7600.25,7924.25,2019-05-08 16:00:00-04:00,7635.0,time_exit,50000.0,0.25,125.0,111.0,111.0,111.0,15308.5,0.30617,-19.25,-77.0,-38.5,2.5,-41.0,skip_day_after_3_losses,1.0
2,2019-05-09,long,1,2019-05-09 12:32:00-04:00,7568.5,7527.5,7773.5,2019-05-09 16:00:00-04:00,7592.25,time_exit,50000.0,0.25,125.0,85.0,85.0,85.0,15137.0,0.30274,23.75,95.0,47.5,2.5,45.0,skip_day_after_3_losses,1.0
3,2019-05-10,long,1,2019-05-10 09:47:00-04:00,7584.0,7553.5,7736.5,2019-05-10 09:56:00-04:00,7553.25,stop,50000.0,0.25,125.0,64.0,64.0,64.0,15168.0,0.30336,-30.75,-123.0,-61.5,2.5,-64.0,skip_day_after_3_losses,1.0
4,2019-05-15,long,1,2019-05-15 09:48:00-04:00,7407.75,7362.5,7634.0,2019-05-15 16:00:00-04:00,7514.25,time_exit,50000.0,0.25,125.0,93.5,93.5,93.5,14815.5,0.29631,106.5,426.0,213.0,2.5,210.5,skip_day_after_3_losses,1.0
5,2019-05-20,long,1,2019-05-20 10:26:00-04:00,7418.5,7361.0,7706.0,2019-05-20 16:00:00-04:00,7392.0,time_exit,50000.0,0.25,125.0,118.0,118.0,118.0,14837.0,0.29674,-26.5,-106.0,-53.0,2.5,-55.5,skip_day_after_3_losses,1.0
6,2019-05-22,long,1,2019-05-22 10:19:00-04:00,7449.75,7419.75,7599.75,2019-05-22 13:10:00-04:00,7419.5,stop,50000.0,0.25,125.0,63.0,63.0,63.0,14899.5,0.29799,-30.25,-121.0,-60.5,2.5,-63.0,skip_day_after_3_losses,1.0
7,2019-06-19,long,1,2019-06-19 14:05:00-04:00,7698.25,7638.25,7998.25,2019-06-19 16:00:00-04:00,7699.0,time_exit,50000.0,0.25,125.0,123.0,123.0,123.0,15396.5,0.30793,0.75,3.0,1.5,2.5,-1.0,skip_day_after_3_losses,1.0
8,2019-08-06,long,1,2019-08-06 10:04:00-04:00,7530.5,7489.25,7736.75,2019-08-06 10:14:00-04:00,7489.0,stop,50000.0,0.25,125.0,85.5,85.5,85.5,15061.0,0.30122,-41.5,-166.0,-83.0,2.5,-85.5,skip_day_after_3_losses,1.0
9,2019-08-07,long,1,2019-08-07 10:11:00-04:00,7465.75,7417.0,7709.5,2019-08-07 16:00:00-04:00,7566.0,time_exit,50000.0,0.25,125.0,100.5,100.5,100.5,14931.5,0.29863,100.25,401.0,200.5,2.5,198.0,skip_day_after_3_losses,1.0
10,2019-08-08,long,1,2019-08-08 09:57:00-04:00,7620.75,7583.0,7809.5,2019-08-08 16:00:00-04:00,7736.25,time_exit,50000.0,0.25,125.0,78.5,78.5,78.5,15241.5,0.30483,115.5,462.0,231.0,2.5,228.5,skip_day_after_3_losses,1.0
11,2019-08-16,long,1,2019-08-16 10:23:00-04:00,7590.75,7555.5,7767.0,2019-08-16 16:00:00-04:00,7604.25,time_exit,50000.0,0.25,125.0,73.5,73.5,73.5,15181.5,0.30363,13.5,54.0,27.0,2.5,24.5,skip_day_after_3_losses,1.0
12,2019-08-23,long,2,2019-08-23 10:03:00-04:00,7684.5,7655.75,7828.25,2019-08-23 10:10:00-04:00,7655.5,stop,50000.0,0.25,125.0,60.5,121.0,121.0,30738.0,0.61476,-29.0,-116.0,-116.0,5.0,-121.0,skip_day_after_3_losses,1.0
13,2019-09-03,long,1,2019-09-03 09:52:00-04:00,7670.5,7627.0,7888.0,2019-09-03 10:04:00-04:00,7626.75,stop,50000.0,0.25,125.0,90.0,90.0,90.0,15341.0,0.30682,-43.75,-175.0,-87.5,2.5,-90.0,skip_day_after_3_losses,1.0
14,2019-09-12,long,1,2019-09-12 10:12:00-04:00,7971.75,7924.0,8210.5,2019-09-12 10:51:00-04:00,7923.75,stop,50000.0,0.25,125.0,98.5,98.5,98.5,15943.5,0.31887,-48.0,-192.0,-96.0,2.5,-98.5,skip_day_after_3_losses,1.0
15,2019-09-25,long,1,2019-09-25 10:57:00-04:00,7744.0,7713.75,7895.25,2019-09-25 16:00:00-04:00,7823.75,time_exit,50000.0,0.25,125.0,63.5,63.5,63.5,15488.0,0.30976,79.75,319.0,159.5,2.5,157.0,skip_day_after_3_losses,1.0
16,2019-10-03,long,1,2019-10-03 11:07:00-04:00,7588.75,7548.5,7790.0,2019-10-03 16:00:00-04:00,7655.75,time_exit,50000.0,0.25,125.0,83.5,83.5,83.5,15177.5,0.30355,67.0,268.0,134.0,2.5,131.5,skip_day_after_3_losses,1.0
17,2019-10-10,long,1,2019-10-10 09:51:00-04:00,7739.75,7690.0,7988.5,2019-10-10 16:00:00-04:00,7757.75,time_exit,50000.0,0.25,125.0,102.5,102.5,102.5,15479.5,0.30959,18.0,72.0,36.0,2.5,33.5,skip_day_after_3_losses,1.0
18,2019-10-11,long,1,2019-10-11 12:46:00-04:00,7881.25,7842.25,8076.25,2019-10-11 16:00:00-04:00,7842.0,stop,50000.0,0.25,125.0,81.0,81.0,81.0,15762.5,0.31525,-39.25,-157.0,-78.5,2.5,-81.0,skip_day_after_3_losses,1.0
19,2019-12-13,long,1,2019-12-13 10:02:00-05:00,8493.25,8439.5,8762.0,2019-12-13 16:00:00-05:00,8490.75,time_exit,50000.0,0.25,125.0,110.5,110.5,110.5,16986.5,0.33973,-2.5,-10.0,-5.0,2.5,-7.5,skip_day_after_3_losses,1.0
20,2020-01-08,long,1,2020-01-08 11:35:00-05:00,8889.75,8847.5,9101.0,2020-01-08 16:00:00-05:00,8933.75,time_exit,50000.0,0.25,125.0,87.5,87.5,87.5,17779.5,0.35559,44.0,176.0,88.0,2.5,85.5,skip_day_after_3_losses,1.0
21,2020-02-04,long,1,2020-02-04 09:50:00-05:00,9272.25,9226.5,9501.0,2020-02-04 16:00:00-05:00,9340.0,time_exit,50000.0,0.25,125.0,94.5,94.5,94.5,18544.5,0.37089,67.75,271.0,135.5,2.5,133.0,skip_day_after_3_losses,1.0
22,2020-03-16,long,4,2020-03-16 10:36:00-04:00,7394.25,7380.75,7461.75,2020-03-16 10:36:00-04:00,7380.5,stop,50000.0,0.25,125.0,30.0,120.0,120.0,59154.0,1.18308,-13.75,-55.0,-110.0,10.0,-120.0,skip_day_after_3_losses,1.0
23,2020-03-31,long,1,2020-03-31 10:07:00-04:00,7876.25,7817.75,8168.75,2020-03-31 12:39:00-04:00,7817.5,stop,50000.0,0.25,125.0,120.0,120.0,120.0,15752.5,0.31505,-58.75,-235.0,-117.5,2.5,-120.0,skip_day_after_3_losses,1.0
24,2020-04-08,long,1,2020-04-08 11:21:00-04:00,8157.25,8100.25,8442.25,2020-04-08 16:00:00-04:00,8205.25,time_exit,50000.0,0.25,125.0,117.0,117.0,117.0,16314.5,0.32629,48.0,192.0,96.0,2.5,93.5,skip_day_after_3_losses,1.0
25,2020-04-16,long,1,2020-04-16 10:50:00-04:00,8700.0,8646.0,8970.0,2020-04-16 12:31:00-04:00,8645.75,stop,50000.0,0.25,125.0,111.0,111.0,111.0,17400.0,0.348,-54.25,-217.0,-108.5,2.5,-111.0,skip_day_after_3_losses,1.0
26,2020-04-22,long,1,2020-04-22 10:41:00-04:00,8598.75,8541.0,8887.5,2020-04-22 16:00:00-04:00,8641.25,time_exit,50000.0,0.25,125.0,118.5,118.5,118.5,17197.5,0.34395,42.5,170.0,85.0,2.5,82.5,skip_day_after_3_losses,1.0
27,2020-04-27,long,1,2020-04-27 09:58:00-04:00,8860.5,8819.0,9068.0,2020-04-27 10:59:00-04:00,8818.75,stop,50000.0,0.25,125.0,86.0,86.0,86.0,17721.0,0.35442,-41.75,-167.0,-83.5,2.5,-86.0,skip_day_after_3_losses,1.0
28,2020-05-04,long,1,2020-05-04 09:51:00-04:00,8692.75,8650.0,8906.5,2020-05-04 16:00:00-04:00,8813.25,time_exit,50000.0,0.25,125.0,88.5,88.5,88.5,17385.5,0.34771,120.5,482.0,241.0,2.5,238.5,skip_day_after_3_losses,1.0
29,2020-05-05,long,1,2020-05-05 09:49:00-04:00,8944.0,8894.5,9191.5,2020-05-05 15:37:00-04:00,8894.25,stop,50000.0,0.25,125.0,102.0,102.0,102.0,17888.0,0.35776,-49.75,-199.0,-99.5,2.5,-102.0,skip_day_after_3_losses,1.0
30,2020-05-18,long,1,2020-05-18 09:46:00-04:00,9291.5,9245.5,9521.5,2020-05-18 09:54:00-04:00,9245.25,stop,50000.0,0.25,125.0,95.0,95.0,95.0,18583.0,0.37166,-46.25,-185.0,-92.5,2.5,-95.0,skip_day_after_3_losses,1.0
31,2020-05-19,long,1,2020-05-19 09:57:00-04:00,9373.5,9313.0,9676.0,2020-05-19 15:51:00-04:00,9312.75,stop,50000.0,0.25,125.0,124.0,124.0,124.0,18747.0,0.37494,-60.75,-243.0,-121.5,2.5,-124.0,skip_day_after_3_losses,1.0
32,2020-05-20,long,1,2020-05-20 09:47:00-04:00,9442.75,9401.25,9650.25,2020-05-20 16:00:00-04:00,9483.0,time_exit,50000.0,0.25,125.0,86.0,86.0,86.0,18885.5,0.37771,40.25,161.0,80.5,2.5,78.0,skip_day_after_3_losses,1.0
33,2020-05-22,long,1,2020-05-22 09:54:00-04:00,9376.25,9319.0,9662.5,2020-05-22 16:00:00-04:00,9408.75,time_exit,50000.0,0.25,125.0,117.5,117.5,117.5,18752.5,0.37505,32.5,130.0,65.0,2.5,62.5,skip_day_after_3_losses,1.0
34,2020-05-29,long,1,2020-05-29 09:47:00-04:00,9473.25,9420.0,9739.5,2020-05-29 10:08:00-04:00,9419.75,stop,50000.0,0.25,125.0,109.5,109.5,109.5,18946.5,0.37893,-53.5,-214.0,-107.0,2.5,-109.5,skip_day_after_3_losses,1.0
35,2020-06-01,long,1,2020-06-01 09:46:00-04:00,9562.25,9505.0,9848.5,2020-06-01 16:00:00-04:00,9583.75,time_exit,50000.0,0.25,125.0,117.5,117.5,117.5,19124.5,0.38249,21.5,86.0,43.0,2.5,40.5,skip_day_after_3_losses,1.0
36,2020-06-03,long,1,2020-06-03 10:01:00-04:00,9702.25,9650.25,9962.25,2020-06-03 12:09:00-04:00,9650.0,stop,50000.0,0.25,125.0,107.0,107.0,107.0,19404.5,0.38809,-52.25,-209.0,-104.5,2.5,-107.0,skip_day_after_3_losses,1.0
37,2020-06-04,long,1,2020-06-04 09:46:00-04:00,9714.25,9669.25,9939.25,2020-06-04 11:12:00-04:00,9669.0,stop,50000.0,0.25,125.0,93.0,93.0,93.0,19428.5,0.38857,-45.25,-181.0,-90.5,2.5,-93.0,skip_day_after_3_losses,1.0
38,2020-06-09,long,1,2020-06-09 09:46:00-04:00,9903.0,9851.25,10161.75,2020-06-09 16:00:00-04:00,9962.75,time_exit,50000.0,0.25,125.0,106.5,106.5,106.5,19806.0,0.39612,59.75,239.0,119.5,2.5,117.0,skip_day_after_3_losses,1.0
39,2020-06-10,long,1,2020-06-10 10:01:00-04:00,10069.75,10022.5,10306.0,2020-06-10 10:56:00-04:00,10022.25,stop,50000.0,0.25,125.0,97.5,97.5,97.5,20139.5,0.40279,-47.5,-190.0,-95.0,2.5,-97.5,skip_day_after_3_losses,1.0
40,2020-06-16,long,1,2020-06-16 09:46:00-04:00,10006.25,9950.75,10283.75,2020-06-16 10:41:00-04:00,9950.5,stop,50000.0,0.25,125.0,114.0,114.0,114.0,20012.5,0.40025,-55.75,-223.0,-111.5,2.5,-114.0,skip_day_after_3_losses,1.0
41,2020-06-17,long,1,2020-06-17 09:48:00-04:00,10016.75,9975.5,10223.0,2020-06-17 09:57:00-04:00,9975.25,stop,50000.0,0.25,125.0,85.5,85.5,85.5,20033.5,0.40067,-41.5,-166.0,-83.0,2.5,-85.5,skip_day_after_3_losses,1.0
42,2020-06-18,long,1,2020-06-18 09:50:00-04:00,9986.5,9941.25,10212.75,2020-06-18 10:33:00-04:00,9941.0,stop,50000.0,0.25,125.0,93.5,93.5,93.5,19973.0,0.39946,-45.5,-182.0,-91.0,2.5,-93.5,skip_day_after_3_losses,1.0
43,2020-06-22,long,1,2020-06-22 09:54:00-04:00,10013.0,9974.75,10204.25,2020-06-22 16:00:00-04:00,10114.75,time_exit,50000.0,0.25,125.0,79.5,79.5,79.5,20026.0,0.40052,101.75,407.0,203.5,2.5,201.0,skip_day_after_3_losses,1.0
44,2020-06-23,long,1,2020-06-23 09:47:00-04:00,10199.5,10158.25,10405.75,2020-06-23 16:00:00-04:00,10211.25,time_exit,50000.0,0.25,125.0,85.5,85.5,85.5,20399.0,0.40798,11.75,47.0,23.5,2.5,21.0,skip_day_after_3_losses,1.0
45,2020-07-02,long,1,2020-07-02 09:57:00-04:00,10412.25,10366.0,10643.5,2020-07-02 10:29:00-04:00,10365.75,stop,50000.0,0.25,125.0,95.5,95.5,95.5,20824.5,0.41649,-46.5,-186.0,-93.0,2.5,-95.5,skip_day_after_3_losses,1.0
46,2020-07-06,long,1,2020-07-06 09:56:00-04:00,10508.0,10469.25,10701.75,2020-07-06 16:00:00-04:00,10591.75,time_exit,50000.0,0.25,125.0,80.5,80.5,80.5,21016.0,0.42032,83.75,335.0,167.5,2.5,165.0,skip_day_after_3_losses,1.0
47,2020-07-08,long,1,2020-07-08 09:49:00-04:00,10617.25,10566.0,10873.5,2020-07-08 11:18:00-04:00,10565.75,stop,50000.0,0.25,125.0,105.5,105.5,105.5,21234.5,0.42469,-51.5,-206.0,-103.0,2.5,-105.5,skip_day_after_3_losses,1.0
48,2020-07-23,long,1,2020-07-23 09:46:00-04:00,10848.75,10798.25,11101.25,2020-07-23 10:12:00-04:00,10798.0,stop,50000.0,0.25,125.0,104.0,104.0,104.0,21697.5,0.43395,-50.75,-203.0,-101.5,2.5,-104.0,skip_day_after_3_losses,1.0
49,2020-07-29,long,1,2020-07-29 10:02:00-04:00,10612.25,10575.5,10796.0,2020-07-29 16:00:00-04:00,10645.5,time_exit,50000.0,0.25,125.0,76.5,76.5,76.5,21224.5,0.42449,33.25,133.0,66.5,2.5,64.0,skip_day_after_3_losses,1.0
50,2020-08-04,long,1,2020-08-04 09:46:00-04:00,11051.75,11005.75,11281.75,2020-08-04 14:31:00-04:00,11005.5,stop,50000.0,0.25,125.0,95.0,95.0,95.0,22103.5,0.44207,-46.25,-185.0,-92.5,2.5,-95.0,skip_day_after_3_losses,1.0
51,2020-08-05,long,1,2020-08-05 09:52:00-04:00,11105.75,11064.0,11314.5,2020-08-05 16:00:00-04:00,11109.0,time_exit,50000.0,0.25,125.0,86.5,86.5,86.5,22211.5,0.44423,3.25,13.0,6.5,2.5,4.0,skip_day_after_3_losses,1.0
52,2020-08-07,long,1,2020-08-07 09:48:00-04:00,11240.75,11207.25,11408.25,2020-08-07 10:21:00-04:00,11207.0,stop,50000.0,0.25,125.0,70.0,70.0,70.0,22481.5,0.44963,-33.75,-135.0,-67.5,2.5,-70.0,skip_day_after_3_losses,1.0
53,2020-08-17,long,1,2020-08-17 09:52:00-04:00,11256.5,11221.25,11432.75,2020-08-17 16:00:00-04:00,11282.0,time_exit,50000.0,0.25,125.0,73.5,73.5,73.5,22513.0,0.45026,25.5,102.0,51.0,2.5,48.5,skip_day_after_3_losses,1.0
54,2020-08-21,long,1,2020-08-21 09:46:00-04:00,11490.0,11454.5,11667.5,2020-08-21 16:00:00-04:00,11557.75,time_exit,50000.0,0.25,125.0,74.0,74.0,74.0,22980.0,0.4596,67.75,271.0,135.5,2.5,133.0,skip_day_after_3_losses,1.0
55,2020-08-25,long,1,2020-08-25 10:17:00-04:00,11633.5,11574.25,11929.75,2020-08-25 16:00:00-04:00,11715.0,time_exit,50000.0,0.25,125.0,121.5,121.5,121.5,23267.0,0.46534,81.5,326.0,163.0,2.5,160.5,skip_day_after_3_losses,1.0
56,2020-08-28,long,1,2020-08-28 10:00:00-04:00,12006.25,11972.5,12175.0,2020-08-28 10:36:00-04:00,11972.25,stop,50000.0,0.25,125.0,70.5,70.5,70.5,24012.5,0.48025,-34.0,-136.0,-68.0,2.5,-70.5,skip_day_after_3_losses,1.0
57,2020-08-31,long,1,2020-08-31 09:50:00-04:00,12042.75,11992.5,12294.0,2020-08-31 16:00:00-04:00,12102.75,time_exit,50000.0,0.25,125.0,103.5,103.5,103.5,24085.5,0.48171,60.0,240.0,120.0,2.5,117.5,skip_day_after_3_losses,1.0
58,2020-09-15,long,1,2020-09-15 09:54:00-04:00,11462.5,11414.0,11705.0,2020-09-15 10:24:00-04:00,11413.75,stop,50000.0,0.25,125.0,100.0,100.0,100.0,22925.0,0.4585,-48.75,-195.0,-97.5,2.5,-100.0,skip_day_after_3_losses,1.0
59,2020-09-29,long,1,2020-09-29 10:12:00-04:00,11385.5,11327.75,11674.25,2020-09-29 10:34:00-04:00,11327.5,stop,50000.0,0.25,125.0,118.5,118.5,118.5,22771.0,0.45542,-58.0,-232.0,-116.0,2.5,-118.5,skip_day_after_3_losses,1.0
60,2020-10-01,long,1,2020-10-01 14:37:00-04:00,11569.0,11531.75,11755.25,2020-10-01 16:00:00-04:00,11571.75,time_exit,50000.0,0.25,125.0,77.5,77.5,77.5,23138.0,0.46276,2.75,11.0,5.5,2.5,3.0,skip_day_after_3_losses,1.0
61,2020-10-05,long,1,2020-10-05 10:01:00-04:00,11381.25,11320.75,11683.75,2020-10-05 16:00:00-04:00,11477.75,time_exit,50000.0,0.25,125.0,124.0,124.0,124.0,22762.5,0.45525,96.5,386.0,193.0,2.5,190.5,skip_day_after_3_losses,1.0
62,2020-10-06,long,1,2020-10-06 10:04:00-04:00,11480.0,11435.75,11701.25,2020-10-06 10:44:00-04:00,11435.5,stop,50000.0,0.25,125.0,91.5,91.5,91.5,22960.0,0.4592,-44.5,-178.0,-89.0,2.5,-91.5,skip_day_after_3_losses,1.0
63,2020-10-07,long,1,2020-10-07 12:32:00-04:00,11439.0,11384.5,11711.5,2020-10-07 16:00:00-04:00,11470.0,time_exit,50000.0,0.25,125.0,112.0,112.0,112.0,22878.0,0.45756,31.0,124.0,62.0,2.5,59.5,skip_day_after_3_losses,1.0
64,2020-10-09,long,1,2020-10-09 09:55:00-04:00,11633.25,11587.5,11862.0,2020-10-09 16:00:00-04:00,11722.0,time_exit,50000.0,0.25,125.0,94.5,94.5,94.5,23266.5,0.46533,88.75,355.0,177.5,2.5,175.0,skip_day_after_3_losses,1.0
65,2020-10-16,long,1,2020-10-16 10:01:00-04:00,11972.25,11926.0,12203.5,2020-10-16 11:10:00-04:00,11925.75,stop,50000.0,0.25,125.0,95.5,95.5,95.5,23944.5,0.47889,-46.5,-186.0,-93.0,2.5,-95.5,skip_day_after_3_losses,1.0
66,2020-11-03,long,1,2020-11-03 09:46:00-05:00,11154.75,11100.75,11424.75,2020-11-03 16:00:00-05:00,11239.25,time_exit,50000.0,0.25,125.0,111.0,111.0,111.0,22309.5,0.44619,84.5,338.0,169.0,2.5,166.5,skip_day_after_3_losses,1.0
67,2020-11-19,long,1,2020-11-19 09:50:00-05:00,11895.75,11841.0,12169.5,2020-11-19 16:00:00-05:00,11985.25,time_exit,50000.0,0.25,125.0,112.5,112.5,112.5,23791.5,0.47583,89.5,358.0,179.0,2.5,176.5,skip_day_after_3_losses,1.0
68,2020-11-23,long,1,2020-11-23 09:46:00-05:00,11991.5,11945.0,12224.0,2020-11-23 10:06:00-05:00,11944.75,stop,50000.0,0.25,125.0,96.0,96.0,96.0,23983.0,0.47966,-46.75,-187.0,-93.5,2.5,-96.0,skip_day_after_3_losses,1.0
69,2020-12-01,long,1,2020-12-01 09:53:00-05:00,12388.5,12333.5,12663.5,2020-12-01 16:00:00-05:00,12456.0,time_exit,50000.0,0.25,125.0,113.0,113.0,113.0,24777.0,0.49554,67.5,270.0,135.0,2.5,132.5,skip_day_after_3_losses,1.0
70,2020-12-03,long,1,2020-12-03 10:04:00-05:00,12513.0,12463.0,12763.0,2020-12-03 11:09:00-05:00,12462.75,stop,50000.0,0.25,125.0,103.0,103.0,103.0,25026.0,0.50052,-50.25,-201.0,-100.5,2.5,-103.0,skip_day_after_3_losses,1.0
71,2020-12-04,long,1,2020-12-04 09:48:00-05:00,12496.0,12448.0,12736.0,2020-12-04 16:00:00-05:00,12531.0,time_exit,50000.0,0.25,125.0,99.0,99.0,99.0,24992.0,0.49984,35.0,140.0,70.0,2.5,67.5,skip_day_after_3_losses,1.0
72,2020-12-07,long,1,2020-12-07 09:59:00-05:00,12585.25,12525.5,12884.0,2020-12-07 16:00:00-05:00,12590.75,time_exit,50000.0,0.25,125.0,122.5,122.5,122.5,25170.5,0.50341,5.5,22.0,11.0,2.5,8.5,skip_day_after_3_losses,1.0
73,2020-12-22,long,1,2020-12-22 09:49:00-05:00,12724.25,12678.25,12954.25,2020-12-22 11:01:00-05:00,12678.0,stop,50000.0,0.25,125.0,95.0,95.0,95.0,25448.5,0.50897,-46.25,-185.0,-92.5,2.5,-95.0,skip_day_after_3_losses,1.0
74,2020-12-31,long,1,2020-12-31 16:00:00-05:00,12869.75,12823.25,13102.25,2020-12-31 16:00:00-05:00,12891.0,time_exit,50000.0,0.25,125.0,96.0,96.0,96.0,25739.5,0.51479,21.25,85.0,42.5,2.5,40.0,skip_day_after_3_losses,1.0
75,2021-01-13,long,1,2021-01-13 09:51:00-05:00,12920.25,12863.5,13204.0,2021-01-13 16:00:00-05:00,12966.0,time_exit,50000.0,0.25,125.0,116.5,116.5,116.5,25840.5,0.51681,45.75,183.0,91.5,2.5,89.0,skip_day_after_3_losses,1.0
76,2021-01-22,long,1,2021-01-22 09:46:00-05:00,13371.0,13327.25,13589.75,2021-01-22 10:38:00-05:00,13327.0,stop,50000.0,0.25,125.0,90.5,90.5,90.5,26742.0,0.53484,-44.0,-176.0,-88.0,2.5,-90.5,skip_day_after_3_losses,1.0
77,2021-02-01,long,1,2021-02-01 10:43:00-05:00,13104.25,13046.75,13391.75,2021-02-01 11:01:00-05:00,13046.5,stop,50000.0,0.25,125.0,118.0,118.0,118.0,26208.5,0.52417,-57.75,-231.0,-115.5,2.5,-118.0,skip_day_after_3_losses,1.0
78,2021-02-08,long,1,2021-02-08 10:05:00-05:00,13675.0,13632.0,13890.0,2021-02-08 11:29:00-05:00,13631.75,stop,50000.0,0.25,125.0,89.0,89.0,89.0,27350.0,0.547,-43.25,-173.0,-86.5,2.5,-89.0,skip_day_after_3_losses,1.0
79,2021-02-09,long,1,2021-02-09 09:46:00-05:00,13686.0,13644.5,13893.5,2021-02-09 16:00:00-05:00,13686.25,time_exit,50000.0,0.25,125.0,86.0,86.0,86.0,27372.0,0.54744,0.25,1.0,0.5,2.5,-2.0,skip_day_after_3_losses,1.0
80,2021-02-12,long,1,2021-02-12 09:47:00-05:00,13704.25,13645.5,13998.0,2021-02-12 16:00:00-05:00,13810.25,time_exit,50000.0,0.25,125.0,120.5,120.5,120.5,27408.5,0.54817,106.0,424.0,212.0,2.5,209.5,skip_day_after_3_losses,1.0
81,2021-02-16,long,1,2021-02-16 09:48:00-05:00,13861.5,13811.0,14114.0,2021-02-16 11:08:00-05:00,13810.75,stop,50000.0,0.25,125.0,104.0,104.0,104.0,27723.0,0.55446,-50.75,-203.0,-101.5,2.5,-104.0,skip_day_after_3_losses,1.0
82,2021-03-23,long,1,2021-03-23 10:11:00-04:00,13126.25,13066.25,13426.25,2021-03-23 10:34:00-04:00,13066.0,stop,50000.0,0.25,125.0,123.0,123.0,123.0,26252.5,0.52505,-60.25,-241.0,-120.5,2.5,-123.0,skip_day_after_3_losses,1.0
83,2021-04-01,long,1,2021-04-01 10:09:00-04:00,13296.0,13241.0,13571.0,2021-04-01 16:00:00-04:00,13318.75,time_exit,50000.0,0.25,125.0,113.0,113.0,113.0,26592.0,0.53184,22.75,91.0,45.5,2.5,43.0,skip_day_after_3_losses,1.0
84,2021-04-05,long,1,2021-04-05 09:46:00-04:00,13456.0,13408.75,13692.25,2021-04-05 16:00:00-04:00,13583.25,time_exit,50000.0,0.25,125.0,97.5,97.5,97.5,26912.0,0.53824,127.25,509.0,254.5,2.5,252.0,skip_day_after_3_losses,1.0
85,2021-04-06,long,1,2021-04-06 09:55:00-04:00,13590.25,13538.25,13850.25,2021-04-06 16:00:00-04:00,13574.0,time_exit,50000.0,0.25,125.0,107.0,107.0,107.0,27180.5,0.54361,-16.25,-65.0,-32.5,2.5,-35.0,skip_day_after_3_losses,1.0
86,2021-04-07,long,1,2021-04-07 09:46:00-04:00,13563.25,13512.5,13817.0,2021-04-07 16:00:00-04:00,13608.0,time_exit,50000.0,0.25,125.0,104.5,104.5,104.5,27126.5,0.54253,44.75,179.0,89.5,2.5,87.0,skip_day_after_3_losses,1.0
87,2021-04-08,long,1,2021-04-08 09:58:00-04:00,13748.0,13710.75,13934.25,2021-04-08 10:09:00-04:00,13710.5,stop,50000.0,0.25,125.0,77.5,77.5,77.5,27496.0,0.54992,-37.5,-150.0,-75.0,2.5,-77.5,skip_day_after_3_losses,1.0
88,2021-04-09,long,1,2021-04-09 09:49:00-04:00,13703.75,13657.75,13933.75,2021-04-09 16:00:00-04:00,13832.5,time_exit,50000.0,0.25,125.0,95.0,95.0,95.0,27407.5,0.54815,128.75,515.0,257.5,2.5,255.0,skip_day_after_3_losses,1.0
89,2021-04-15,long,1,2021-04-15 10:16:00-04:00,13978.0,13922.75,14254.25,2021-04-15 16:00:00-04:00,14015.0,time_exit,50000.0,0.25,125.0,113.5,113.5,113.5,27956.0,0.55912,37.0,148.0,74.0,2.5,71.5,skip_day_after_3_losses,1.0
90,2021-04-22,long,1,2021-04-22 10:29:00-04:00,13912.25,13870.75,14119.75,2021-04-22 13:07:00-04:00,13870.5,stop,50000.0,0.25,125.0,86.0,86.0,86.0,27824.5,0.55649,-41.75,-167.0,-83.5,2.5,-86.0,skip_day_after_3_losses,1.0
91,2021-04-23,long,1,2021-04-23 09:51:00-04:00,13821.75,13775.25,14054.25,2021-04-23 16:00:00-04:00,13922.0,time_exit,50000.0,0.25,125.0,96.0,96.0,96.0,27643.5,0.55287,100.25,401.0,200.5,2.5,198.0,skip_day_after_3_losses,1.0
92,2021-04-26,long,1,2021-04-26 10:07:00-04:00,13953.25,13918.5,14127.0,2021-04-26 16:00:00-04:00,14012.75,time_exit,50000.0,0.25,125.0,72.5,72.5,72.5,27906.5,0.55813,59.5,238.0,119.0,2.5,116.5,skip_day_after_3_losses,1.0
93,2021-04-28,long,1,2021-04-28 09:50:00-04:00,13944.75,13885.0,14243.5,2021-04-28 12:00:00-04:00,13884.75,stop,50000.0,0.25,125.0,122.5,122.5,122.5,27889.5,0.55779,-60.0,-240.0,-120.0,2.5,-122.5,skip_day_after_3_losses,1.0
94,2021-04-30,long,1,2021-04-30 09:58:00-04:00,13894.5,13839.75,14168.25,2021-04-30 13:53:00-04:00,13839.5,stop,50000.0,0.25,125.0,112.5,112.5,112.5,27789.0,0.55578,-55.0,-220.0,-110.0,2.5,-112.5,skip_day_after_3_losses,1.0
95,2021-05-14,long,1,2021-05-14 09:59:00-04:00,13262.0,13207.75,13533.25,2021-05-14 16:00:00-04:00,13394.0,time_exit,50000.0,0.25,125.0,111.5,111.5,111.5,26524.0,0.53048,132.0,528.0,264.0,2.5,261.5,skip_day_after_3_losses,1.0
96,2021-05-18,long,1,2021-05-18 10:21:00-04:00,13362.0,13313.0,13607.0,2021-05-18 14:23:00-04:00,13312.75,stop,50000.0,0.25,125.0,101.0,101.0,101.0,26724.0,0.53448,-49.25,-197.0,-98.5,2.5,-101.0,skip_day_after_3_losses,1.0
97,2021-05-27,long,1,2021-05-27 10:18:00-04:00,13697.0,13652.5,13919.5,2021-05-27 14:25:00-04:00,13652.25,stop,50000.0,0.25,125.0,92.0,92.0,92.0,27394.0,0.54788,-44.75,-179.0,-89.5,2.5,-92.0,skip_day_after_3_losses,1.0
98,2021-06-02,long,1,2021-06-02 09:46:00-04:00,13695.75,13650.75,13920.75,2021-06-02 13:22:00-04:00,13650.5,stop,50000.0,0.25,125.0,93.0,93.0,93.0,27391.5,0.54783,-45.25,-181.0,-90.5,2.5,-93.0,skip_day_after_3_losses,1.0
99,2021-06-09,long,1,2021-06-09 09:46:00-04:00,13895.5,13857.5,14085.5,2021-06-09 09:50:00-04:00,13857.25,stop,50000.0,0.25,125.0,79.0,79.0,79.0,27791.0,0.55582,-38.25,-153.0,-76.5,2.5,-79.0,skip_day_after_3_losses,1.0
100,2021-06-11,long,1,2021-06-11 09:50:00-04:00,13974.0,13940.75,14140.25,2021-06-11 10:47:00-04:00,13940.5,stop,50000.0,0.25,125.0,69.5,69.5,69.5,27948.0,0.55896,-33.5,-134.0,-67.0,2.5,-69.5,skip_day_after_3_losses,1.0
101,2021-06-14,long,1,2021-06-14 09:46:00-04:00,14015.0,13956.5,14307.5,2021-06-14 16:00:00-04:00,14121.25,time_exit,50000.0,0.25,125.0,120.0,120.0,120.0,28030.0,0.5606,106.25,425.0,212.5,2.5,210.0,skip_day_after_3_losses,1.0
102,2021-06-15,long,1,2021-06-15 09:46:00-04:00,14114.0,14062.75,14370.25,2021-06-15 10:25:00-04:00,14062.5,stop,50000.0,0.25,125.0,105.5,105.5,105.5,28228.0,0.56456,-51.5,-206.0,-103.0,2.5,-105.5,skip_day_after_3_losses,1.0
103,2021-06-16,long,1,2021-06-16 09:49:00-04:00,14074.25,14042.0,14235.5,2021-06-16 11:08:00-04:00,14041.75,stop,50000.0,0.25,125.0,67.5,67.5,67.5,28148.5,0.56297,-32.5,-130.0,-65.0,2.5,-67.5,skip_day_after_3_losses,1.0
104,2021-06-23,long,1,2021-06-23 09:59:00-04:00,14307.75,14253.25,14580.25,2021-06-23 11:04:00-04:00,14253.0,stop,50000.0,0.25,125.0,112.0,112.0,112.0,28615.5,0.57231,-54.75,-219.0,-109.5,2.5,-112.0,skip_day_after_3_losses,1.0
105,2021-07-01,long,1,2021-07-01 09:46:00-04:00,14567.5,14515.0,14830.0,2021-07-01 10:20:00-04:00,14514.75,stop,50000.0,0.25,125.0,108.0,108.0,108.0,29135.0,0.5827,-52.75,-211.0,-105.5,2.5,-108.0,skip_day_after_3_losses,1.0
106,2021-07-02,long,1,2021-07-02 09:50:00-04:00,14664.75,14618.75,14894.75,2021-07-02 16:00:00-04:00,14711.5,time_exit,50000.0,0.25,125.0,95.0,95.0,95.0,29329.5,0.58659,46.75,187.0,93.5,2.5,91.0,skip_day_after_3_losses,1.0
107,2021-07-06,long,1,2021-07-06 10:08:00-04:00,14778.25,14738.25,14978.25,2021-07-06 10:33:00-04:00,14738.0,stop,50000.0,0.25,125.0,83.0,83.0,83.0,29556.5,0.59113,-40.25,-161.0,-80.5,2.5,-83.0,skip_day_after_3_losses,1.0
108,2021-07-09,long,1,2021-07-09 10:09:00-04:00,14724.0,14667.75,15005.25,2021-07-09 16:00:00-04:00,14805.75,time_exit,50000.0,0.25,125.0,115.5,115.5,115.5,29448.0,0.58896,81.75,327.0,163.5,2.5,161.0,skip_day_after_3_losses,1.0
109,2021-07-13,long,1,2021-07-13 09:48:00-04:00,14886.5,14841.5,15111.5,2021-07-13 14:03:00-04:00,14841.25,stop,50000.0,0.25,125.0,93.0,93.0,93.0,29773.0,0.59546,-45.25,-181.0,-90.5,2.5,-93.0,skip_day_after_3_losses,1.0
110,2021-07-14,long,1,2021-07-14 10:05:00-04:00,14992.5,14935.75,15276.25,2021-07-14 11:28:00-04:00,14935.5,stop,50000.0,0.25,125.0,116.5,116.5,116.5,29985.0,0.5997,-57.0,-228.0,-114.0,2.5,-116.5,skip_day_after_3_losses,1.0
111,2021-07-21,long,1,2021-07-21 09:58:00-04:00,14750.0,14691.5,15042.5,2021-07-21 16:00:00-04:00,14832.25,time_exit,50000.0,0.25,125.0,120.0,120.0,120.0,29500.0,0.59,82.25,329.0,164.5,2.5,162.0,skip_day_after_3_losses,1.0
112,2021-07-22,long,1,2021-07-22 10:04:00-04:00,14895.25,14839.25,15175.25,2021-07-22 16:00:00-04:00,14946.0,time_exit,50000.0,0.25,125.0,115.0,115.0,115.0,29790.5,0.59581,50.75,203.0,101.5,2.5,99.0,skip_day_after_3_losses,1.0
113,2021-07-26,long,1,2021-07-26 09:55:00-04:00,15094.5,15039.75,15368.25,2021-07-26 16:00:00-04:00,15116.0,time_exit,50000.0,0.25,125.0,112.5,112.5,112.5,30189.0,0.60378,21.5,86.0,43.0,2.5,40.5,skip_day_after_3_losses,1.0
114,2021-08-05,long,1,2021-08-05 09:48:00-04:00,15122.5,15072.25,15373.75,2021-08-05 16:00:00-04:00,15162.25,time_exit,50000.0,0.25,125.0,103.5,103.5,103.5,30245.0,0.6049,39.75,159.0,79.5,2.5,77.0,skip_day_after_3_losses,1.0
115,2021-08-12,long,1,2021-08-12 10:20:00-04:00,15008.25,14951.75,15290.75,2021-08-12 16:00:00-04:00,15074.75,time_exit,50000.0,0.25,125.0,116.0,116.0,116.0,30016.5,0.60033,66.5,266.0,133.0,2.5,130.5,skip_day_after_3_losses,1.0
116,2021-08-13,long,2,2021-08-13 09:47:00-04:00,15095.5,15067.5,15235.5,2021-08-13 16:00:00-04:00,15124.75,time_exit,50000.0,0.25,125.0,59.0,118.0,118.0,60382.0,1.20764,29.25,117.0,117.0,5.0,112.0,skip_day_after_3_losses,1.0
117,2021-08-18,long,1,2021-08-18 09:52:00-04:00,15012.75,14963.75,15257.75,2021-08-18 11:36:00-04:00,14963.5,stop,50000.0,0.25,125.0,101.0,101.0,101.0,30025.5,0.60051,-49.25,-197.0,-98.5,2.5,-101.0,skip_day_after_3_losses,1.0
118,2021-08-20,long,1,2021-08-20 09:46:00-04:00,15005.25,14958.75,15237.75,2021-08-20 16:00:00-04:00,15084.0,time_exit,50000.0,0.25,125.0,96.0,96.0,96.0,30010.5,0.60021,78.75,315.0,157.5,2.5,155.0,skip_day_after_3_losses,1.0
119,2021-08-24,long,1,2021-08-24 10:09:00-04:00,15354.5,15312.25,15565.75,2021-08-24 16:00:00-04:00,15357.5,time_exit,50000.0,0.25,125.0,87.5,87.5,87.5,30709.0,0.61418,3.0,12.0,6.0,2.5,3.5,skip_day_after_3_losses,1.0
120,2021-09-01,long,1,2021-09-01 09:46:00-04:00,15675.0,15621.5,15942.5,2021-09-01 15:43:00-04:00,15621.25,stop,50000.0,0.25,125.0,110.0,110.0,110.0,31350.0,0.627,-53.75,-215.0,-107.5,2.5,-110.0,skip_day_after_3_losses,1.0
121,2021-09-24,long,1,2021-09-24 10:00:00-04:00,15248.0,15189.25,15541.75,2021-09-24 16:00:00-04:00,15320.25,time_exit,50000.0,0.25,125.0,120.5,120.5,120.5,30496.0,0.60992,72.25,289.0,144.5,2.5,142.0,skip_day_after_3_losses,1.0
122,2021-10-19,long,1,2021-10-19 09:55:00-04:00,15355.5,15301.75,15624.25,2021-10-19 16:00:00-04:00,15414.25,time_exit,50000.0,0.25,125.0,110.5,110.5,110.5,30711.0,0.61422,58.75,235.0,117.5,2.5,115.0,skip_day_after_3_losses,1.0
123,2021-10-21,long,1,2021-10-21 09:48:00-04:00,15379.25,15333.75,15606.75,2021-10-21 16:00:00-04:00,15475.0,time_exit,50000.0,0.25,125.0,94.0,94.0,94.0,30758.5,0.61517,95.75,383.0,191.5,2.5,189.0,skip_day_after_3_losses,1.0
124,2021-10-28,long,1,2021-10-28 09:47:00-04:00,15691.75,15635.25,15974.25,2021-10-28 16:00:00-04:00,15774.5,time_exit,50000.0,0.25,125.0,116.0,116.0,116.0,31383.5,0.62767,82.75,331.0,165.5,2.5,163.0,skip_day_after_3_losses,1.0
125,2021-11-04,long,1,2021-11-04 09:46:00-04:00,16208.75,16156.5,16470.0,2021-11-04 16:00:00-04:00,16336.0,time_exit,50000.0,0.25,125.0,107.5,107.5,107.5,32417.5,0.64835,127.25,509.0,254.5,2.5,252.0,skip_day_after_3_losses,1.0
126,2021-11-17,long,1,2021-11-17 10:13:00-05:00,16323.5,16292.0,16481.0,2021-11-17 13:11:00-05:00,16291.75,stop,50000.0,0.25,125.0,66.0,66.0,66.0,32647.0,0.65294,-31.75,-127.0,-63.5,2.5,-66.0,skip_day_after_3_losses,1.0
127,2021-11-19,long,1,2021-11-19 09:46:00-05:00,16574.25,16515.75,16866.75,2021-11-19 16:00:00-05:00,16572.75,time_exit,50000.0,0.25,125.0,120.0,120.0,120.0,33148.5,0.66297,-1.5,-6.0,-3.0,2.5,-5.5,skip_day_after_3_losses,1.0
128,2021-11-30,long,1,2021-11-30 09:47:00-05:00,16374.0,16318.25,16652.75,2021-11-30 10:46:00-05:00,16318.0,stop,50000.0,0.25,125.0,114.5,114.5,114.5,32748.0,0.65496,-56.0,-224.0,-112.0,2.5,-114.5,skip_day_after_3_losses,1.0
129,2022-03-30,long,1,2022-03-30 09:49:00-04:00,15199.5,15141.0,15492.0,2022-03-30 11:04:00-04:00,15140.75,stop,50000.0,0.25,125.0,120.0,120.0,120.0,30399.0,0.60798,-58.75,-235.0,-117.5,2.5,-120.0,skip_day_after_3_losses,1.0
130,2022-05-30,long,1,2022-05-30 10:51:00-04:00,12794.25,12745.5,13038.0,2022-05-30 12:59:00-04:00,12801.75,eod_exit,50000.0,0.25,125.0,100.5,100.5,100.5,25588.5,0.51177,7.5,30.0,15.0,2.5,12.5,skip_day_after_3_losses,1.0
131,2022-08-25,long,1,2022-08-25 09:57:00-04:00,13015.75,12966.0,13264.5,2022-08-25 16:00:00-04:00,13153.5,time_exit,50000.0,0.25,125.0,102.5,102.5,102.5,26031.5,0.52063,137.75,551.0,275.5,2.5,273.0,skip_day_after_3_losses,1.0
132,2022-09-21,long,1,2022-09-21 09:48:00-04:00,11979.0,11937.75,12185.25,2022-09-21 14:00:00-04:00,11937.5,stop,50000.0,0.25,125.0,85.5,85.5,85.5,23958.0,0.47916,-41.5,-166.0,-83.0,2.5,-85.5,skip_day_after_3_losses,1.0
133,2022-11-23,long,1,2022-11-23 09:46:00-05:00,11802.75,11744.25,12095.25,2022-11-23 12:57:00-05:00,11744.0,stop,50000.0,0.25,125.0,120.0,120.0,120.0,23605.5,0.47211,-58.75,-235.0,-117.5,2.5,-120.0,skip_day_after_3_losses,1.0
134,2022-11-25,long,1,2022-11-25 10:12:00-05:00,11814.5,11765.75,12058.25,2022-11-25 13:14:00-05:00,11783.75,eod_exit,50000.0,0.25,125.0,100.5,100.5,100.5,23629.0,0.47258,-30.75,-123.0,-61.5,2.5,-64.0,skip_day_after_3_losses,1.0
135,2022-11-29,long,1,2022-11-29 10:51:00-05:00,11629.0,11578.5,11881.5,2022-11-29 11:02:00-05:00,11578.25,stop,50000.0,0.25,125.0,104.0,104.0,104.0,23258.0,0.46516,-50.75,-203.0,-101.5,2.5,-104.0,skip_day_after_3_losses,1.0
136,2022-12-12,long,1,2022-12-12 09:51:00-05:00,11598.75,11542.5,11880.0,2022-12-12 10:49:00-05:00,11542.25,stop,50000.0,0.25,125.0,115.5,115.5,115.5,23197.5,0.46395,-56.5,-226.0,-113.0,2.5,-115.5,skip_day_after_3_losses,1.0
137,2023-01-09,long,1,2023-01-09 09:46:00-05:00,11255.0,11194.0,11560.0,2023-01-09 15:32:00-05:00,11193.75,stop,50000.0,0.25,125.0,125.0,125.0,125.0,22510.0,0.4502,-61.25,-245.0,-122.5,2.5,-125.0,skip_day_after_3_losses,1.0
138,2023-02-07,long,1,2023-02-07 09:51:00-05:00,12540.75,12488.0,12804.5,2023-02-07 10:00:00-05:00,12487.75,stop,50000.0,0.25,125.0,108.5,108.5,108.5,25081.5,0.50163,-53.0,-212.0,-106.0,2.5,-108.5,skip_day_after_3_losses,1.0
139,2023-02-22,long,1,2023-02-22 09:46:00-05:00,12168.75,12113.75,12443.75,2023-02-22 10:00:00-05:00,12113.5,stop,50000.0,0.25,125.0,113.0,113.0,113.0,24337.5,0.48675,-55.25,-221.0,-110.5,2.5,-113.0,skip_day_after_3_losses,1.0
140,2023-02-27,long,1,2023-02-27 09:59:00-05:00,12146.75,12109.0,12335.5,2023-02-27 10:36:00-05:00,12108.75,stop,50000.0,0.25,125.0,78.5,78.5,78.5,24293.5,0.48587,-38.0,-152.0,-76.0,2.5,-78.5,skip_day_after_3_losses,1.0
141,2023-03-02,long,1,2023-03-02 09:52:00-05:00,11905.75,11845.75,12205.75,2023-03-02 16:00:00-05:00,12065.25,time_exit,50000.0,0.25,125.0,123.0,123.0,123.0,23811.5,0.47623,159.5,638.0,319.0,2.5,316.5,skip_day_after_3_losses,1.0
142,2023-03-03,long,1,2023-03-03 09:46:00-05:00,12158.75,12110.5,12400.0,2023-03-03 16:00:00-05:00,12308.5,time_exit,50000.0,0.25,125.0,99.5,99.5,99.5,24317.5,0.48635,149.75,599.0,299.5,2.5,297.0,skip_day_after_3_losses,1.0
143,2023-03-06,long,1,2023-03-06 10:09:00-05:00,12400.0,12351.75,12641.25,2023-03-06 14:21:00-05:00,12351.5,stop,50000.0,0.25,125.0,99.5,99.5,99.5,24800.0,0.496,-48.5,-194.0,-97.0,2.5,-99.5,skip_day_after_3_losses,1.0
144,2023-03-21,long,1,2023-03-21 10:01:00-04:00,12823.75,12773.75,13073.75,2023-03-21 10:06:00-04:00,12773.5,stop,50000.0,0.25,125.0,103.0,103.0,103.0,25647.5,0.51295,-50.25,-201.0,-100.5,2.5,-103.0,skip_day_after_3_losses,1.0
145,2023-03-22,long,1,2023-03-22 09:51:00-04:00,12886.5,12850.5,13066.5,2023-03-22 14:46:00-04:00,13066.25,target,50000.0,0.25,125.0,75.0,75.0,75.0,25773.0,0.51546,179.75,719.0,359.5,2.5,357.0,skip_day_after_3_losses,1.0
146,2023-03-29,long,1,2023-03-29 09:49:00-04:00,12922.0,12880.75,13128.25,2023-03-29 10:34:00-04:00,12880.5,stop,50000.0,0.25,125.0,85.5,85.5,85.5,25844.0,0.51688,-41.5,-166.0,-83.0,2.5,-85.5,skip_day_after_3_losses,1.0
147,2023-03-30,long,1,2023-03-30 10:00:00-04:00,13080.0,13036.5,13297.5,2023-03-30 10:12:00-04:00,13036.25,stop,50000.0,0.25,125.0,90.0,90.0,90.0,26160.0,0.5232,-43.75,-175.0,-87.5,2.5,-90.0,skip_day_after_3_losses,1.0
148,2023-04-03,long,1,2023-04-03 09:49:00-04:00,13257.5,13197.25,13558.75,2023-04-03 10:51:00-04:00,13197.0,stop,50000.0,0.25,125.0,123.5,123.5,123.5,26515.0,0.5303,-60.5,-242.0,-121.0,2.5,-123.5,skip_day_after_3_losses,1.0
149,2023-04-06,long,1,2023-04-06 10:03:00-04:00,13016.25,12957.0,13312.5,2023-04-06 16:00:00-04:00,13165.75,time_exit,50000.0,0.25,125.0,121.5,121.5,121.5,26032.5,0.52065,149.5,598.0,299.0,2.5,296.5,skip_day_after_3_losses,1.0
150,2023-04-10,long,1,2023-04-10 11:09:00-04:00,13050.75,12991.75,13345.75,2023-04-10 16:00:00-04:00,13160.75,time_exit,50000.0,0.25,125.0,121.0,121.0,121.0,26101.5,0.52203,110.0,440.0,220.0,2.5,217.5,skip_day_after_3_losses,1.0
151,2023-04-18,long,2,2023-04-18 09:48:00-04:00,13287.75,13258.5,13434.0,2023-04-18 09:58:00-04:00,13258.25,stop,50000.0,0.25,125.0,61.5,123.0,123.0,53151.0,1.06302,-29.5,-118.0,-118.0,5.0,-123.0,skip_day_after_3_losses,1.0
152,2023-04-19,long,1,2023-04-19 10:41:00-04:00,13138.0,13077.75,13439.25,2023-04-19 16:00:00-04:00,13176.25,time_exit,50000.0,0.25,125.0,123.5,123.5,123.5,26276.0,0.52552,38.25,153.0,76.5,2.5,74.0,skip_day_after_3_losses,1.0
153,2023-04-21,long,1,2023-04-21 10:27:00-04:00,13076.25,13037.75,13268.75,2023-04-21 10:41:00-04:00,13037.5,stop,50000.0,0.25,125.0,80.0,80.0,80.0,26152.5,0.52305,-38.75,-155.0,-77.5,2.5,-80.0,skip_day_after_3_losses,1.0
154,2023-04-27,long,1,2023-04-27 10:10:00-04:00,13053.75,13012.75,13258.75,2023-04-27 16:00:00-04:00,13223.5,time_exit,50000.0,0.25,125.0,85.0,85.0,85.0,26107.5,0.52215,169.75,679.0,339.5,2.5,337.0,skip_day_after_3_losses,1.0
155,2023-05-01,long,1,2023-05-01 09:51:00-04:00,13318.5,13285.5,13483.5,2023-05-01 10:01:00-04:00,13285.25,stop,50000.0,0.25,125.0,69.0,69.0,69.0,26637.0,0.53274,-33.25,-133.0,-66.5,2.5,-69.0,skip_day_after_3_losses,1.0
156,2023-05-03,long,1,2023-05-03 09:46:00-04:00,13229.5,13187.0,13442.0,2023-05-03 11:02:00-04:00,13186.75,stop,50000.0,0.25,125.0,88.0,88.0,88.0,26459.0,0.52918,-42.75,-171.0,-85.5,2.5,-88.0,skip_day_after_3_losses,1.0
157,2023-05-04,long,1,2023-05-04 11:10:00-04:00,13089.75,13034.0,13368.5,2023-05-04 12:07:00-04:00,13033.75,stop,50000.0,0.25,125.0,114.5,114.5,114.5,26179.5,0.52359,-56.0,-224.0,-112.0,2.5,-114.5,skip_day_after_3_losses,1.0
158,2023-05-05,long,1,2023-05-05 09:50:00-04:00,13177.75,13123.75,13447.75,2023-05-05 16:00:00-04:00,13317.25,time_exit,50000.0,0.25,125.0,111.0,111.0,111.0,26355.5,0.52711,139.5,558.0,279.0,2.5,276.5,skip_day_after_3_losses,1.0
159,2023-05-08,long,1,2023-05-08 14:18:00-04:00,13327.25,13270.5,13611.0,2023-05-08 16:00:00-04:00,13342.75,time_exit,50000.0,0.25,125.0,116.5,116.5,116.5,26654.5,0.53309,15.5,62.0,31.0,2.5,28.5,skip_day_after_3_losses,1.0
160,2023-05-15,long,1,2023-05-15 09:46:00-04:00,13423.25,13390.5,13587.0,2023-05-15 09:51:00-04:00,13390.25,stop,50000.0,0.25,125.0,68.5,68.5,68.5,26846.5,0.53693,-33.0,-132.0,-66.0,2.5,-68.5,skip_day_after_3_losses,1.0
161,2023-05-23,long,1,2023-05-23 09:55:00-04:00,13871.25,13821.25,14121.25,2023-05-23 12:35:00-04:00,13821.0,stop,50000.0,0.25,125.0,103.0,103.0,103.0,27742.5,0.55485,-50.25,-201.0,-100.5,2.5,-103.0,skip_day_after_3_losses,1.0
162,2023-05-24,long,1,2023-05-24 15:25:00-04:00,13677.25,13620.25,13962.25,2023-05-24 16:00:00-04:00,13648.5,time_exit,50000.0,0.25,125.0,117.0,117.0,117.0,27354.5,0.54709,-28.75,-115.0,-57.5,2.5,-60.0,skip_day_after_3_losses,1.0
163,2023-06-12,long,1,2023-06-12 10:47:00-04:00,14639.75,14600.5,14836.0,2023-06-12 16:00:00-04:00,14806.75,time_exit,50000.0,0.25,125.0,81.5,81.5,81.5,29279.5,0.58559,167.0,668.0,334.0,2.5,331.5,skip_day_after_3_losses,1.0
164,2023-06-14,long,1,2023-06-14 09:46:00-04:00,15106.0,15052.5,15373.5,2023-06-14 14:01:00-04:00,15052.25,stop,50000.0,0.25,125.0,110.0,110.0,110.0,30212.0,0.60424,-53.75,-215.0,-107.5,2.5,-110.0,skip_day_after_3_losses,1.0
165,2023-07-03,long,1,2023-07-03 09:48:00-04:00,15376.25,15337.0,15572.5,2023-07-03 10:32:00-04:00,15336.75,stop,50000.0,0.25,125.0,81.5,81.5,81.5,30752.5,0.61505,-39.5,-158.0,-79.0,2.5,-81.5,skip_day_after_3_losses,1.0
166,2023-07-12,long,1,2023-07-12 09:49:00-04:00,15459.25,15407.5,15718.0,2023-07-12 11:39:00-04:00,15407.25,stop,50000.0,0.25,125.0,106.5,106.5,106.5,30918.5,0.61837,-52.0,-208.0,-104.0,2.5,-106.5,skip_day_after_3_losses,1.0
167,2023-07-25,long,1,2023-07-25 09:46:00-04:00,15647.0,15587.75,15943.25,2023-07-25 16:00:00-04:00,15648.5,time_exit,50000.0,0.25,125.0,121.5,121.5,121.5,31294.0,0.62588,1.5,6.0,3.0,2.5,0.5,skip_day_after_3_losses,1.0
168,2023-07-31,long,1,2023-07-31 09:46:00-04:00,15904.0,15844.75,16200.25,2023-07-31 09:55:00-04:00,15844.5,stop,50000.0,0.25,125.0,121.5,121.5,121.5,31808.0,0.63616,-59.5,-238.0,-119.0,2.5,-121.5,skip_day_after_3_losses,1.0
169,2023-08-01,long,1,2023-08-01 10:06:00-04:00,15808.25,15764.5,16027.0,2023-08-01 10:14:00-04:00,15764.25,stop,50000.0,0.25,125.0,90.5,90.5,90.5,31616.5,0.63233,-44.0,-176.0,-88.0,2.5,-90.5,skip_day_after_3_losses,1.0
170,2023-08-16,long,1,2023-08-16 09:48:00-04:00,15110.5,15050.25,15411.75,2023-08-16 11:50:00-04:00,15050.0,stop,50000.0,0.25,125.0,123.5,123.5,123.5,30221.0,0.60442,-60.5,-242.0,-121.0,2.5,-123.5,skip_day_after_3_losses,1.0
171,2023-08-18,long,1,2023-08-18 10:36:00-04:00,14678.25,14622.25,14958.25,2023-08-18 16:00:00-04:00,14766.5,time_exit,50000.0,0.25,125.0,115.0,115.0,115.0,29356.5,0.58713,88.25,353.0,176.5,2.5,174.0,skip_day_after_3_losses,1.0
172,2023-08-23,long,1,2023-08-23 09:46:00-04:00,15045.25,14998.75,15277.75,2023-08-23 16:00:00-04:00,15199.25,time_exit,50000.0,0.25,125.0,96.0,96.0,96.0,30090.5,0.60181,154.0,616.0,308.0,2.5,305.5,skip_day_after_3_losses,1.0
173,2023-09-06,long,1,2023-09-06 09:53:00-04:00,15508.0,15459.75,15749.25,2023-09-06 10:00:00-04:00,15459.5,stop,50000.0,0.25,125.0,99.5,99.5,99.5,31016.0,0.62032,-48.5,-194.0,-97.0,2.5,-99.5,skip_day_after_3_losses,1.0
174,2023-09-19,long,1,2023-09-19 13:53:00-04:00,15378.0,15323.5,15650.5,2023-09-19 16:00:00-04:00,15385.25,time_exit,50000.0,0.25,125.0,112.0,112.0,112.0,30756.0,0.61512,7.25,29.0,14.5,2.5,12.0,skip_day_after_3_losses,1.0
175,2023-09-20,long,1,2023-09-20 09:57:00-04:00,15434.0,15374.5,15731.5,2023-09-20 10:14:00-04:00,15374.25,stop,50000.0,0.25,125.0,122.0,122.0,122.0,30868.0,0.61736,-59.75,-239.0,-119.5,2.5,-122.0,skip_day_after_3_losses,1.0
176,2023-09-22,long,1,2023-09-22 09:48:00-04:00,14942.5,14887.5,15217.5,2023-09-22 14:12:00-04:00,14887.25,stop,50000.0,0.25,125.0,113.0,113.0,113.0,29885.0,0.5977,-55.25,-221.0,-110.5,2.5,-113.0,skip_day_after_3_losses,1.0
177,2023-09-27,long,1,2023-09-27 09:47:00-04:00,14796.0,14748.75,15032.25,2023-09-27 10:01:00-04:00,14748.5,stop,50000.0,0.25,125.0,97.5,97.5,97.5,29592.0,0.59184,-47.5,-190.0,-95.0,2.5,-97.5,skip_day_after_3_losses,1.0
178,2023-09-28,long,1,2023-09-28 09:53:00-04:00,14712.5,14655.75,14996.25,2023-09-28 16:00:00-04:00,14855.75,time_exit,50000.0,0.25,125.0,116.5,116.5,116.5,29425.0,0.5885,143.25,573.0,286.5,2.5,284.0,skip_day_after_3_losses,1.0
179,2023-09-29,long,1,2023-09-29 09:49:00-04:00,15028.5,14976.25,15289.75,2023-09-29 10:24:00-04:00,14976.0,stop,50000.0,0.25,125.0,107.5,107.5,107.5,30057.0,0.60114,-52.5,-210.0,-105.0,2.5,-107.5,skip_day_after_3_losses,1.0
180,2023-10-03,long,1,2023-10-03 09:50:00-04:00,14931.25,14873.25,15221.25,2023-10-03 10:02:00-04:00,14873.0,stop,50000.0,0.25,125.0,119.0,119.0,119.0,29862.5,0.59725,-58.25,-233.0,-116.5,2.5,-119.0,skip_day_after_3_losses,1.0
181,2023-10-10,long,1,2023-10-10 09:59:00-04:00,15230.25,15179.5,15484.0,2023-10-10 16:00:00-04:00,15275.0,time_exit,50000.0,0.25,125.0,104.5,104.5,104.5,30460.5,0.60921,44.75,179.0,89.5,2.5,87.0,skip_day_after_3_losses,1.0
182,2023-10-12,long,1,2023-10-12 10:07:00-04:00,15423.75,15365.5,15715.0,2023-10-12 13:08:00-04:00,15365.25,stop,50000.0,0.25,125.0,119.5,119.5,119.5,30847.5,0.61695,-58.5,-234.0,-117.0,2.5,-119.5,skip_day_after_3_losses,1.0
183,2023-10-17,long,1,2023-10-17 10:10:00-04:00,15141.75,15101.75,15341.75,2023-10-17 16:00:00-04:00,15243.0,time_exit,50000.0,0.25,125.0,83.0,83.0,83.0,30283.5,0.60567,101.25,405.0,202.5,2.5,200.0,skip_day_after_3_losses,1.0
184,2023-10-27,long,1,2023-10-27 10:07:00-04:00,14351.75,14301.75,14601.75,2023-10-27 10:09:00-04:00,14301.5,stop,50000.0,0.25,125.0,103.0,103.0,103.0,28703.5,0.57407,-50.25,-201.0,-100.5,2.5,-103.0,skip_day_after_3_losses,1.0
185,2023-11-01,long,1,2023-11-01 09:47:00-04:00,14572.5,14514.75,14861.25,2023-11-01 16:00:00-04:00,14744.25,time_exit,50000.0,0.25,125.0,118.5,118.5,118.5,29145.0,0.5829,171.75,687.0,343.5,2.5,341.0,skip_day_after_3_losses,1.0
186,2023-11-02,long,1,2023-11-02 10:52:00-04:00,14957.0,14903.5,15224.5,2023-11-02 16:00:00-04:00,14997.75,time_exit,50000.0,0.25,125.0,110.0,110.0,110.0,29914.0,0.59828,40.75,163.0,81.5,2.5,79.0,skip_day_after_3_losses,1.0
187,2023-11-09,long,1,2023-11-09 10:00:00-05:00,15423.25,15365.25,15713.25,2023-11-09 10:07:00-05:00,15365.0,stop,50000.0,0.25,125.0,119.0,119.0,119.0,30846.5,0.61693,-58.25,-233.0,-116.5,2.5,-119.0,skip_day_after_3_losses,1.0
188,2023-11-13,long,1,2023-11-13 10:47:00-05:00,15541.75,15483.5,15833.0,2023-11-13 16:00:00-05:00,15548.25,time_exit,50000.0,0.25,125.0,119.5,119.5,119.5,31083.5,0.62167,6.5,26.0,13.0,2.5,10.5,skip_day_after_3_losses,1.0
189,2023-11-16,long,1,2023-11-16 09:48:00-05:00,15864.0,15824.5,16061.5,2023-11-16 10:41:00-05:00,15824.25,stop,50000.0,0.25,125.0,82.0,82.0,82.0,31728.0,0.63456,-39.75,-159.0,-79.5,2.5,-82.0,skip_day_after_3_losses,1.0
190,2023-11-17,long,1,2023-11-17 09:53:00-05:00,15874.25,15831.0,16090.5,2023-11-17 10:14:00-05:00,15830.75,stop,50000.0,0.25,125.0,89.5,89.5,89.5,31748.5,0.63497,-43.5,-174.0,-87.0,2.5,-89.5,skip_day_after_3_losses,1.0
191,2023-11-28,long,1,2023-11-28 10:40:00-05:00,16010.75,15962.75,16250.75,2023-11-28 16:00:00-05:00,16047.75,time_exit,50000.0,0.25,125.0,99.0,99.0,99.0,32021.5,0.64043,37.0,148.0,74.0,2.5,71.5,skip_day_after_3_losses,1.0
192,2023-12-12,long,1,2023-12-12 09:57:00-05:00,16241.75,16184.5,16528.0,2023-12-12 16:00:00-05:00,16366.25,time_exit,50000.0,0.25,125.0,117.5,117.5,117.5,32483.5,0.64967,124.5,498.0,249.0,2.5,246.5,skip_day_after_3_losses,1.0
193,2023-12-13,long,1,2023-12-13 14:03:00-05:00,16448.75,16395.0,16717.5,2023-12-13 16:00:00-05:00,16565.25,time_exit,50000.0,0.25,125.0,110.5,110.5,110.5,32897.5,0.65795,116.5,466.0,233.0,2.5,230.5,skip_day_after_3_losses,1.0
194,2023-12-14,long,1,2023-12-14 09:47:00-05:00,16863.75,16811.0,17127.5,2023-12-14 10:05:00-05:00,16810.75,stop,50000.0,0.25,125.0,108.5,108.5,108.5,33727.5,0.67455,-53.0,-212.0,-106.0,2.5,-108.5,skip_day_after_3_losses,1.0
195,2023-12-18,long,1,2023-12-18 09:58:00-05:00,16879.75,16831.5,17121.0,2023-12-18 16:00:00-05:00,16926.25,time_exit,50000.0,0.25,125.0,99.5,99.5,99.5,33759.5,0.67519,46.5,186.0,93.0,2.5,90.5,skip_day_after_3_losses,1.0
196,2023-12-22,long,1,2023-12-22 09:51:00-05:00,17040.5,16988.75,17299.25,2023-12-22 11:00:00-05:00,16988.5,stop,50000.0,0.25,125.0,106.5,106.5,106.5,34081.0,0.68162,-52.0,-208.0,-104.0,2.5,-106.5,skip_day_after_3_losses,1.0
197,2024-01-04,long,1,2024-01-04 10:08:00-05:00,16500.25,16442.5,16789.0,2024-01-04 15:55:00-05:00,16442.25,stop,50000.0,0.25,125.0,118.5,118.5,118.5,33000.5,0.66001,-58.0,-232.0,-116.0,2.5,-118.5,skip_day_after_3_losses,1.0
198,2024-01-09,long,1,2024-01-09 10:10:00-05:00,16720.75,16660.25,17023.25,2024-01-09 16:00:00-05:00,16837.25,time_exit,50000.0,0.25,125.0,124.0,124.0,124.0,33441.5,0.66883,116.5,466.0,233.0,2.5,230.5,skip_day_after_3_losses,1.0
199,2024-01-19,long,1,2024-01-19 09:55:00-05:00,17210.25,17165.75,17432.75,2024-01-19 14:29:00-05:00,17432.5,target,50000.0,0.25,125.0,92.0,92.0,92.0,34420.5,0.68841,222.25,889.0,444.5,2.5,442.0,skip_day_after_3_losses,1.0
200,2024-01-25,long,1,2024-01-25 10:29:00-05:00,17729.25,17674.25,18004.25,2024-01-25 12:08:00-05:00,17674.0,stop,50000.0,0.25,125.0,113.0,113.0,113.0,35458.5,0.70917,-55.25,-221.0,-110.5,2.5,-113.0,skip_day_after_3_losses,1.0
201,2024-01-26,long,1,2024-01-26 10:29:00-05:00,17578.5,17527.5,17833.5,2024-01-26 12:49:00-05:00,17527.25,stop,50000.0,0.25,125.0,105.0,105.0,105.0,35157.0,0.70314,-51.25,-205.0,-102.5,2.5,-105.0,skip_day_after_3_losses,1.0
202,2024-02-01,long,1,2024-02-01 10:09:00-05:00,17342.75,17293.5,17589.0,2024-02-01 10:54:00-05:00,17293.25,stop,50000.0,0.25,125.0,101.5,101.5,101.5,34685.5,0.69371,-49.5,-198.0,-99.0,2.5,-101.5,skip_day_after_3_losses,1.0
203,2024-02-08,long,1,2024-02-08 10:02:00-05:00,17853.25,17807.0,18084.5,2024-02-08 16:00:00-05:00,17857.5,time_exit,50000.0,0.25,125.0,95.5,95.5,95.5,35706.5,0.71413,4.25,17.0,8.5,2.5,6.0,skip_day_after_3_losses,1.0
204,2024-02-09,long,1,2024-02-09 09:55:00-05:00,17912.25,17874.75,18099.75,2024-02-09 16:00:00-05:00,18034.25,time_exit,50000.0,0.25,125.0,78.0,78.0,78.0,35824.5,0.71649,122.0,488.0,244.0,2.5,241.5,skip_day_after_3_losses,1.0
205,2024-02-28,long,1,2024-02-28 11:02:00-05:00,17952.5,17901.0,18210.0,2024-02-28 12:39:00-05:00,17900.75,stop,50000.0,0.25,125.0,106.0,106.0,106.0,35905.0,0.7181,-51.75,-207.0,-103.5,2.5,-106.0,skip_day_after_3_losses,1.0
206,2024-02-29,long,1,2024-02-29 15:51:00-05:00,18078.75,18020.25,18371.25,2024-02-29 16:00:00-05:00,18064.25,time_exit,50000.0,0.25,125.0,120.0,120.0,120.0,36157.5,0.72315,-14.5,-58.0,-29.0,2.5,-31.5,skip_day_after_3_losses,1.0
207,2024-03-01,long,1,2024-03-01 10:01:00-05:00,18148.0,18093.0,18423.0,2024-03-01 16:00:00-05:00,18324.75,time_exit,50000.0,0.25,125.0,113.0,113.0,113.0,36296.0,0.72592,176.75,707.0,353.5,2.5,351.0,skip_day_after_3_losses,1.0
208,2024-03-04,long,1,2024-03-04 14:49:00-05:00,18339.25,18287.25,18599.25,2024-03-04 15:36:00-05:00,18287.0,stop,50000.0,0.25,125.0,107.0,107.0,107.0,36678.5,0.73357,-52.25,-209.0,-104.5,2.5,-107.0,skip_day_after_3_losses,1.0
209,2024-03-06,long,1,2024-03-06 11:57:00-05:00,18127.75,18069.0,18421.5,2024-03-06 13:33:00-05:00,18068.75,stop,50000.0,0.25,125.0,120.5,120.5,120.5,36255.5,0.72511,-59.0,-236.0,-118.0,2.5,-120.5,skip_day_after_3_losses,1.0
210,2024-03-22,long,1,2024-03-22 10:04:00-04:00,18549.5,18504.75,18773.25,2024-03-22 10:40:00-04:00,18504.5,stop,50000.0,0.25,125.0,92.5,92.5,92.5,37099.0,0.74198,-45.0,-180.0,-90.0,2.5,-92.5,skip_day_after_3_losses,1.0
211,2024-03-26,long,1,2024-03-26 10:01:00-04:00,18603.5,18549.5,18873.5,2024-03-26 10:29:00-04:00,18549.25,stop,50000.0,0.25,125.0,111.0,111.0,111.0,37207.0,0.74414,-54.25,-217.0,-108.5,2.5,-111.0,skip_day_after_3_losses,1.0
212,2024-03-28,long,1,2024-03-28 09:46:00-04:00,18515.5,18456.5,18810.5,2024-03-28 13:17:00-04:00,18456.25,stop,50000.0,0.25,125.0,121.0,121.0,121.0,37031.0,0.74062,-59.25,-237.0,-118.5,2.5,-121.0,skip_day_after_3_losses,1.0
213,2024-04-22,long,1,2024-04-22 09:49:00-04:00,17323.25,17263.5,17622.0,2024-04-22 10:09:00-04:00,17263.25,stop,50000.0,0.25,125.0,122.5,122.5,122.5,34646.5,0.69293,-60.0,-240.0,-120.0,2.5,-122.5,skip_day_after_3_losses,1.0
214,2024-05-01,long,1,2024-05-01 14:05:00-04:00,17518.5,17467.75,17772.25,2024-05-01 14:10:00-04:00,17467.5,stop,50000.0,0.25,125.0,104.5,104.5,104.5,35037.0,0.70074,-51.0,-204.0,-102.0,2.5,-104.5,skip_day_after_3_losses,1.0
215,2024-05-06,long,1,2024-05-06 09:52:00-04:00,18101.75,18042.0,18400.5,2024-05-06 16:00:00-04:00,18193.75,time_exit,50000.0,0.25,125.0,122.5,122.5,122.5,36203.5,0.72407,92.0,368.0,184.0,2.5,181.5,skip_day_after_3_losses,1.0
216,2024-05-14,long,1,2024-05-14 09:46:00-04:00,18321.0,18264.75,18602.25,2024-05-14 16:00:00-04:00,18412.0,time_exit,50000.0,0.25,125.0,115.5,115.5,115.5,36642.0,0.73284,91.0,364.0,182.0,2.5,179.5,skip_day_after_3_losses,1.0
217,2024-05-15,long,1,2024-05-15 10:21:00-04:00,18532.75,18490.75,18742.75,2024-05-15 16:00:00-04:00,18681.25,time_exit,50000.0,0.25,125.0,87.0,87.0,87.0,37065.5,0.74131,148.5,594.0,297.0,2.5,294.5,skip_day_after_3_losses,1.0
218,2024-05-16,long,2,2024-05-16 09:48:00-04:00,18700.75,18671.5,18847.0,2024-05-16 13:25:00-04:00,18671.25,stop,50000.0,0.25,125.0,61.5,123.0,123.0,74803.0,1.49606,-29.5,-118.0,-118.0,5.0,-123.0,skip_day_after_3_losses,1.0
219,2024-05-21,long,1,2024-05-21 09:54:00-04:00,18716.25,18677.5,18910.0,2024-05-21 16:00:00-04:00,18794.25,time_exit,50000.0,0.25,125.0,80.5,80.5,80.5,37432.5,0.74865,78.0,312.0,156.0,2.5,153.5,skip_day_after_3_losses,1.0
220,2024-05-22,long,1,2024-05-22 09:53:00-04:00,18828.5,18788.5,19028.5,2024-05-22 13:37:00-04:00,18788.25,stop,50000.0,0.25,125.0,83.0,83.0,83.0,37657.0,0.75314,-40.25,-161.0,-80.5,2.5,-83.0,skip_day_after_3_losses,1.0
221,2024-05-24,long,1,2024-05-24 09:46:00-04:00,18780.75,18732.75,19020.75,2024-05-24 09:54:00-04:00,18732.5,stop,50000.0,0.25,125.0,99.0,99.0,99.0,37561.5,0.75123,-48.25,-193.0,-96.5,2.5,-99.0,skip_day_after_3_losses,1.0
222,2024-06-05,long,1,2024-06-05 09:53:00-04:00,18857.0,18813.0,19077.0,2024-06-05 10:00:00-04:00,18812.75,stop,50000.0,0.25,125.0,91.0,91.0,91.0,37714.0,0.75428,-44.25,-177.0,-88.5,2.5,-91.0,skip_day_after_3_losses,1.0
223,2024-06-10,long,1,2024-06-10 10:22:00-04:00,19023.25,18977.0,19254.5,2024-06-10 16:00:00-04:00,19100.25,time_exit,50000.0,0.25,125.0,95.5,95.5,95.5,38046.5,0.76093,77.0,308.0,154.0,2.5,151.5,skip_day_after_3_losses,1.0
224,2024-06-11,long,1,2024-06-11 10:32:00-04:00,19088.5,19045.5,19303.5,2024-06-11 16:00:00-04:00,19229.75,time_exit,50000.0,0.25,125.0,89.0,89.0,89.0,38177.0,0.76354,141.25,565.0,282.5,2.5,280.0,skip_day_after_3_losses,1.0
225,2024-06-14,long,1,2024-06-14 09:46:00-04:00,19608.75,19556.5,19870.0,2024-06-14 16:00:00-04:00,19682.25,time_exit,50000.0,0.25,125.0,107.5,107.5,107.5,39217.5,0.78435,73.5,294.0,147.0,2.5,144.5,skip_day_after_3_losses,1.0
226,2024-06-17,long,1,2024-06-17 10:11:00-04:00,19712.75,19663.5,19959.0,2024-06-17 13:54:00-04:00,19958.75,target,50000.0,0.25,125.0,101.5,101.5,101.5,39425.5,0.78851,246.0,984.0,492.0,2.5,489.5,skip_day_after_3_losses,1.0
227,2024-06-21,long,1,2024-06-21 11:20:00-04:00,20033.5,19973.0,20336.0,2024-06-21 13:19:00-04:00,19972.75,stop,50000.0,0.25,125.0,124.0,124.0,124.0,40067.0,0.80134,-60.75,-243.0,-121.5,2.5,-124.0,skip_day_after_3_losses,1.0
228,2024-06-25,long,1,2024-06-25 09:48:00-04:00,19847.0,19791.75,20123.25,2024-06-25 16:00:00-04:00,19968.25,time_exit,50000.0,0.25,125.0,113.5,113.5,113.5,39694.0,0.79388,121.25,485.0,242.5,2.5,240.0,skip_day_after_3_losses,1.0
229,2024-06-26,long,1,2024-06-26 09:46:00-04:00,19958.5,19918.0,20161.0,2024-06-26 11:11:00-04:00,19917.75,stop,50000.0,0.25,125.0,84.0,84.0,84.0,39917.0,0.79834,-40.75,-163.0,-81.5,2.5,-84.0,skip_day_after_3_losses,1.0
230,2024-07-03,long,1,2024-07-03 09:50:00-04:00,20268.0,20215.5,20530.5,2024-07-03 13:14:00-04:00,20418.75,eod_exit,50000.0,0.25,125.0,108.0,108.0,108.0,40536.0,0.81072,150.75,603.0,301.5,2.5,299.0,skip_day_after_3_losses,1.0
231,2024-07-08,long,1,2024-07-08 09:51:00-04:00,20646.5,20600.25,20877.75,2024-07-08 10:01:00-04:00,20600.0,stop,50000.0,0.25,125.0,95.5,95.5,95.5,41293.0,0.82586,-46.5,-186.0,-93.0,2.5,-95.5,skip_day_after_3_losses,1.0
232,2024-07-10,long,1,2024-07-10 09:50:00-04:00,20774.5,20721.0,21042.0,2024-07-10 11:00:00-04:00,20720.75,stop,50000.0,0.25,125.0,110.0,110.0,110.0,41549.0,0.83098,-53.75,-215.0,-107.5,2.5,-110.0,skip_day_after_3_losses,1.0
233,2024-07-12,long,1,2024-07-12 09:49:00-04:00,20483.25,20424.75,20775.75,2024-07-12 16:00:00-04:00,20546.0,time_exit,50000.0,0.25,125.0,120.0,120.0,120.0,40966.5,0.81933,62.75,251.0,125.5,2.5,123.0,skip_day_after_3_losses,1.0
234,2024-08-21,long,1,2024-08-21 09:46:00-04:00,19861.25,19812.75,20103.75,2024-08-21 10:52:00-04:00,19812.5,stop,50000.0,0.25,125.0,100.0,100.0,100.0,39722.5,0.79445,-48.75,-195.0,-97.5,2.5,-100.0,skip_day_after_3_losses,1.0
235,2024-10-04,long,1,2024-10-04 15:58:00-04:00,20240.0,20185.75,20511.25,2024-10-04 16:00:00-04:00,20223.5,time_exit,50000.0,0.25,125.0,111.5,111.5,111.5,40480.0,0.8096,-16.5,-66.0,-33.0,2.5,-35.5,skip_day_after_3_losses,1.0
236,2024-10-08,long,1,2024-10-08 09:53:00-04:00,20117.75,20069.0,20361.5,2024-10-08 16:00:00-04:00,20286.25,time_exit,50000.0,0.25,125.0,100.5,100.5,100.5,40235.5,0.80471,168.5,674.0,337.0,2.5,334.5,skip_day_after_3_losses,1.0
237,2024-10-10,long,1,2024-10-10 10:06:00-04:00,20397.5,20339.5,20687.5,2024-10-10 16:00:00-04:00,20427.75,time_exit,50000.0,0.25,125.0,119.0,119.0,119.0,40795.0,0.8159,30.25,121.0,60.5,2.5,58.0,skip_day_after_3_losses,1.0
238,2024-10-11,long,1,2024-10-11 09:52:00-04:00,20364.75,20312.75,20624.75,2024-10-11 16:00:00-04:00,20448.75,time_exit,50000.0,0.25,125.0,107.0,107.0,107.0,40729.5,0.81459,84.0,336.0,168.0,2.5,165.5,skip_day_after_3_losses,1.0
239,2024-11-08,long,1,2024-11-08 16:00:00-05:00,21234.5,21185.75,21478.25,2024-11-08 16:00:00-05:00,21239.25,time_exit,50000.0,0.25,125.0,100.5,100.5,100.5,42469.0,0.84938,4.75,19.0,9.5,2.5,7.0,skip_day_after_3_losses,1.0
240,2024-11-13,long,1,2024-11-13 12:09:00-05:00,21186.75,21138.5,21428.0,2024-11-13 15:54:00-05:00,21138.25,stop,50000.0,0.25,125.0,99.5,99.5,99.5,42373.5,0.84747,-48.5,-194.0,-97.0,2.5,-99.5,skip_day_after_3_losses,1.0
241,2024-12-04,long,1,2024-12-04 10:08:00-05:00,21440.5,21387.75,21704.25,2024-12-04 16:00:00-05:00,21529.75,time_exit,50000.0,0.25,125.0,108.5,108.5,108.5,42881.0,0.85762,89.25,357.0,178.5,2.5,176.0,skip_day_after_3_losses,1.0
242,2024-12-12,long,1,2024-12-12 10:24:00-05:00,21698.75,21655.25,21916.25,2024-12-12 15:13:00-05:00,21655.0,stop,50000.0,0.25,125.0,90.0,90.0,90.0,43397.5,0.86795,-43.75,-175.0,-87.5,2.5,-90.0,skip_day_after_3_losses,1.0
243,2024-12-26,long,1,2024-12-26 10:39:00-05:00,22009.75,21954.75,22284.75,2024-12-26 16:00:00-05:00,22005.0,time_exit,50000.0,0.25,125.0,113.0,113.0,113.0,44019.5,0.88039,-4.75,-19.0,-9.5,2.5,-12.0,skip_day_after_3_losses,1.0
244,2025-01-23,long,1,2025-01-23 10:35:00-05:00,21921.0,21865.5,22198.5,2025-01-23 16:00:00-05:00,22043.0,time_exit,50000.0,0.25,125.0,114.0,114.0,114.0,43842.0,0.87684,122.0,488.0,244.0,2.5,241.5,skip_day_after_3_losses,1.0
245,2025-01-24,long,1,2025-01-24 09:47:00-05:00,22054.0,21999.5,22326.5,2025-01-24 10:16:00-05:00,21999.25,stop,50000.0,0.25,125.0,112.0,112.0,112.0,44108.0,0.88216,-54.75,-219.0,-109.5,2.5,-112.0,skip_day_after_3_losses,1.0
246,2025-02-14,long,1,2025-02-14 09:52:00-05:00,22138.5,22087.5,22393.5,2025-02-14 16:00:00-05:00,22185.25,time_exit,50000.0,0.25,125.0,105.0,105.0,105.0,44277.0,0.88554,46.75,187.0,93.5,2.5,91.0,skip_day_after_3_losses,1.0
247,2025-02-19,long,1,2025-02-19 11:16:00-05:00,22223.0,22172.25,22476.75,2025-02-19 16:00:00-05:00,22225.0,time_exit,50000.0,0.25,125.0,104.5,104.5,104.5,44446.0,0.88892,2.0,8.0,4.0,2.5,1.5,skip_day_after_3_losses,1.0
248,2025-05-20,long,1,2025-05-20 10:41:00-04:00,21441.75,21390.0,21700.5,2025-05-20 11:00:00-04:00,21389.75,stop,50000.0,0.25,125.0,106.5,106.5,106.5,42883.5,0.85767,-52.0,-208.0,-104.0,2.5,-106.5,skip_day_after_3_losses,1.0
249,2025-07-01,long,1,2025-07-01 09:52:00-04:00,22830.25,22779.25,23085.25,2025-07-01 10:22:00-04:00,22779.0,stop,50000.0,0.25,125.0,105.0,105.0,105.0,45660.5,0.91321,-51.25,-205.0,-102.5,2.5,-105.0,skip_day_after_3_losses,1.0
250,2025-07-25,long,1,2025-07-25 09:50:00-04:00,23384.5,23329.75,23658.25,2025-07-25 16:00:00-04:00,23420.0,time_exit,50000.0,0.25,125.0,112.5,112.5,112.5,46769.0,0.93538,35.5,142.0,71.0,2.5,68.5,skip_day_after_3_losses,1.0
251,2025-07-28,long,1,2025-07-28 09:46:00-04:00,23512.75,23462.0,23766.5,2025-07-28 11:19:00-04:00,23461.75,stop,50000.0,0.25,125.0,104.5,104.5,104.5,47025.5,0.94051,-51.0,-204.0,-102.0,2.5,-104.5,skip_day_after_3_losses,1.0
252,2025-08-11,long,1,2025-08-11 09:58:00-04:00,23739.5,23680.5,24034.5,2025-08-11 14:04:00-04:00,23680.25,stop,50000.0,0.25,125.0,121.0,121.0,121.0,47479.0,0.94958,-59.25,-237.0,-118.5,2.5,-121.0,skip_day_after_3_losses,1.0
253,2025-08-18,long,1,2025-08-18 10:26:00-04:00,23819.5,23767.25,24080.75,2025-08-18 10:30:00-04:00,23767.0,stop,50000.0,0.25,125.0,107.5,107.5,107.5,47639.0,0.95278,-52.5,-210.0,-105.0,2.5,-107.5,skip_day_after_3_losses,1.0
254,2025-08-26,long,1,2025-08-26 10:11:00-04:00,23519.25,23462.75,23801.75,2025-08-26 16:00:00-04:00,23588.75,time_exit,50000.0,0.25,125.0,116.0,116.0,116.0,47038.5,0.94077,69.5,278.0,139.0,2.5,136.5,skip_day_after_3_losses,1.0
255,2025-08-27,long,1,2025-08-27 10:15:00-04:00,23566.75,23513.25,23834.25,2025-08-27 16:00:00-04:00,23625.75,time_exit,50000.0,0.25,125.0,110.0,110.0,110.0,47133.5,0.94267,59.0,236.0,118.0,2.5,115.5,skip_day_after_3_losses,1.0
256,2025-09-09,long,1,2025-09-09 15:57:00-04:00,23875.25,23814.5,24179.0,2025-09-09 16:00:00-04:00,23860.25,time_exit,50000.0,0.25,125.0,124.5,124.5,124.5,47750.5,0.95501,-15.0,-60.0,-30.0,2.5,-32.5,skip_day_after_3_losses,1.0
257,2025-09-15,long,1,2025-09-15 09:50:00-04:00,24229.0,24171.5,24516.5,2025-09-15 16:00:00-04:00,24296.0,time_exit,50000.0,0.25,125.0,118.0,118.0,118.0,48458.0,0.96916,67.0,268.0,134.0,2.5,131.5,skip_day_after_3_losses,1.0
258,2025-09-19,long,1,2025-09-19 09:50:00-04:00,24793.5,24736.75,25077.25,2025-09-19 10:47:00-04:00,24736.5,stop,50000.0,0.25,125.0,116.5,116.5,116.5,49587.0,0.99174,-57.0,-228.0,-114.0,2.5,-116.5,skip_day_after_3_losses,1.0
259,2025-09-22,long,1,2025-09-22 09:49:00-04:00,24859.25,24813.75,25086.75,2025-09-22 16:00:00-04:00,24989.0,time_exit,50000.0,0.25,125.0,94.0,94.0,94.0,49718.5,0.99437,129.75,519.0,259.5,2.5,257.0,skip_day_after_3_losses,1.0
260,2025-10-29,long,1,2025-10-29 09:53:00-04:00,26296.75,26253.75,26511.75,2025-10-29 10:50:00-04:00,26253.5,stop,50000.0,0.25,125.0,89.0,89.0,89.0,52593.5,1.05187,-43.25,-173.0,-86.5,2.5,-89.0,skip_day_after_3_losses,1.0
